2025-11-17 20:25:39.680+02:00 WARN  c.m.a.a.i.c.ConfigurationBuilder - "Sampling overrides" is no longer in preview and it has been GA since 3.5.0 GA,
2025-11-17 20:25:40.150+02:00 ERROR c.m.applicationinsights.agent - Application Insights Java Agent 3.7.5 startup failed (PID 30416)
java.lang.IllegalArgumentException: Missing 'InstrumentationKey'
	at com.azure.monitor.opentelemetry.autoconfigure.implementation.configuration.ConnectionStringBuilder.mapToConnectionConfiguration(ConnectionStringBuilder.java:87)
	at com.azure.monitor.opentelemetry.autoconfigure.implementation.configuration.ConnectionStringBuilder.setConnectionString(ConnectionStringBuilder.java:43)
	at com.azure.monitor.opentelemetry.autoconfigure.implementation.configuration.ConnectionString.lambda$parse$0(ConnectionString.java:37)
	at java.base/java.util.concurrent.ConcurrentHashMap.computeIfAbsent(ConcurrentHashMap.java:1724)
	at com.azure.monitor.opentelemetry.autoconfigure.implementation.configuration.ConnectionString.parse(ConnectionString.java:36)
	at com.microsoft.applicationinsights.agent.internal.telemetry.TelemetryClient$Builder.setConnectionStrings(TelemetryClient.java:502)
	at com.microsoft.applicationinsights.agent.internal.init.SecondEntryPoint.customize(SecondEntryPoint.java:143)
	at io.opentelemetry.sdk.autoconfigure.AutoConfiguredOpenTelemetrySdkBuilder.buildImpl(AutoConfiguredOpenTelemetrySdkBuilder.java:454)
	at io.opentelemetry.sdk.autoconfigure.AutoConfiguredOpenTelemetrySdkBuilder.lambda$build$12(AutoConfiguredOpenTelemetrySdkBuilder.java:435)
	at io.opentelemetry.javaagent.shaded.io.opentelemetry.api.GlobalOpenTelemetry.set(GlobalOpenTelemetry.java:130)
	at io.opentelemetry.sdk.autoconfigure.AutoConfiguredOpenTelemetrySdkBuilder.build(AutoConfiguredOpenTelemetrySdkBuilder.java:433)
	at io.opentelemetry.javaagent.tooling.OpenTelemetryInstaller.installOpenTelemetrySdk(OpenTelemetryInstaller.java:34)
	at io.opentelemetry.javaagent.tooling.AgentInstaller.installBytebuddyAgent(AgentInstaller.java:165)
	at io.opentelemetry.javaagent.tooling.AgentInstaller.installBytebuddyAgent(AgentInstaller.java:112)
	at io.opentelemetry.javaagent.tooling.AgentStarterImpl.start(AgentStarterImpl.java:104)
	at io.opentelemetry.javaagent.bootstrap.AgentInitializer$2.run(AgentInitializer.java:66)
	at io.opentelemetry.javaagent.bootstrap.AgentInitializer$2.run(AgentInitializer.java:60)
	at io.opentelemetry.javaagent.bootstrap.AgentInitializer.execute(AgentInitializer.java:82)
	at io.opentelemetry.javaagent.bootstrap.AgentInitializer.initialize(AgentInitializer.java:59)
	at io.opentelemetry.javaagent.OpenTelemetryAgent.startAgent(OpenTelemetryAgent.java:59)
	at io.opentelemetry.javaagent.OpenTelemetryAgent.premain(OpenTelemetryAgent.java:46)
	at com.microsoft.applicationinsights.agent.Agent.premain(Agent.java:38)
	at com.microsoft.applicationinsights.agent.Agent.agentmain(Agent.java:44)
	at java.base/jdk.internal.reflect.DirectMethodHandleAccessor.invoke(DirectMethodHandleAccessor.java:104)
	at java.base/java.lang.reflect.Method.invoke(Method.java:565)
	at java.instrument/sun.instrument.InstrumentationImpl.loadClassAndStartAgent(InstrumentationImpl.java:544)
	at java.instrument/sun.instrument.InstrumentationImpl.loadClassAndCallAgentmain(InstrumentationImpl.java:566)
2025-11-17 20:29:22.151+02:00 WARN  c.m.a.a.i.c.ConfigurationBuilder - "Sampling overrides" is no longer in preview and it has been GA since 3.5.0 GA,
2025-11-17 20:29:22.551+02:00 ERROR c.m.applicationinsights.agent - Application Insights Java Agent 3.7.5 startup failed (PID 30332)
java.lang.IllegalArgumentException: Missing 'InstrumentationKey'
	at com.azure.monitor.opentelemetry.autoconfigure.implementation.configuration.ConnectionStringBuilder.mapToConnectionConfiguration(ConnectionStringBuilder.java:87)
	at com.azure.monitor.opentelemetry.autoconfigure.implementation.configuration.ConnectionStringBuilder.setConnectionString(ConnectionStringBuilder.java:43)
	at com.azure.monitor.opentelemetry.autoconfigure.implementation.configuration.ConnectionString.lambda$parse$0(ConnectionString.java:37)
	at java.base/java.util.concurrent.ConcurrentHashMap.computeIfAbsent(ConcurrentHashMap.java:1724)
	at com.azure.monitor.opentelemetry.autoconfigure.implementation.configuration.ConnectionString.parse(ConnectionString.java:36)
	at com.microsoft.applicationinsights.agent.internal.telemetry.TelemetryClient$Builder.setConnectionStrings(TelemetryClient.java:502)
	at com.microsoft.applicationinsights.agent.internal.init.SecondEntryPoint.customize(SecondEntryPoint.java:143)
	at io.opentelemetry.sdk.autoconfigure.AutoConfiguredOpenTelemetrySdkBuilder.buildImpl(AutoConfiguredOpenTelemetrySdkBuilder.java:454)
	at io.opentelemetry.sdk.autoconfigure.AutoConfiguredOpenTelemetrySdkBuilder.lambda$build$12(AutoConfiguredOpenTelemetrySdkBuilder.java:435)
	at io.opentelemetry.javaagent.shaded.io.opentelemetry.api.GlobalOpenTelemetry.set(GlobalOpenTelemetry.java:130)
	at io.opentelemetry.sdk.autoconfigure.AutoConfiguredOpenTelemetrySdkBuilder.build(AutoConfiguredOpenTelemetrySdkBuilder.java:433)
	at io.opentelemetry.javaagent.tooling.OpenTelemetryInstaller.installOpenTelemetrySdk(OpenTelemetryInstaller.java:34)
	at io.opentelemetry.javaagent.tooling.AgentInstaller.installBytebuddyAgent(AgentInstaller.java:165)
	at io.opentelemetry.javaagent.tooling.AgentInstaller.installBytebuddyAgent(AgentInstaller.java:112)
	at io.opentelemetry.javaagent.tooling.AgentStarterImpl.start(AgentStarterImpl.java:104)
	at io.opentelemetry.javaagent.bootstrap.AgentInitializer$2.run(AgentInitializer.java:66)
	at io.opentelemetry.javaagent.bootstrap.AgentInitializer$2.run(AgentInitializer.java:60)
	at io.opentelemetry.javaagent.bootstrap.AgentInitializer.execute(AgentInitializer.java:82)
	at io.opentelemetry.javaagent.bootstrap.AgentInitializer.initialize(AgentInitializer.java:59)
	at io.opentelemetry.javaagent.OpenTelemetryAgent.startAgent(OpenTelemetryAgent.java:59)
	at io.opentelemetry.javaagent.OpenTelemetryAgent.premain(OpenTelemetryAgent.java:46)
	at com.microsoft.applicationinsights.agent.Agent.premain(Agent.java:38)
	at com.microsoft.applicationinsights.agent.Agent.agentmain(Agent.java:44)
	at java.base/jdk.internal.reflect.DirectMethodHandleAccessor.invoke(DirectMethodHandleAccessor.java:104)
	at java.base/java.lang.reflect.Method.invoke(Method.java:565)
	at java.instrument/sun.instrument.InstrumentationImpl.loadClassAndStartAgent(InstrumentationImpl.java:544)
	at java.instrument/sun.instrument.InstrumentationImpl.loadClassAndCallAgentmain(InstrumentationImpl.java:566)
2025-11-17 20:30:06.859+02:00 WARN  c.m.a.a.i.c.ConfigurationBuilder - "Sampling overrides" is no longer in preview and it has been GA since 3.5.0 GA,
2025-11-17 20:30:07.250+02:00 ERROR c.m.applicationinsights.agent - Application Insights Java Agent 3.7.5 startup failed (PID 10832)
java.lang.IllegalArgumentException: Missing 'InstrumentationKey'
	at com.azure.monitor.opentelemetry.autoconfigure.implementation.configuration.ConnectionStringBuilder.mapToConnectionConfiguration(ConnectionStringBuilder.java:87)
	at com.azure.monitor.opentelemetry.autoconfigure.implementation.configuration.ConnectionStringBuilder.setConnectionString(ConnectionStringBuilder.java:43)
	at com.azure.monitor.opentelemetry.autoconfigure.implementation.configuration.ConnectionString.lambda$parse$0(ConnectionString.java:37)
	at java.base/java.util.concurrent.ConcurrentHashMap.computeIfAbsent(ConcurrentHashMap.java:1724)
	at com.azure.monitor.opentelemetry.autoconfigure.implementation.configuration.ConnectionString.parse(ConnectionString.java:36)
	at com.microsoft.applicationinsights.agent.internal.telemetry.TelemetryClient$Builder.setConnectionStrings(TelemetryClient.java:502)
	at com.microsoft.applicationinsights.agent.internal.init.SecondEntryPoint.customize(SecondEntryPoint.java:143)
	at io.opentelemetry.sdk.autoconfigure.AutoConfiguredOpenTelemetrySdkBuilder.buildImpl(AutoConfiguredOpenTelemetrySdkBuilder.java:454)
	at io.opentelemetry.sdk.autoconfigure.AutoConfiguredOpenTelemetrySdkBuilder.lambda$build$12(AutoConfiguredOpenTelemetrySdkBuilder.java:435)
	at io.opentelemetry.javaagent.shaded.io.opentelemetry.api.GlobalOpenTelemetry.set(GlobalOpenTelemetry.java:130)
	at io.opentelemetry.sdk.autoconfigure.AutoConfiguredOpenTelemetrySdkBuilder.build(AutoConfiguredOpenTelemetrySdkBuilder.java:433)
	at io.opentelemetry.javaagent.tooling.OpenTelemetryInstaller.installOpenTelemetrySdk(OpenTelemetryInstaller.java:34)
	at io.opentelemetry.javaagent.tooling.AgentInstaller.installBytebuddyAgent(AgentInstaller.java:165)
	at io.opentelemetry.javaagent.tooling.AgentInstaller.installBytebuddyAgent(AgentInstaller.java:112)
	at io.opentelemetry.javaagent.tooling.AgentStarterImpl.start(AgentStarterImpl.java:104)
	at io.opentelemetry.javaagent.bootstrap.AgentInitializer$2.run(AgentInitializer.java:66)
	at io.opentelemetry.javaagent.bootstrap.AgentInitializer$2.run(AgentInitializer.java:60)
	at io.opentelemetry.javaagent.bootstrap.AgentInitializer.execute(AgentInitializer.java:82)
	at io.opentelemetry.javaagent.bootstrap.AgentInitializer.initialize(AgentInitializer.java:59)
	at io.opentelemetry.javaagent.OpenTelemetryAgent.startAgent(OpenTelemetryAgent.java:59)
	at io.opentelemetry.javaagent.OpenTelemetryAgent.premain(OpenTelemetryAgent.java:46)
	at com.microsoft.applicationinsights.agent.Agent.premain(Agent.java:38)
	at com.microsoft.applicationinsights.agent.Agent.agentmain(Agent.java:44)
	at java.base/jdk.internal.reflect.DirectMethodHandleAccessor.invoke(DirectMethodHandleAccessor.java:104)
	at java.base/java.lang.reflect.Method.invoke(Method.java:565)
	at java.instrument/sun.instrument.InstrumentationImpl.loadClassAndStartAgent(InstrumentationImpl.java:544)
	at java.instrument/sun.instrument.InstrumentationImpl.loadClassAndCallAgentmain(InstrumentationImpl.java:566)
2025-11-17 20:33:12.072+02:00 WARN  c.m.a.a.i.c.ConfigurationBuilder - "Sampling overrides" is no longer in preview and it has been GA since 3.5.0 GA,
2025-11-17 20:33:12.456+02:00 ERROR c.m.applicationinsights.agent - Application Insights Java Agent 3.7.5 startup failed (PID 29560)
java.lang.IllegalArgumentException: Missing 'InstrumentationKey'
	at com.azure.monitor.opentelemetry.autoconfigure.implementation.configuration.ConnectionStringBuilder.mapToConnectionConfiguration(ConnectionStringBuilder.java:87)
	at com.azure.monitor.opentelemetry.autoconfigure.implementation.configuration.ConnectionStringBuilder.setConnectionString(ConnectionStringBuilder.java:43)
	at com.azure.monitor.opentelemetry.autoconfigure.implementation.configuration.ConnectionString.lambda$parse$0(ConnectionString.java:37)
	at java.base/java.util.concurrent.ConcurrentHashMap.computeIfAbsent(ConcurrentHashMap.java:1724)
	at com.azure.monitor.opentelemetry.autoconfigure.implementation.configuration.ConnectionString.parse(ConnectionString.java:36)
	at com.microsoft.applicationinsights.agent.internal.telemetry.TelemetryClient$Builder.setConnectionStrings(TelemetryClient.java:502)
	at com.microsoft.applicationinsights.agent.internal.init.SecondEntryPoint.customize(SecondEntryPoint.java:143)
	at io.opentelemetry.sdk.autoconfigure.AutoConfiguredOpenTelemetrySdkBuilder.buildImpl(AutoConfiguredOpenTelemetrySdkBuilder.java:454)
	at io.opentelemetry.sdk.autoconfigure.AutoConfiguredOpenTelemetrySdkBuilder.lambda$build$12(AutoConfiguredOpenTelemetrySdkBuilder.java:435)
	at io.opentelemetry.javaagent.shaded.io.opentelemetry.api.GlobalOpenTelemetry.set(GlobalOpenTelemetry.java:130)
	at io.opentelemetry.sdk.autoconfigure.AutoConfiguredOpenTelemetrySdkBuilder.build(AutoConfiguredOpenTelemetrySdkBuilder.java:433)
	at io.opentelemetry.javaagent.tooling.OpenTelemetryInstaller.installOpenTelemetrySdk(OpenTelemetryInstaller.java:34)
	at io.opentelemetry.javaagent.tooling.AgentInstaller.installBytebuddyAgent(AgentInstaller.java:165)
	at io.opentelemetry.javaagent.tooling.AgentInstaller.installBytebuddyAgent(AgentInstaller.java:112)
	at io.opentelemetry.javaagent.tooling.AgentStarterImpl.start(AgentStarterImpl.java:104)
	at io.opentelemetry.javaagent.bootstrap.AgentInitializer$2.run(AgentInitializer.java:66)
	at io.opentelemetry.javaagent.bootstrap.AgentInitializer$2.run(AgentInitializer.java:60)
	at io.opentelemetry.javaagent.bootstrap.AgentInitializer.execute(AgentInitializer.java:82)
	at io.opentelemetry.javaagent.bootstrap.AgentInitializer.initialize(AgentInitializer.java:59)
	at io.opentelemetry.javaagent.OpenTelemetryAgent.startAgent(OpenTelemetryAgent.java:59)
	at io.opentelemetry.javaagent.OpenTelemetryAgent.premain(OpenTelemetryAgent.java:46)
	at com.microsoft.applicationinsights.agent.Agent.premain(Agent.java:38)
	at com.microsoft.applicationinsights.agent.Agent.agentmain(Agent.java:44)
	at java.base/jdk.internal.reflect.DirectMethodHandleAccessor.invoke(DirectMethodHandleAccessor.java:104)
	at java.base/java.lang.reflect.Method.invoke(Method.java:565)
	at java.instrument/sun.instrument.InstrumentationImpl.loadClassAndStartAgent(InstrumentationImpl.java:544)
	at java.instrument/sun.instrument.InstrumentationImpl.loadClassAndCallAgentmain(InstrumentationImpl.java:566)
2025-11-17 20:34:02.074+02:00 WARN  c.m.a.a.i.c.ConfigurationBuilder - "Sampling overrides" is no longer in preview and it has been GA since 3.5.0 GA,
2025-11-17 20:34:02.457+02:00 ERROR c.m.applicationinsights.agent - Application Insights Java Agent 3.7.5 startup failed (PID 28240)
java.lang.IllegalArgumentException: Missing 'InstrumentationKey'
	at com.azure.monitor.opentelemetry.autoconfigure.implementation.configuration.ConnectionStringBuilder.mapToConnectionConfiguration(ConnectionStringBuilder.java:87)
	at com.azure.monitor.opentelemetry.autoconfigure.implementation.configuration.ConnectionStringBuilder.setConnectionString(ConnectionStringBuilder.java:43)
	at com.azure.monitor.opentelemetry.autoconfigure.implementation.configuration.ConnectionString.lambda$parse$0(ConnectionString.java:37)
	at java.base/java.util.concurrent.ConcurrentHashMap.computeIfAbsent(ConcurrentHashMap.java:1724)
	at com.azure.monitor.opentelemetry.autoconfigure.implementation.configuration.ConnectionString.parse(ConnectionString.java:36)
	at com.microsoft.applicationinsights.agent.internal.telemetry.TelemetryClient$Builder.setConnectionStrings(TelemetryClient.java:502)
	at com.microsoft.applicationinsights.agent.internal.init.SecondEntryPoint.customize(SecondEntryPoint.java:143)
	at io.opentelemetry.sdk.autoconfigure.AutoConfiguredOpenTelemetrySdkBuilder.buildImpl(AutoConfiguredOpenTelemetrySdkBuilder.java:454)
	at io.opentelemetry.sdk.autoconfigure.AutoConfiguredOpenTelemetrySdkBuilder.lambda$build$12(AutoConfiguredOpenTelemetrySdkBuilder.java:435)
	at io.opentelemetry.javaagent.shaded.io.opentelemetry.api.GlobalOpenTelemetry.set(GlobalOpenTelemetry.java:130)
	at io.opentelemetry.sdk.autoconfigure.AutoConfiguredOpenTelemetrySdkBuilder.build(AutoConfiguredOpenTelemetrySdkBuilder.java:433)
	at io.opentelemetry.javaagent.tooling.OpenTelemetryInstaller.installOpenTelemetrySdk(OpenTelemetryInstaller.java:34)
	at io.opentelemetry.javaagent.tooling.AgentInstaller.installBytebuddyAgent(AgentInstaller.java:165)
	at io.opentelemetry.javaagent.tooling.AgentInstaller.installBytebuddyAgent(AgentInstaller.java:112)
	at io.opentelemetry.javaagent.tooling.AgentStarterImpl.start(AgentStarterImpl.java:104)
	at io.opentelemetry.javaagent.bootstrap.AgentInitializer$2.run(AgentInitializer.java:66)
	at io.opentelemetry.javaagent.bootstrap.AgentInitializer$2.run(AgentInitializer.java:60)
	at io.opentelemetry.javaagent.bootstrap.AgentInitializer.execute(AgentInitializer.java:82)
	at io.opentelemetry.javaagent.bootstrap.AgentInitializer.initialize(AgentInitializer.java:59)
	at io.opentelemetry.javaagent.OpenTelemetryAgent.startAgent(OpenTelemetryAgent.java:59)
	at io.opentelemetry.javaagent.OpenTelemetryAgent.premain(OpenTelemetryAgent.java:46)
	at com.microsoft.applicationinsights.agent.Agent.premain(Agent.java:38)
	at com.microsoft.applicationinsights.agent.Agent.agentmain(Agent.java:44)
	at java.base/jdk.internal.reflect.DirectMethodHandleAccessor.invoke(DirectMethodHandleAccessor.java:104)
	at java.base/java.lang.reflect.Method.invoke(Method.java:565)
	at java.instrument/sun.instrument.InstrumentationImpl.loadClassAndStartAgent(InstrumentationImpl.java:544)
	at java.instrument/sun.instrument.InstrumentationImpl.loadClassAndCallAgentmain(InstrumentationImpl.java:566)
2025-11-17 20:38:11.108+02:00 WARN  c.m.a.a.i.c.ConfigurationBuilder - "Sampling overrides" is no longer in preview and it has been GA since 3.5.0 GA,
2025-11-17 20:38:11.481+02:00 ERROR c.m.applicationinsights.agent - Application Insights Java Agent 3.7.5 startup failed (PID 15364)
java.lang.IllegalArgumentException: Missing 'InstrumentationKey'
	at com.azure.monitor.opentelemetry.autoconfigure.implementation.configuration.ConnectionStringBuilder.mapToConnectionConfiguration(ConnectionStringBuilder.java:87)
	at com.azure.monitor.opentelemetry.autoconfigure.implementation.configuration.ConnectionStringBuilder.setConnectionString(ConnectionStringBuilder.java:43)
	at com.azure.monitor.opentelemetry.autoconfigure.implementation.configuration.ConnectionString.lambda$parse$0(ConnectionString.java:37)
	at java.base/java.util.concurrent.ConcurrentHashMap.computeIfAbsent(ConcurrentHashMap.java:1724)
	at com.azure.monitor.opentelemetry.autoconfigure.implementation.configuration.ConnectionString.parse(ConnectionString.java:36)
	at com.microsoft.applicationinsights.agent.internal.telemetry.TelemetryClient$Builder.setConnectionStrings(TelemetryClient.java:502)
	at com.microsoft.applicationinsights.agent.internal.init.SecondEntryPoint.customize(SecondEntryPoint.java:143)
	at io.opentelemetry.sdk.autoconfigure.AutoConfiguredOpenTelemetrySdkBuilder.buildImpl(AutoConfiguredOpenTelemetrySdkBuilder.java:454)
	at io.opentelemetry.sdk.autoconfigure.AutoConfiguredOpenTelemetrySdkBuilder.lambda$build$12(AutoConfiguredOpenTelemetrySdkBuilder.java:435)
	at io.opentelemetry.javaagent.shaded.io.opentelemetry.api.GlobalOpenTelemetry.set(GlobalOpenTelemetry.java:130)
	at io.opentelemetry.sdk.autoconfigure.AutoConfiguredOpenTelemetrySdkBuilder.build(AutoConfiguredOpenTelemetrySdkBuilder.java:433)
	at io.opentelemetry.javaagent.tooling.OpenTelemetryInstaller.installOpenTelemetrySdk(OpenTelemetryInstaller.java:34)
	at io.opentelemetry.javaagent.tooling.AgentInstaller.installBytebuddyAgent(AgentInstaller.java:165)
	at io.opentelemetry.javaagent.tooling.AgentInstaller.installBytebuddyAgent(AgentInstaller.java:112)
	at io.opentelemetry.javaagent.tooling.AgentStarterImpl.start(AgentStarterImpl.java:104)
	at io.opentelemetry.javaagent.bootstrap.AgentInitializer$2.run(AgentInitializer.java:66)
	at io.opentelemetry.javaagent.bootstrap.AgentInitializer$2.run(AgentInitializer.java:60)
	at io.opentelemetry.javaagent.bootstrap.AgentInitializer.execute(AgentInitializer.java:82)
	at io.opentelemetry.javaagent.bootstrap.AgentInitializer.initialize(AgentInitializer.java:59)
	at io.opentelemetry.javaagent.OpenTelemetryAgent.startAgent(OpenTelemetryAgent.java:59)
	at io.opentelemetry.javaagent.OpenTelemetryAgent.premain(OpenTelemetryAgent.java:46)
	at com.microsoft.applicationinsights.agent.Agent.premain(Agent.java:38)
	at com.microsoft.applicationinsights.agent.Agent.agentmain(Agent.java:44)
	at java.base/jdk.internal.reflect.DirectMethodHandleAccessor.invoke(DirectMethodHandleAccessor.java:104)
	at java.base/java.lang.reflect.Method.invoke(Method.java:565)
	at java.instrument/sun.instrument.InstrumentationImpl.loadClassAndStartAgent(InstrumentationImpl.java:544)
	at java.instrument/sun.instrument.InstrumentationImpl.loadClassAndCallAgentmain(InstrumentationImpl.java:566)
2025-11-17 20:38:53.296+02:00 WARN  c.m.a.a.i.c.ConfigurationBuilder - "Sampling overrides" is no longer in preview and it has been GA since 3.5.0 GA,
2025-11-17 20:38:54.523+02:00 INFO  c.m.applicationinsights.agent - Application Insights Java Agent 3.7.5 started successfully (PID 30552, JVM running for 2.7 s)
2025-11-17 20:38:54.524+02:00 INFO  c.m.applicationinsights.agent - Java version: 24.0.2, vendor: Oracle Corporation, home: C:\Users\SuperD\.jdks\openjdk-24.0.2
2025-11-17 20:40:03.756+02:00 ERROR c.a.c.h.netty.NettyAsyncHttpClient - io.netty.channel.ConnectTimeoutException: connection timed out after 10000 ms: /169.254.169.254:80
2025-11-17 20:43:10.872+02:00 WARN  c.m.a.a.i.c.ConfigurationBuilder - "Sampling overrides" is no longer in preview and it has been GA since 3.5.0 GA,
2025-11-17 20:43:11.158+02:00 ERROR c.m.applicationinsights.agent - 
*************************
Application Insights Java Agent 3.7.5 startup failed (PID 30572)
*************************

Description:
No connection string provided

Action:
Please provide connection string: https://go.microsoft.com/fwlink/?linkid=2153358

2025-11-17 20:43:45.457+02:00 WARN  c.m.a.a.i.c.ConfigurationBuilder - "Sampling overrides" is no longer in preview and it has been GA since 3.5.0 GA,
2025-11-17 20:43:45.818+02:00 ERROR c.m.applicationinsights.agent - 
*************************
Application Insights Java Agent 3.7.5 startup failed (PID 24728)
*************************

Description:
No connection string provided

Action:
Please provide connection string: https://go.microsoft.com/fwlink/?linkid=2153358

2025-11-17 20:54:42.378+02:00 WARN  c.m.a.a.i.c.ConfigurationBuilder - "Sampling overrides" is no longer in preview and it has been GA since 3.5.0 GA,
2025-11-17 20:54:43.560+02:00 INFO  c.m.applicationinsights.agent - Application Insights Java Agent 3.7.5 started successfully (PID 29996, JVM running for 2.863 s)
2025-11-17 20:54:43.561+02:00 INFO  c.m.applicationinsights.agent - Java version: 24.0.2, vendor: Oracle Corporation, home: C:\Users\SuperD\.jdks\openjdk-24.0.2
2025-11-17 20:55:52.845+02:00 ERROR c.a.c.h.netty.NettyAsyncHttpClient - io.netty.channel.ConnectTimeoutException: connection timed out after 10000 ms: /169.254.169.254:80
2025-11-17 21:01:37.995+02:00 WARN  c.m.a.a.i.c.ConfigurationBuilder - "Sampling overrides" is no longer in preview and it has been GA since 3.5.0 GA,
2025-11-17 21:01:39.209+02:00 INFO  c.m.applicationinsights.agent - Application Insights Java Agent 3.7.5 started successfully (PID 5704, JVM running for 2.73 s)
2025-11-17 21:01:39.211+02:00 INFO  c.m.applicationinsights.agent - Java version: 24.0.2, vendor: Oracle Corporation, home: C:\Users\SuperD\.jdks\openjdk-24.0.2
2025-11-17 21:03:30.573+02:00 WARN  c.m.a.a.i.c.ConfigurationBuilder - "Sampling overrides" is no longer in preview and it has been GA since 3.5.0 GA,
2025-11-17 21:03:31.929+02:00 INFO  c.m.applicationinsights.agent - Application Insights Java Agent 3.7.5 started successfully (PID 10516, JVM running for 2.829 s)
2025-11-17 21:03:31.930+02:00 INFO  c.m.applicationinsights.agent - Java version: 24.0.2, vendor: Oracle Corporation, home: C:\Users\SuperD\.jdks\openjdk-24.0.2
2025-11-17 21:04:41.068+02:00 ERROR c.a.c.h.netty.NettyAsyncHttpClient - io.netty.channel.ConnectTimeoutException: connection timed out after 10000 ms: /169.254.169.254:80
2025-11-17 21:09:50.679+02:00 WARN  c.a.c.i.s.HttpResponseBodyDecoder - Failed to deserialize the error entity.
Unsupported text Content-Type Type: class com.azure.monitor.opentelemetry.autoconfigure.implementation.quickpulse.swagger.models.ServiceError
2025-11-17 21:09:50.680+02:00 ERROR c.a.m.o.a.i.q.QuickPulseCoordinator - QuickPulseDataSender received an error while attempting to send data to quickpulse Status code 503, "The service is unavailable."
2025-11-17 21:26:15.622+02:00 WARN  c.a.c.i.s.HttpResponseBodyDecoder - Failed to deserialize the error entity.
Unsupported text Content-Type Type: class com.azure.monitor.opentelemetry.autoconfigure.implementation.quickpulse.swagger.models.ServiceError
2025-11-17 21:26:15.672+02:00 ERROR c.a.m.o.a.i.q.QuickPulseCoordinator - QuickPulseDataSender received an error while attempting to send data to quickpulse Status code 503, "The service is unavailable."
2025-11-17 21:32:13.886+02:00 ERROR c.a.m.o.a.i.q.QuickPulseCoordinator - QuickPulseDataSender received an error while attempting to send data to quickpulse java.net.SocketException: Connection reset
2025-11-17 21:32:24.967+02:00 ERROR c.a.m.o.a.i.q.QuickPulseCoordinator - QuickPulseDataSender received an error while attempting to send data to quickpulse java.net.UnknownHostException: No such host is known (westeurope.livediagnostics.monitor.azure.com)
2025-11-17 21:32:33.422+02:00 ERROR c.a.m.o.a.i.p.TelemetryPipeline - 
*************************
Failed to connect to https://westeurope-5.in.applicationinsights.azure.com/v2.1/track
*************************

Description:
Unable to resolve host in url

Action:
Please update your network configuration so that the host in this url can be resolved: https://westeurope-5.in.applicationinsights.azure.com/v2.1/track
Learn more about troubleshooting unknown host exception here: https://go.microsoft.com/fwlink/?linkid=2185830

Note:
This message is only logged the first time it occurs after startup.

2025-11-17 22:02:19.362+02:00 WARN  c.m.a.a.i.c.ConfigurationBuilder - "Sampling overrides" is no longer in preview and it has been GA since 3.5.0 GA,
2025-11-17 22:02:20.562+02:00 INFO  c.m.applicationinsights.agent - Application Insights Java Agent 3.7.5 started successfully (PID 34168, JVM running for 3.054 s)
2025-11-17 22:02:20.563+02:00 INFO  c.m.applicationinsights.agent - Java version: 24.0.2, vendor: Oracle Corporation, home: C:\Users\SuperD\.jdks\openjdk-24.0.2
2025-11-17 22:03:29.818+02:00 ERROR c.a.c.h.netty.NettyAsyncHttpClient - io.netty.channel.ConnectTimeoutException: connection timed out after 10000 ms: /169.254.169.254:80
2025-11-17 22:08:27.475+02:00 WARN  c.m.a.a.i.c.ConfigurationBuilder - "Sampling overrides" is no longer in preview and it has been GA since 3.5.0 GA,
2025-11-17 22:08:29.681+02:00 INFO  c.m.applicationinsights.agent - Application Insights Java Agent 3.7.5 started successfully (PID 29208, JVM running for 4.999 s)
2025-11-17 22:08:29.683+02:00 INFO  c.m.applicationinsights.agent - Java version: 24.0.2, vendor: Oracle Corporation, home: C:\Users\SuperD\.jdks\openjdk-24.0.2
2025-11-17 22:09:38.271+02:00 ERROR c.a.c.h.netty.NettyAsyncHttpClient - io.netty.channel.ConnectTimeoutException: connection timed out after 10000 ms: /169.254.169.254:80
2025-11-17 22:35:43.335+02:00 WARN  c.a.c.i.s.HttpResponseBodyDecoder - Failed to deserialize the error entity.
Unsupported text Content-Type Type: class com.azure.monitor.opentelemetry.autoconfigure.implementation.quickpulse.swagger.models.ServiceError
2025-11-17 22:35:43.337+02:00 ERROR c.a.m.o.a.i.q.QuickPulseCoordinator - QuickPulseDataSender received an error while attempting to send data to quickpulse Status code 503, "The service is unavailable."
2025-11-17 22:38:50.078+02:00 WARN  c.m.a.a.i.c.ConfigurationBuilder - "Sampling overrides" is no longer in preview and it has been GA since 3.5.0 GA,
2025-11-17 22:38:51.316+02:00 INFO  c.m.applicationinsights.agent - Application Insights Java Agent 3.7.5 started successfully (PID 32500, JVM running for 3.175 s)
2025-11-17 22:38:51.318+02:00 INFO  c.m.applicationinsights.agent - Java version: 24.0.2, vendor: Oracle Corporation, home: C:\Users\SuperD\.jdks\openjdk-24.0.2
2025-11-17 22:40:00.552+02:00 ERROR c.a.c.h.netty.NettyAsyncHttpClient - io.netty.channel.ConnectTimeoutException: connection timed out after 10000 ms: /169.254.169.254:80
2025-11-17 22:42:38.890+02:00 WARN  c.a.c.i.s.HttpResponseBodyDecoder - Failed to deserialize the error entity.
Unsupported text Content-Type Type: class com.azure.monitor.opentelemetry.autoconfigure.implementation.quickpulse.swagger.models.ServiceError
2025-11-17 22:42:38.891+02:00 ERROR c.a.m.o.a.i.q.QuickPulseCoordinator - QuickPulseDataSender received an error while attempting to send data to quickpulse Status code 503, "The service is unavailable."
2025-11-17 22:52:09.503+02:00 WARN  c.a.c.i.s.HttpResponseBodyDecoder - Failed to deserialize the error entity.
Unsupported text Content-Type Type: class com.azure.monitor.opentelemetry.autoconfigure.implementation.quickpulse.swagger.models.ServiceError
2025-11-17 22:52:09.520+02:00 WARN  c.a.m.o.a.i.q.QuickPulsePingSender - Pinging live metrics endpoint: Unsupported text Content-Type Type: class com.azure.monitor.opentelemetry.autoconfigure.implementation.quickpulse.swagger.models.ServiceError (future warnings will be aggregated and logged once every 5 minutes)
java.lang.IllegalStateException: Unsupported text Content-Type Type: class com.azure.monitor.opentelemetry.autoconfigure.implementation.quickpulse.swagger.models.ServiceError
	at com.azure.core.util.serializer.JacksonAdapter.deserializeText(JacksonAdapter.java:452)
	at com.azure.core.util.serializer.JacksonAdapter.lambda$deserialize$9(JacksonAdapter.java:353)
	at com.azure.core.util.serializer.JacksonAdapter.useAccessHelper(JacksonAdapter.java:488)
	at com.azure.core.util.serializer.JacksonAdapter.deserialize(JacksonAdapter.java:346)
	at com.azure.core.implementation.serializer.HttpResponseBodyDecoder.deserialize(HttpResponseBodyDecoder.java:176)
	at com.azure.core.implementation.serializer.HttpResponseBodyDecoder.deserializeBody(HttpResponseBodyDecoder.java:150)
	at com.azure.core.implementation.serializer.HttpResponseBodyDecoder.decodeByteArray(HttpResponseBodyDecoder.java:67)
	at com.azure.core.implementation.serializer.HttpResponseDecoder$HttpDecodedResponse.getDecodedBody(HttpResponseDecoder.java:93)
	at com.azure.core.implementation.http.rest.AsyncRestProxy.lambda$ensureExpectedStatus$1(AsyncRestProxy.java:136)
	at reactor.core.publisher.FluxMapFuseable$MapFuseableSubscriber.onNext(FluxMapFuseable.java:113)
	at reactor.core.publisher.Operators$ScalarSubscription.request(Operators.java:2570)
	at reactor.core.publisher.FluxMapFuseable$MapFuseableSubscriber.request(FluxMapFuseable.java:171)
	at reactor.core.publisher.Operators$MultiSubscriptionSubscriber.set(Operators.java:2366)
	at reactor.core.publisher.Operators$MultiSubscriptionSubscriber.onSubscribe(Operators.java:2240)
	at reactor.core.publisher.FluxMapFuseable$MapFuseableSubscriber.onSubscribe(FluxMapFuseable.java:96)
	at reactor.core.publisher.MonoJust.subscribe(MonoJust.java:55)
	at reactor.core.publisher.InternalMonoOperator.subscribe(InternalMonoOperator.java:76)
	at reactor.core.publisher.MonoFlatMap$FlatMapMain.onNext(MonoFlatMap.java:165)
	at reactor.core.publisher.FluxMapFuseable$MapFuseableSubscriber.onNext(FluxMapFuseable.java:129)
	at reactor.core.publisher.FluxHide$SuppressFuseableSubscriber.onNext(FluxHide.java:137)
	at reactor.core.publisher.MonoFlatMap$FlatMapMain.onNext(MonoFlatMap.java:158)
	at reactor.core.publisher.FluxOnErrorResume$ResumeSubscriber.onNext(FluxOnErrorResume.java:79)
	at reactor.core.publisher.MonoFlatMap$FlatMapMain.onNext(MonoFlatMap.java:158)
	at reactor.core.publisher.Operators$MonoInnerProducerBase.complete(Operators.java:2864)
	at reactor.core.publisher.MonoSingle$SingleSubscriber.onComplete(MonoSingle.java:180)
	at reactor.core.publisher.MonoFlatMapMany$FlatMapManyInner.onComplete(MonoFlatMapMany.java:261)
	at reactor.core.publisher.FluxContextWrite$ContextWriteSubscriber.onComplete(FluxContextWrite.java:126)
	at reactor.core.publisher.MonoUsing$MonoUsingSubscriber.onNext(MonoUsing.java:232)
	at reactor.core.publisher.FluxMap$MapSubscriber.onNext(FluxMap.java:122)
	at reactor.core.publisher.FluxSwitchIfEmpty$SwitchIfEmptySubscriber.onNext(FluxSwitchIfEmpty.java:74)
	at reactor.core.publisher.FluxHandle$HandleSubscriber.onNext(FluxHandle.java:129)
	at reactor.core.publisher.FluxMap$MapConditionalSubscriber.onNext(FluxMap.java:224)
	at reactor.core.publisher.FluxDoFinally$DoFinallySubscriber.onNext(FluxDoFinally.java:113)
	at reactor.core.publisher.FluxHandleFuseable$HandleFuseableSubscriber.onNext(FluxHandleFuseable.java:194)
	at reactor.core.publisher.FluxContextWrite$ContextWriteSubscriber.onNext(FluxContextWrite.java:107)
	at reactor.core.publisher.Operators$BaseFluxToMonoOperator.completePossiblyEmpty(Operators.java:2096)
	at reactor.core.publisher.MonoCollectList$MonoCollectListSubscriber.onComplete(MonoCollectList.java:118)
	at reactor.core.publisher.FluxPeek$PeekSubscriber.onComplete(FluxPeek.java:260)
	at reactor.core.publisher.FluxMap$MapSubscriber.onComplete(FluxMap.java:144)
	at reactor.netty.channel.FluxReceive.onInboundComplete(FluxReceive.java:413)
	at reactor.netty.channel.ChannelOperations.onInboundComplete(ChannelOperations.java:455)
	at reactor.netty.channel.ChannelOperations.terminate(ChannelOperations.java:509)
	at reactor.netty.http.client.HttpClientOperations.onInboundNext(HttpClientOperations.java:846)
	at reactor.netty.channel.ChannelOperationsHandler.channelRead(ChannelOperationsHandler.java:115)
	at io.netty.channel.AbstractChannelHandlerContext.fireChannelRead(AbstractChannelHandlerContext.java:356)
	at com.azure.core.http.netty.implementation.AzureSdkHandler.channelRead(AzureSdkHandler.java:224)
	at io.netty.channel.AbstractChannelHandlerContext.fireChannelRead(AbstractChannelHandlerContext.java:354)
	at io.netty.channel.CombinedChannelDuplexHandler$DelegatingChannelHandlerContext.fireChannelRead(CombinedChannelDuplexHandler.java:434)
	at io.netty.handler.codec.ByteToMessageDecoder.fireChannelRead(ByteToMessageDecoder.java:346)
	at io.netty.handler.codec.ByteToMessageDecoder.channelRead(ByteToMessageDecoder.java:318)
	at io.netty.channel.CombinedChannelDuplexHandler.channelRead(CombinedChannelDuplexHandler.java:249)
	at io.netty.channel.AbstractChannelHandlerContext.fireChannelRead(AbstractChannelHandlerContext.java:354)
	at io.netty.handler.ssl.SslHandler.unwrap(SslHandler.java:1540)
	at io.netty.handler.ssl.SslHandler.decodeJdkCompatible(SslHandler.java:1398)
	at io.netty.handler.ssl.SslHandler.decode(SslHandler.java:1449)
	at io.netty.handler.codec.ByteToMessageDecoder.decodeRemovalReentryProtection(ByteToMessageDecoder.java:530)
	at io.netty.handler.codec.ByteToMessageDecoder.callDecode(ByteToMessageDecoder.java:469)
	at io.netty.handler.codec.ByteToMessageDecoder.channelRead(ByteToMessageDecoder.java:290)
	at io.netty.channel.AbstractChannelHandlerContext.fireChannelRead(AbstractChannelHandlerContext.java:356)
	at io.netty.channel.DefaultChannelPipeline$HeadContext.channelRead(DefaultChannelPipeline.java:1429)
	at io.netty.channel.DefaultChannelPipeline.fireChannelRead(DefaultChannelPipeline.java:918)
	at io.netty.channel.nio.AbstractNioByteChannel$NioByteUnsafe.read(AbstractNioByteChannel.java:167)
	at io.netty.channel.nio.AbstractNioChannel$AbstractNioUnsafe.handle(AbstractNioChannel.java:445)
	at io.netty.channel.nio.NioIoHandler$DefaultNioRegistration.handle(NioIoHandler.java:381)
	at io.netty.channel.nio.NioIoHandler.processSelectedKey(NioIoHandler.java:575)
	at io.netty.channel.nio.NioIoHandler.processSelectedKeysOptimized(NioIoHandler.java:550)
	at io.netty.channel.nio.NioIoHandler.processSelectedKeys(NioIoHandler.java:491)
	at io.netty.channel.nio.NioIoHandler.run(NioIoHandler.java:468)
	at io.netty.channel.SingleThreadIoEventLoop.runIo(SingleThreadIoEventLoop.java:207)
	at io.netty.channel.SingleThreadIoEventLoop.run(SingleThreadIoEventLoop.java:178)
	at io.netty.util.concurrent.SingleThreadEventExecutor$5.run(SingleThreadEventExecutor.java:1073)
	at io.netty.util.internal.ThreadExecutorMap$2.run(ThreadExecutorMap.java:74)
	at io.netty.util.concurrent.FastThreadLocalRunnable.run(FastThreadLocalRunnable.java:30)
	at java.base/java.lang.Thread.run(Thread.java:1447)
2025-11-18 07:11:14.981+02:00 WARN  c.m.a.a.i.c.ConfigurationBuilder - "Sampling overrides" is no longer in preview and it has been GA since 3.5.0 GA,
2025-11-18 07:11:17.320+02:00 INFO  c.m.applicationinsights.agent - Application Insights Java Agent 3.7.5 started successfully (PID 32096, JVM running for 6.931 s)
2025-11-18 07:11:17.325+02:00 INFO  c.m.applicationinsights.agent - Java version: 24.0.2, vendor: Oracle Corporation, home: C:\Users\SuperD\.jdks\openjdk-24.0.2
2025-11-18 07:12:25.894+02:00 ERROR c.a.c.h.netty.NettyAsyncHttpClient - io.netty.channel.ConnectTimeoutException: connection timed out after 10000 ms: /169.254.169.254:80
2025-11-18 07:20:07.078+02:00 WARN  c.m.a.a.i.c.ConfigurationBuilder - "Sampling overrides" is no longer in preview and it has been GA since 3.5.0 GA,
2025-11-18 07:20:09.473+02:00 INFO  c.m.applicationinsights.agent - Application Insights Java Agent 3.7.5 started successfully (PID 38824, JVM running for 6.097 s)
2025-11-18 07:20:09.478+02:00 INFO  c.m.applicationinsights.agent - Java version: 24.0.2, vendor: Oracle Corporation, home: C:\Users\SuperD\.jdks\openjdk-24.0.2
2025-11-18 07:21:18.031+02:00 ERROR c.a.c.h.netty.NettyAsyncHttpClient - io.netty.channel.ConnectTimeoutException: connection timed out after 10000 ms: /169.254.169.254:80
2025-11-18 07:33:40.450+02:00 WARN  c.m.a.a.i.c.ConfigurationBuilder - "Sampling overrides" is no longer in preview and it has been GA since 3.5.0 GA,
2025-11-18 07:33:42.762+02:00 INFO  c.m.applicationinsights.agent - Application Insights Java Agent 3.7.5 started successfully (PID 7672, JVM running for 4.926 s)
2025-11-18 07:33:42.763+02:00 INFO  c.m.applicationinsights.agent - Java version: 24.0.2, vendor: Oracle Corporation, home: C:\Users\SuperD\.jdks\openjdk-24.0.2
2025-11-18 07:34:51.330+02:00 ERROR c.a.c.h.netty.NettyAsyncHttpClient - io.netty.channel.ConnectTimeoutException: connection timed out after 10000 ms: /169.254.169.254:80
2025-11-18 07:46:42.985+02:00 WARN  c.m.a.a.i.c.ConfigurationBuilder - "Sampling overrides" is no longer in preview and it has been GA since 3.5.0 GA,
2025-11-18 07:46:45.680+02:00 INFO  c.m.applicationinsights.agent - Application Insights Java Agent 3.7.5 started successfully (PID 11960, JVM running for 6.552 s)
2025-11-18 07:46:45.686+02:00 INFO  c.m.applicationinsights.agent - Java version: 24.0.2, vendor: Oracle Corporation, home: C:\Users\SuperD\.jdks\openjdk-24.0.2
2025-11-18 07:47:53.916+02:00 ERROR c.a.c.h.netty.NettyAsyncHttpClient - io.netty.channel.ConnectTimeoutException: connection timed out after 10000 ms: /169.254.169.254:80
2025-11-18 08:00:38.794+02:00 WARN  c.m.a.a.i.c.ConfigurationBuilder - "Sampling overrides" is no longer in preview and it has been GA since 3.5.0 GA,
2025-11-18 08:00:41.296+02:00 INFO  c.m.applicationinsights.agent - Application Insights Java Agent 3.7.5 started successfully (PID 19568, JVM running for 8.789 s)
2025-11-18 08:00:41.302+02:00 INFO  c.m.applicationinsights.agent - Java version: 24.0.2, vendor: Oracle Corporation, home: C:\Users\SuperD\.jdks\openjdk-24.0.2
2025-11-18 08:01:49.907+02:00 ERROR c.a.c.h.netty.NettyAsyncHttpClient - io.netty.channel.ConnectTimeoutException: connection timed out after 10000 ms: /169.254.169.254:80
2025-11-18 08:50:01.385+02:00 WARN  c.a.c.i.s.HttpResponseBodyDecoder - Failed to deserialize the error entity.
Unsupported text Content-Type Type: class com.azure.monitor.opentelemetry.autoconfigure.implementation.quickpulse.swagger.models.ServiceError
2025-11-18 08:50:01.409+02:00 WARN  c.a.m.o.a.i.q.QuickPulsePingSender - Pinging live metrics endpoint: Unsupported text Content-Type Type: class com.azure.monitor.opentelemetry.autoconfigure.implementation.quickpulse.swagger.models.ServiceError (future warnings will be aggregated and logged once every 5 minutes)
java.lang.IllegalStateException: Unsupported text Content-Type Type: class com.azure.monitor.opentelemetry.autoconfigure.implementation.quickpulse.swagger.models.ServiceError
	at com.azure.core.util.serializer.JacksonAdapter.deserializeText(JacksonAdapter.java:452)
	at com.azure.core.util.serializer.JacksonAdapter.lambda$deserialize$9(JacksonAdapter.java:353)
	at com.azure.core.util.serializer.JacksonAdapter.useAccessHelper(JacksonAdapter.java:488)
	at com.azure.core.util.serializer.JacksonAdapter.deserialize(JacksonAdapter.java:346)
	at com.azure.core.implementation.serializer.HttpResponseBodyDecoder.deserialize(HttpResponseBodyDecoder.java:176)
	at com.azure.core.implementation.serializer.HttpResponseBodyDecoder.deserializeBody(HttpResponseBodyDecoder.java:150)
	at com.azure.core.implementation.serializer.HttpResponseBodyDecoder.decodeByteArray(HttpResponseBodyDecoder.java:67)
	at com.azure.core.implementation.serializer.HttpResponseDecoder$HttpDecodedResponse.getDecodedBody(HttpResponseDecoder.java:93)
	at com.azure.core.implementation.http.rest.AsyncRestProxy.lambda$ensureExpectedStatus$1(AsyncRestProxy.java:136)
	at reactor.core.publisher.FluxMapFuseable$MapFuseableSubscriber.onNext(FluxMapFuseable.java:113)
	at reactor.core.publisher.Operators$ScalarSubscription.request(Operators.java:2570)
	at reactor.core.publisher.FluxMapFuseable$MapFuseableSubscriber.request(FluxMapFuseable.java:171)
	at reactor.core.publisher.Operators$MultiSubscriptionSubscriber.set(Operators.java:2366)
	at reactor.core.publisher.Operators$MultiSubscriptionSubscriber.onSubscribe(Operators.java:2240)
	at reactor.core.publisher.FluxMapFuseable$MapFuseableSubscriber.onSubscribe(FluxMapFuseable.java:96)
	at reactor.core.publisher.MonoJust.subscribe(MonoJust.java:55)
	at reactor.core.publisher.InternalMonoOperator.subscribe(InternalMonoOperator.java:76)
	at reactor.core.publisher.MonoFlatMap$FlatMapMain.onNext(MonoFlatMap.java:165)
	at reactor.core.publisher.FluxMapFuseable$MapFuseableSubscriber.onNext(FluxMapFuseable.java:129)
	at reactor.core.publisher.FluxHide$SuppressFuseableSubscriber.onNext(FluxHide.java:137)
	at reactor.core.publisher.MonoFlatMap$FlatMapMain.onNext(MonoFlatMap.java:158)
	at reactor.core.publisher.FluxOnErrorResume$ResumeSubscriber.onNext(FluxOnErrorResume.java:79)
	at reactor.core.publisher.MonoFlatMap$FlatMapMain.onNext(MonoFlatMap.java:158)
	at reactor.core.publisher.Operators$MonoInnerProducerBase.complete(Operators.java:2864)
	at reactor.core.publisher.MonoSingle$SingleSubscriber.onComplete(MonoSingle.java:180)
	at reactor.core.publisher.MonoFlatMapMany$FlatMapManyInner.onComplete(MonoFlatMapMany.java:261)
	at reactor.core.publisher.FluxContextWrite$ContextWriteSubscriber.onComplete(FluxContextWrite.java:126)
	at reactor.core.publisher.MonoUsing$MonoUsingSubscriber.onNext(MonoUsing.java:232)
	at reactor.core.publisher.FluxMap$MapSubscriber.onNext(FluxMap.java:122)
	at reactor.core.publisher.FluxSwitchIfEmpty$SwitchIfEmptySubscriber.onNext(FluxSwitchIfEmpty.java:74)
	at reactor.core.publisher.FluxHandle$HandleSubscriber.onNext(FluxHandle.java:129)
	at reactor.core.publisher.FluxMap$MapConditionalSubscriber.onNext(FluxMap.java:224)
	at reactor.core.publisher.FluxDoFinally$DoFinallySubscriber.onNext(FluxDoFinally.java:113)
	at reactor.core.publisher.FluxHandleFuseable$HandleFuseableSubscriber.onNext(FluxHandleFuseable.java:194)
	at reactor.core.publisher.FluxContextWrite$ContextWriteSubscriber.onNext(FluxContextWrite.java:107)
	at reactor.core.publisher.Operators$BaseFluxToMonoOperator.completePossiblyEmpty(Operators.java:2096)
	at reactor.core.publisher.MonoCollectList$MonoCollectListSubscriber.onComplete(MonoCollectList.java:118)
	at reactor.core.publisher.FluxPeek$PeekSubscriber.onComplete(FluxPeek.java:260)
	at reactor.core.publisher.FluxMap$MapSubscriber.onComplete(FluxMap.java:144)
	at reactor.netty.channel.FluxReceive.onInboundComplete(FluxReceive.java:413)
	at reactor.netty.channel.ChannelOperations.onInboundComplete(ChannelOperations.java:455)
	at reactor.netty.channel.ChannelOperations.terminate(ChannelOperations.java:509)
	at reactor.netty.http.client.HttpClientOperations.onInboundNext(HttpClientOperations.java:846)
	at reactor.netty.channel.ChannelOperationsHandler.channelRead(ChannelOperationsHandler.java:115)
	at io.netty.channel.AbstractChannelHandlerContext.fireChannelRead(AbstractChannelHandlerContext.java:356)
	at com.azure.core.http.netty.implementation.AzureSdkHandler.channelRead(AzureSdkHandler.java:224)
	at io.netty.channel.AbstractChannelHandlerContext.fireChannelRead(AbstractChannelHandlerContext.java:354)
	at io.netty.channel.CombinedChannelDuplexHandler$DelegatingChannelHandlerContext.fireChannelRead(CombinedChannelDuplexHandler.java:434)
	at io.netty.handler.codec.ByteToMessageDecoder.fireChannelRead(ByteToMessageDecoder.java:346)
	at io.netty.handler.codec.ByteToMessageDecoder.channelRead(ByteToMessageDecoder.java:318)
	at io.netty.channel.CombinedChannelDuplexHandler.channelRead(CombinedChannelDuplexHandler.java:249)
	at io.netty.channel.AbstractChannelHandlerContext.fireChannelRead(AbstractChannelHandlerContext.java:354)
	at io.netty.handler.ssl.SslHandler.unwrap(SslHandler.java:1540)
	at io.netty.handler.ssl.SslHandler.decodeJdkCompatible(SslHandler.java:1398)
	at io.netty.handler.ssl.SslHandler.decode(SslHandler.java:1449)
	at io.netty.handler.codec.ByteToMessageDecoder.decodeRemovalReentryProtection(ByteToMessageDecoder.java:530)
	at io.netty.handler.codec.ByteToMessageDecoder.callDecode(ByteToMessageDecoder.java:469)
	at io.netty.handler.codec.ByteToMessageDecoder.channelRead(ByteToMessageDecoder.java:290)
	at io.netty.channel.AbstractChannelHandlerContext.fireChannelRead(AbstractChannelHandlerContext.java:356)
	at io.netty.channel.DefaultChannelPipeline$HeadContext.channelRead(DefaultChannelPipeline.java:1429)
	at io.netty.channel.DefaultChannelPipeline.fireChannelRead(DefaultChannelPipeline.java:918)
	at io.netty.channel.nio.AbstractNioByteChannel$NioByteUnsafe.read(AbstractNioByteChannel.java:167)
	at io.netty.channel.nio.AbstractNioChannel$AbstractNioUnsafe.handle(AbstractNioChannel.java:445)
	at io.netty.channel.nio.NioIoHandler$DefaultNioRegistration.handle(NioIoHandler.java:381)
	at io.netty.channel.nio.NioIoHandler.processSelectedKey(NioIoHandler.java:575)
	at io.netty.channel.nio.NioIoHandler.processSelectedKeysOptimized(NioIoHandler.java:550)
	at io.netty.channel.nio.NioIoHandler.processSelectedKeys(NioIoHandler.java:491)
	at io.netty.channel.nio.NioIoHandler.run(NioIoHandler.java:468)
	at io.netty.channel.SingleThreadIoEventLoop.runIo(SingleThreadIoEventLoop.java:207)
	at io.netty.channel.SingleThreadIoEventLoop.run(SingleThreadIoEventLoop.java:178)
	at io.netty.util.concurrent.SingleThreadEventExecutor$5.run(SingleThreadEventExecutor.java:1073)
	at io.netty.util.internal.ThreadExecutorMap$2.run(ThreadExecutorMap.java:74)
	at io.netty.util.concurrent.FastThreadLocalRunnable.run(FastThreadLocalRunnable.java:30)
	at java.base/java.lang.Thread.run(Thread.java:1447)
2025-11-18 09:25:19.435+02:00 WARN  c.a.c.i.s.HttpResponseBodyDecoder - Failed to deserialize the error entity.
Unsupported text Content-Type Type: class com.azure.monitor.opentelemetry.autoconfigure.implementation.quickpulse.swagger.models.ServiceError
2025-11-18 09:30:01.474+02:00 WARN  c.a.m.o.a.i.q.QuickPulsePingSender - In the last 5 minutes, the following operation has failed 1 times (out of 58): Pinging live metrics endpoint:
 * Unsupported text Content-Type Type: class com.azure.monitor.opentelemetry.autoconfigure.implementation.quickpulse.swagger.models.ServiceError (1 times)
2025-11-18 09:32:10.077+02:00 WARN  c.m.a.a.i.c.ConfigurationBuilder - "Sampling overrides" is no longer in preview and it has been GA since 3.5.0 GA,
2025-11-18 09:32:12.564+02:00 INFO  c.m.applicationinsights.agent - Application Insights Java Agent 3.7.5 started successfully (PID 34292, JVM running for 7.282 s)
2025-11-18 09:32:12.571+02:00 INFO  c.m.applicationinsights.agent - Java version: 24.0.2, vendor: Oracle Corporation, home: C:\Users\SuperD\.jdks\openjdk-24.0.2
2025-11-18 09:33:21.110+02:00 ERROR c.a.c.h.netty.NettyAsyncHttpClient - io.netty.channel.ConnectTimeoutException: connection timed out after 10000 ms: /169.254.169.254:80
2025-11-18 10:09:40.072+02:00 WARN  c.a.m.o.a.i.q.QuickPulsePingSender - Pinging live metrics endpoint: Connection reset (future warnings will be aggregated and logged once every 5 minutes)
java.net.SocketException: Connection reset
	at java.base/sun.nio.ch.SocketChannelImpl.throwConnectionReset(SocketChannelImpl.java:399)
	at java.base/sun.nio.ch.SocketChannelImpl.implRead(SocketChannelImpl.java:431)
	at java.base/sun.nio.ch.SocketChannelImpl.read(SocketChannelImpl.java:489)
	at io.netty.buffer.AdaptivePoolingAllocator$AdaptiveByteBuf.setBytes(AdaptivePoolingAllocator.java:1816)
	at io.netty.buffer.AbstractByteBuf.writeBytes(AbstractByteBuf.java:1139)
	at io.netty.channel.socket.nio.NioSocketChannel.doReadBytes(NioSocketChannel.java:350)
	at io.netty.channel.nio.AbstractNioByteChannel$NioByteUnsafe.read(AbstractNioByteChannel.java:152)
	at io.netty.channel.nio.AbstractNioChannel$AbstractNioUnsafe.handle(AbstractNioChannel.java:445)
	at io.netty.channel.nio.NioIoHandler$DefaultNioRegistration.handle(NioIoHandler.java:381)
	at io.netty.channel.nio.NioIoHandler.processSelectedKey(NioIoHandler.java:575)
	at io.netty.channel.nio.NioIoHandler.processSelectedKeysOptimized(NioIoHandler.java:550)
	at io.netty.channel.nio.NioIoHandler.processSelectedKeys(NioIoHandler.java:491)
	at io.netty.channel.nio.NioIoHandler.run(NioIoHandler.java:468)
	at io.netty.channel.SingleThreadIoEventLoop.runIo(SingleThreadIoEventLoop.java:207)
	at io.netty.channel.SingleThreadIoEventLoop.run(SingleThreadIoEventLoop.java:178)
	at io.netty.util.concurrent.SingleThreadEventExecutor$5.run(SingleThreadEventExecutor.java:1073)
	at io.netty.util.internal.ThreadExecutorMap$2.run(ThreadExecutorMap.java:74)
	at io.netty.util.concurrent.FastThreadLocalRunnable.run(FastThreadLocalRunnable.java:30)
	at java.base/java.lang.Thread.run(Thread.java:1447)
2025-11-18 10:14:40.359+02:00 WARN  c.a.m.o.a.i.q.QuickPulsePingSender - In the last 5 minutes, the following operation has failed 1 times (out of 480): Pinging live metrics endpoint:
 * Connection reset (1 times)
2025-11-18 10:56:49.172+02:00 WARN  c.m.a.a.i.c.ConfigurationBuilder - "Sampling overrides" is no longer in preview and it has been GA since 3.5.0 GA,
2025-11-18 10:56:51.620+02:00 INFO  c.m.applicationinsights.agent - Application Insights Java Agent 3.7.5 started successfully (PID 10124, JVM running for 8.942 s)
2025-11-18 10:56:51.624+02:00 INFO  c.m.applicationinsights.agent - Java version: 24.0.2, vendor: Oracle Corporation, home: C:\Users\SuperD\.jdks\openjdk-24.0.2
2025-11-18 10:58:00.161+02:00 ERROR c.a.c.h.netty.NettyAsyncHttpClient - io.netty.channel.ConnectTimeoutException: connection timed out after 10000 ms: /169.254.169.254:80
2025-11-18 11:46:56.923+02:00 WARN  c.a.c.i.s.HttpResponseBodyDecoder - Failed to deserialize the error entity.
Unsupported text Content-Type Type: class com.azure.monitor.opentelemetry.autoconfigure.implementation.quickpulse.swagger.models.ServiceError
2025-11-18 11:46:57.012+02:00 WARN  c.a.m.o.a.i.q.QuickPulsePingSender - Pinging live metrics endpoint: Unsupported text Content-Type Type: class com.azure.monitor.opentelemetry.autoconfigure.implementation.quickpulse.swagger.models.ServiceError (future warnings will be aggregated and logged once every 5 minutes)
java.lang.IllegalStateException: Unsupported text Content-Type Type: class com.azure.monitor.opentelemetry.autoconfigure.implementation.quickpulse.swagger.models.ServiceError
	at com.azure.core.util.serializer.JacksonAdapter.deserializeText(JacksonAdapter.java:452)
	at com.azure.core.util.serializer.JacksonAdapter.lambda$deserialize$9(JacksonAdapter.java:353)
	at com.azure.core.util.serializer.JacksonAdapter.useAccessHelper(JacksonAdapter.java:488)
	at com.azure.core.util.serializer.JacksonAdapter.deserialize(JacksonAdapter.java:346)
	at com.azure.core.implementation.serializer.HttpResponseBodyDecoder.deserialize(HttpResponseBodyDecoder.java:176)
	at com.azure.core.implementation.serializer.HttpResponseBodyDecoder.deserializeBody(HttpResponseBodyDecoder.java:150)
	at com.azure.core.implementation.serializer.HttpResponseBodyDecoder.decodeByteArray(HttpResponseBodyDecoder.java:67)
	at com.azure.core.implementation.serializer.HttpResponseDecoder$HttpDecodedResponse.getDecodedBody(HttpResponseDecoder.java:93)
	at com.azure.core.implementation.http.rest.AsyncRestProxy.lambda$ensureExpectedStatus$1(AsyncRestProxy.java:136)
	at reactor.core.publisher.FluxMapFuseable$MapFuseableSubscriber.onNext(FluxMapFuseable.java:113)
	at reactor.core.publisher.Operators$ScalarSubscription.request(Operators.java:2570)
	at reactor.core.publisher.FluxMapFuseable$MapFuseableSubscriber.request(FluxMapFuseable.java:171)
	at reactor.core.publisher.Operators$MultiSubscriptionSubscriber.set(Operators.java:2366)
	at reactor.core.publisher.Operators$MultiSubscriptionSubscriber.onSubscribe(Operators.java:2240)
	at reactor.core.publisher.FluxMapFuseable$MapFuseableSubscriber.onSubscribe(FluxMapFuseable.java:96)
	at reactor.core.publisher.MonoJust.subscribe(MonoJust.java:55)
	at reactor.core.publisher.InternalMonoOperator.subscribe(InternalMonoOperator.java:76)
	at reactor.core.publisher.MonoFlatMap$FlatMapMain.onNext(MonoFlatMap.java:165)
	at reactor.core.publisher.FluxMapFuseable$MapFuseableSubscriber.onNext(FluxMapFuseable.java:129)
	at reactor.core.publisher.FluxHide$SuppressFuseableSubscriber.onNext(FluxHide.java:137)
	at reactor.core.publisher.MonoFlatMap$FlatMapMain.onNext(MonoFlatMap.java:158)
	at reactor.core.publisher.FluxOnErrorResume$ResumeSubscriber.onNext(FluxOnErrorResume.java:79)
	at reactor.core.publisher.MonoFlatMap$FlatMapMain.onNext(MonoFlatMap.java:158)
	at reactor.core.publisher.Operators$MonoInnerProducerBase.complete(Operators.java:2864)
	at reactor.core.publisher.MonoSingle$SingleSubscriber.onComplete(MonoSingle.java:180)
	at reactor.core.publisher.MonoFlatMapMany$FlatMapManyInner.onComplete(MonoFlatMapMany.java:261)
	at reactor.core.publisher.FluxContextWrite$ContextWriteSubscriber.onComplete(FluxContextWrite.java:126)
	at reactor.core.publisher.MonoUsing$MonoUsingSubscriber.onNext(MonoUsing.java:232)
	at reactor.core.publisher.FluxMap$MapSubscriber.onNext(FluxMap.java:122)
	at reactor.core.publisher.FluxSwitchIfEmpty$SwitchIfEmptySubscriber.onNext(FluxSwitchIfEmpty.java:74)
	at reactor.core.publisher.FluxHandle$HandleSubscriber.onNext(FluxHandle.java:129)
	at reactor.core.publisher.FluxMap$MapConditionalSubscriber.onNext(FluxMap.java:224)
	at reactor.core.publisher.FluxDoFinally$DoFinallySubscriber.onNext(FluxDoFinally.java:113)
	at reactor.core.publisher.FluxHandleFuseable$HandleFuseableSubscriber.onNext(FluxHandleFuseable.java:194)
	at reactor.core.publisher.FluxContextWrite$ContextWriteSubscriber.onNext(FluxContextWrite.java:107)
	at reactor.core.publisher.Operators$BaseFluxToMonoOperator.completePossiblyEmpty(Operators.java:2096)
	at reactor.core.publisher.MonoCollectList$MonoCollectListSubscriber.onComplete(MonoCollectList.java:118)
	at reactor.core.publisher.FluxPeek$PeekSubscriber.onComplete(FluxPeek.java:260)
	at reactor.core.publisher.FluxMap$MapSubscriber.onComplete(FluxMap.java:144)
	at reactor.netty.channel.FluxReceive.onInboundComplete(FluxReceive.java:413)
	at reactor.netty.channel.ChannelOperations.onInboundComplete(ChannelOperations.java:455)
	at reactor.netty.channel.ChannelOperations.terminate(ChannelOperations.java:509)
	at reactor.netty.http.client.HttpClientOperations.onInboundNext(HttpClientOperations.java:846)
	at reactor.netty.channel.ChannelOperationsHandler.channelRead(ChannelOperationsHandler.java:115)
	at io.netty.channel.AbstractChannelHandlerContext.fireChannelRead(AbstractChannelHandlerContext.java:356)
	at com.azure.core.http.netty.implementation.AzureSdkHandler.channelRead(AzureSdkHandler.java:224)
	at io.netty.channel.AbstractChannelHandlerContext.fireChannelRead(AbstractChannelHandlerContext.java:354)
	at io.netty.channel.CombinedChannelDuplexHandler$DelegatingChannelHandlerContext.fireChannelRead(CombinedChannelDuplexHandler.java:434)
	at io.netty.handler.codec.ByteToMessageDecoder.fireChannelRead(ByteToMessageDecoder.java:346)
	at io.netty.handler.codec.ByteToMessageDecoder.channelRead(ByteToMessageDecoder.java:318)
	at io.netty.channel.CombinedChannelDuplexHandler.channelRead(CombinedChannelDuplexHandler.java:249)
	at io.netty.channel.AbstractChannelHandlerContext.fireChannelRead(AbstractChannelHandlerContext.java:354)
	at io.netty.handler.ssl.SslHandler.unwrap(SslHandler.java:1540)
	at io.netty.handler.ssl.SslHandler.decodeJdkCompatible(SslHandler.java:1398)
	at io.netty.handler.ssl.SslHandler.decode(SslHandler.java:1449)
	at io.netty.handler.codec.ByteToMessageDecoder.decodeRemovalReentryProtection(ByteToMessageDecoder.java:530)
	at io.netty.handler.codec.ByteToMessageDecoder.callDecode(ByteToMessageDecoder.java:469)
	at io.netty.handler.codec.ByteToMessageDecoder.channelRead(ByteToMessageDecoder.java:290)
	at io.netty.channel.AbstractChannelHandlerContext.fireChannelRead(AbstractChannelHandlerContext.java:356)
	at io.netty.channel.DefaultChannelPipeline$HeadContext.channelRead(DefaultChannelPipeline.java:1429)
	at io.netty.channel.DefaultChannelPipeline.fireChannelRead(DefaultChannelPipeline.java:918)
	at io.netty.channel.nio.AbstractNioByteChannel$NioByteUnsafe.read(AbstractNioByteChannel.java:167)
	at io.netty.channel.nio.AbstractNioChannel$AbstractNioUnsafe.handle(AbstractNioChannel.java:445)
	at io.netty.channel.nio.NioIoHandler$DefaultNioRegistration.handle(NioIoHandler.java:381)
	at io.netty.channel.nio.NioIoHandler.processSelectedKey(NioIoHandler.java:575)
	at io.netty.channel.nio.NioIoHandler.processSelectedKeysOptimized(NioIoHandler.java:550)
	at io.netty.channel.nio.NioIoHandler.processSelectedKeys(NioIoHandler.java:491)
	at io.netty.channel.nio.NioIoHandler.run(NioIoHandler.java:468)
	at io.netty.channel.SingleThreadIoEventLoop.runIo(SingleThreadIoEventLoop.java:207)
	at io.netty.channel.SingleThreadIoEventLoop.run(SingleThreadIoEventLoop.java:178)
	at io.netty.util.concurrent.SingleThreadEventExecutor$5.run(SingleThreadEventExecutor.java:1073)
	at io.netty.util.internal.ThreadExecutorMap$2.run(ThreadExecutorMap.java:74)
	at io.netty.util.concurrent.FastThreadLocalRunnable.run(FastThreadLocalRunnable.java:30)
	at java.base/java.lang.Thread.run(Thread.java:1447)
2025-11-18 12:17:14.506+02:00 WARN  c.m.a.a.i.c.ConfigurationBuilder - "Sampling overrides" is no longer in preview and it has been GA since 3.5.0 GA,
2025-11-18 12:17:16.214+02:00 INFO  c.m.applicationinsights.agent - Application Insights Java Agent 3.7.5 started successfully (PID 40716, JVM running for 5.071 s)
2025-11-18 12:17:16.220+02:00 INFO  c.m.applicationinsights.agent - Java version: 24.0.2, vendor: Oracle Corporation, home: C:\Users\SuperD\.jdks\openjdk-24.0.2
2025-11-18 12:18:25.230+02:00 ERROR c.a.c.h.netty.NettyAsyncHttpClient - io.netty.channel.ConnectTimeoutException: connection timed out after 10000 ms: /169.254.169.254:80
2025-11-18 12:30:18.884+02:00 WARN  c.a.c.i.s.HttpResponseBodyDecoder - Failed to deserialize the error entity.
Unsupported text Content-Type Type: class com.azure.monitor.opentelemetry.autoconfigure.implementation.quickpulse.swagger.models.ServiceError
2025-11-18 12:30:18.925+02:00 WARN  c.a.m.o.a.i.q.QuickPulsePingSender - Pinging live metrics endpoint: Unsupported text Content-Type Type: class com.azure.monitor.opentelemetry.autoconfigure.implementation.quickpulse.swagger.models.ServiceError (future warnings will be aggregated and logged once every 5 minutes)
java.lang.IllegalStateException: Unsupported text Content-Type Type: class com.azure.monitor.opentelemetry.autoconfigure.implementation.quickpulse.swagger.models.ServiceError
	at com.azure.core.util.serializer.JacksonAdapter.deserializeText(JacksonAdapter.java:452)
	at com.azure.core.util.serializer.JacksonAdapter.lambda$deserialize$9(JacksonAdapter.java:353)
	at com.azure.core.util.serializer.JacksonAdapter.useAccessHelper(JacksonAdapter.java:488)
	at com.azure.core.util.serializer.JacksonAdapter.deserialize(JacksonAdapter.java:346)
	at com.azure.core.implementation.serializer.HttpResponseBodyDecoder.deserialize(HttpResponseBodyDecoder.java:176)
	at com.azure.core.implementation.serializer.HttpResponseBodyDecoder.deserializeBody(HttpResponseBodyDecoder.java:150)
	at com.azure.core.implementation.serializer.HttpResponseBodyDecoder.decodeByteArray(HttpResponseBodyDecoder.java:67)
	at com.azure.core.implementation.serializer.HttpResponseDecoder$HttpDecodedResponse.getDecodedBody(HttpResponseDecoder.java:93)
	at com.azure.core.implementation.http.rest.AsyncRestProxy.lambda$ensureExpectedStatus$1(AsyncRestProxy.java:136)
	at reactor.core.publisher.FluxMapFuseable$MapFuseableSubscriber.onNext(FluxMapFuseable.java:113)
	at reactor.core.publisher.Operators$ScalarSubscription.request(Operators.java:2570)
	at reactor.core.publisher.FluxMapFuseable$MapFuseableSubscriber.request(FluxMapFuseable.java:171)
	at reactor.core.publisher.Operators$MultiSubscriptionSubscriber.set(Operators.java:2366)
	at reactor.core.publisher.Operators$MultiSubscriptionSubscriber.onSubscribe(Operators.java:2240)
	at reactor.core.publisher.FluxMapFuseable$MapFuseableSubscriber.onSubscribe(FluxMapFuseable.java:96)
	at reactor.core.publisher.MonoJust.subscribe(MonoJust.java:55)
	at reactor.core.publisher.InternalMonoOperator.subscribe(InternalMonoOperator.java:76)
	at reactor.core.publisher.MonoFlatMap$FlatMapMain.onNext(MonoFlatMap.java:165)
	at reactor.core.publisher.FluxMapFuseable$MapFuseableSubscriber.onNext(FluxMapFuseable.java:129)
	at reactor.core.publisher.FluxHide$SuppressFuseableSubscriber.onNext(FluxHide.java:137)
	at reactor.core.publisher.MonoFlatMap$FlatMapMain.onNext(MonoFlatMap.java:158)
	at reactor.core.publisher.FluxOnErrorResume$ResumeSubscriber.onNext(FluxOnErrorResume.java:79)
	at reactor.core.publisher.MonoFlatMap$FlatMapMain.onNext(MonoFlatMap.java:158)
	at reactor.core.publisher.Operators$MonoInnerProducerBase.complete(Operators.java:2864)
	at reactor.core.publisher.MonoSingle$SingleSubscriber.onComplete(MonoSingle.java:180)
	at reactor.core.publisher.MonoFlatMapMany$FlatMapManyInner.onComplete(MonoFlatMapMany.java:261)
	at reactor.core.publisher.FluxContextWrite$ContextWriteSubscriber.onComplete(FluxContextWrite.java:126)
	at reactor.core.publisher.MonoUsing$MonoUsingSubscriber.onNext(MonoUsing.java:232)
	at reactor.core.publisher.FluxMap$MapSubscriber.onNext(FluxMap.java:122)
	at reactor.core.publisher.FluxSwitchIfEmpty$SwitchIfEmptySubscriber.onNext(FluxSwitchIfEmpty.java:74)
	at reactor.core.publisher.FluxHandle$HandleSubscriber.onNext(FluxHandle.java:129)
	at reactor.core.publisher.FluxMap$MapConditionalSubscriber.onNext(FluxMap.java:224)
	at reactor.core.publisher.FluxDoFinally$DoFinallySubscriber.onNext(FluxDoFinally.java:113)
	at reactor.core.publisher.FluxHandleFuseable$HandleFuseableSubscriber.onNext(FluxHandleFuseable.java:194)
	at reactor.core.publisher.FluxContextWrite$ContextWriteSubscriber.onNext(FluxContextWrite.java:107)
	at reactor.core.publisher.Operators$BaseFluxToMonoOperator.completePossiblyEmpty(Operators.java:2096)
	at reactor.core.publisher.MonoCollectList$MonoCollectListSubscriber.onComplete(MonoCollectList.java:118)
	at reactor.core.publisher.FluxPeek$PeekSubscriber.onComplete(FluxPeek.java:260)
	at reactor.core.publisher.FluxMap$MapSubscriber.onComplete(FluxMap.java:144)
	at reactor.netty.channel.FluxReceive.onInboundComplete(FluxReceive.java:413)
	at reactor.netty.channel.ChannelOperations.onInboundComplete(ChannelOperations.java:455)
	at reactor.netty.channel.ChannelOperations.terminate(ChannelOperations.java:509)
	at reactor.netty.http.client.HttpClientOperations.onInboundNext(HttpClientOperations.java:846)
	at reactor.netty.channel.ChannelOperationsHandler.channelRead(ChannelOperationsHandler.java:115)
	at io.netty.channel.AbstractChannelHandlerContext.fireChannelRead(AbstractChannelHandlerContext.java:356)
	at com.azure.core.http.netty.implementation.AzureSdkHandler.channelRead(AzureSdkHandler.java:224)
	at io.netty.channel.AbstractChannelHandlerContext.fireChannelRead(AbstractChannelHandlerContext.java:354)
	at io.netty.channel.CombinedChannelDuplexHandler$DelegatingChannelHandlerContext.fireChannelRead(CombinedChannelDuplexHandler.java:434)
	at io.netty.handler.codec.ByteToMessageDecoder.fireChannelRead(ByteToMessageDecoder.java:346)
	at io.netty.handler.codec.ByteToMessageDecoder.channelRead(ByteToMessageDecoder.java:318)
	at io.netty.channel.CombinedChannelDuplexHandler.channelRead(CombinedChannelDuplexHandler.java:249)
	at io.netty.channel.AbstractChannelHandlerContext.fireChannelRead(AbstractChannelHandlerContext.java:354)
	at io.netty.handler.ssl.SslHandler.unwrap(SslHandler.java:1540)
	at io.netty.handler.ssl.SslHandler.decodeJdkCompatible(SslHandler.java:1398)
	at io.netty.handler.ssl.SslHandler.decode(SslHandler.java:1449)
	at io.netty.handler.codec.ByteToMessageDecoder.decodeRemovalReentryProtection(ByteToMessageDecoder.java:530)
	at io.netty.handler.codec.ByteToMessageDecoder.callDecode(ByteToMessageDecoder.java:469)
	at io.netty.handler.codec.ByteToMessageDecoder.channelRead(ByteToMessageDecoder.java:290)
	at io.netty.channel.AbstractChannelHandlerContext.fireChannelRead(AbstractChannelHandlerContext.java:356)
	at io.netty.channel.DefaultChannelPipeline$HeadContext.channelRead(DefaultChannelPipeline.java:1429)
	at io.netty.channel.DefaultChannelPipeline.fireChannelRead(DefaultChannelPipeline.java:918)
	at io.netty.channel.nio.AbstractNioByteChannel$NioByteUnsafe.read(AbstractNioByteChannel.java:167)
	at io.netty.channel.nio.AbstractNioChannel$AbstractNioUnsafe.handle(AbstractNioChannel.java:445)
	at io.netty.channel.nio.NioIoHandler$DefaultNioRegistration.handle(NioIoHandler.java:381)
	at io.netty.channel.nio.NioIoHandler.processSelectedKey(NioIoHandler.java:575)
	at io.netty.channel.nio.NioIoHandler.processSelectedKeysOptimized(NioIoHandler.java:550)
	at io.netty.channel.nio.NioIoHandler.processSelectedKeys(NioIoHandler.java:491)
	at io.netty.channel.nio.NioIoHandler.run(NioIoHandler.java:468)
	at io.netty.channel.SingleThreadIoEventLoop.runIo(SingleThreadIoEventLoop.java:207)
	at io.netty.channel.SingleThreadIoEventLoop.run(SingleThreadIoEventLoop.java:178)
	at io.netty.util.concurrent.SingleThreadEventExecutor$5.run(SingleThreadEventExecutor.java:1073)
	at io.netty.util.internal.ThreadExecutorMap$2.run(ThreadExecutorMap.java:74)
	at io.netty.util.concurrent.FastThreadLocalRunnable.run(FastThreadLocalRunnable.java:30)
	at java.base/java.lang.Thread.run(Thread.java:1447)
2025-11-18 12:33:26.523+02:00 WARN  c.m.a.a.i.c.ConfigurationBuilder - "Sampling overrides" is no longer in preview and it has been GA since 3.5.0 GA,
2025-11-18 12:33:28.351+02:00 INFO  c.m.applicationinsights.agent - Application Insights Java Agent 3.7.5 started successfully (PID 45052, JVM running for 5.304 s)
2025-11-18 12:33:28.355+02:00 INFO  c.m.applicationinsights.agent - Java version: 24.0.2, vendor: Oracle Corporation, home: C:\Users\SuperD\.jdks\openjdk-24.0.2
2025-11-18 12:34:37.253+02:00 ERROR c.a.c.h.netty.NettyAsyncHttpClient - io.netty.channel.ConnectTimeoutException: connection timed out after 10000 ms: /169.254.169.254:80
2025-11-18 12:58:53.633+02:00 WARN  c.a.c.i.s.HttpResponseBodyDecoder - Failed to deserialize the error entity.
Unsupported text Content-Type Type: class com.azure.monitor.opentelemetry.autoconfigure.implementation.quickpulse.swagger.models.ServiceError
2025-11-18 12:58:53.835+02:00 WARN  c.a.m.o.a.i.q.QuickPulsePingSender - Pinging live metrics endpoint: Unsupported text Content-Type Type: class com.azure.monitor.opentelemetry.autoconfigure.implementation.quickpulse.swagger.models.ServiceError (future warnings will be aggregated and logged once every 5 minutes)
java.lang.IllegalStateException: Unsupported text Content-Type Type: class com.azure.monitor.opentelemetry.autoconfigure.implementation.quickpulse.swagger.models.ServiceError
	at com.azure.core.util.serializer.JacksonAdapter.deserializeText(JacksonAdapter.java:452)
	at com.azure.core.util.serializer.JacksonAdapter.lambda$deserialize$9(JacksonAdapter.java:353)
	at com.azure.core.util.serializer.JacksonAdapter.useAccessHelper(JacksonAdapter.java:488)
	at com.azure.core.util.serializer.JacksonAdapter.deserialize(JacksonAdapter.java:346)
	at com.azure.core.implementation.serializer.HttpResponseBodyDecoder.deserialize(HttpResponseBodyDecoder.java:176)
	at com.azure.core.implementation.serializer.HttpResponseBodyDecoder.deserializeBody(HttpResponseBodyDecoder.java:150)
	at com.azure.core.implementation.serializer.HttpResponseBodyDecoder.decodeByteArray(HttpResponseBodyDecoder.java:67)
	at com.azure.core.implementation.serializer.HttpResponseDecoder$HttpDecodedResponse.getDecodedBody(HttpResponseDecoder.java:93)
	at com.azure.core.implementation.http.rest.AsyncRestProxy.lambda$ensureExpectedStatus$1(AsyncRestProxy.java:136)
	at reactor.core.publisher.FluxMapFuseable$MapFuseableSubscriber.onNext(FluxMapFuseable.java:113)
	at reactor.core.publisher.Operators$ScalarSubscription.request(Operators.java:2570)
	at reactor.core.publisher.FluxMapFuseable$MapFuseableSubscriber.request(FluxMapFuseable.java:171)
	at reactor.core.publisher.Operators$MultiSubscriptionSubscriber.set(Operators.java:2366)
	at reactor.core.publisher.Operators$MultiSubscriptionSubscriber.onSubscribe(Operators.java:2240)
	at reactor.core.publisher.FluxMapFuseable$MapFuseableSubscriber.onSubscribe(FluxMapFuseable.java:96)
	at reactor.core.publisher.MonoJust.subscribe(MonoJust.java:55)
	at reactor.core.publisher.InternalMonoOperator.subscribe(InternalMonoOperator.java:76)
	at reactor.core.publisher.MonoFlatMap$FlatMapMain.onNext(MonoFlatMap.java:165)
	at reactor.core.publisher.FluxMapFuseable$MapFuseableSubscriber.onNext(FluxMapFuseable.java:129)
	at reactor.core.publisher.FluxHide$SuppressFuseableSubscriber.onNext(FluxHide.java:137)
	at reactor.core.publisher.MonoFlatMap$FlatMapMain.onNext(MonoFlatMap.java:158)
	at reactor.core.publisher.FluxOnErrorResume$ResumeSubscriber.onNext(FluxOnErrorResume.java:79)
	at reactor.core.publisher.MonoFlatMap$FlatMapMain.onNext(MonoFlatMap.java:158)
	at reactor.core.publisher.Operators$MonoInnerProducerBase.complete(Operators.java:2864)
	at reactor.core.publisher.MonoSingle$SingleSubscriber.onComplete(MonoSingle.java:180)
	at reactor.core.publisher.MonoFlatMapMany$FlatMapManyInner.onComplete(MonoFlatMapMany.java:261)
	at reactor.core.publisher.FluxContextWrite$ContextWriteSubscriber.onComplete(FluxContextWrite.java:126)
	at reactor.core.publisher.MonoUsing$MonoUsingSubscriber.onNext(MonoUsing.java:232)
	at reactor.core.publisher.FluxMap$MapSubscriber.onNext(FluxMap.java:122)
	at reactor.core.publisher.FluxSwitchIfEmpty$SwitchIfEmptySubscriber.onNext(FluxSwitchIfEmpty.java:74)
	at reactor.core.publisher.FluxHandle$HandleSubscriber.onNext(FluxHandle.java:129)
	at reactor.core.publisher.FluxMap$MapConditionalSubscriber.onNext(FluxMap.java:224)
	at reactor.core.publisher.FluxDoFinally$DoFinallySubscriber.onNext(FluxDoFinally.java:113)
	at reactor.core.publisher.FluxHandleFuseable$HandleFuseableSubscriber.onNext(FluxHandleFuseable.java:194)
	at reactor.core.publisher.FluxContextWrite$ContextWriteSubscriber.onNext(FluxContextWrite.java:107)
	at reactor.core.publisher.Operators$BaseFluxToMonoOperator.completePossiblyEmpty(Operators.java:2096)
	at reactor.core.publisher.MonoCollectList$MonoCollectListSubscriber.onComplete(MonoCollectList.java:118)
	at reactor.core.publisher.FluxPeek$PeekSubscriber.onComplete(FluxPeek.java:260)
	at reactor.core.publisher.FluxMap$MapSubscriber.onComplete(FluxMap.java:144)
	at reactor.netty.channel.FluxReceive.onInboundComplete(FluxReceive.java:413)
	at reactor.netty.channel.ChannelOperations.onInboundComplete(ChannelOperations.java:455)
	at reactor.netty.channel.ChannelOperations.terminate(ChannelOperations.java:509)
	at reactor.netty.http.client.HttpClientOperations.onInboundNext(HttpClientOperations.java:846)
	at reactor.netty.channel.ChannelOperationsHandler.channelRead(ChannelOperationsHandler.java:115)
	at io.netty.channel.AbstractChannelHandlerContext.fireChannelRead(AbstractChannelHandlerContext.java:356)
	at com.azure.core.http.netty.implementation.AzureSdkHandler.channelRead(AzureSdkHandler.java:224)
	at io.netty.channel.AbstractChannelHandlerContext.fireChannelRead(AbstractChannelHandlerContext.java:354)
	at io.netty.channel.CombinedChannelDuplexHandler$DelegatingChannelHandlerContext.fireChannelRead(CombinedChannelDuplexHandler.java:434)
	at io.netty.handler.codec.ByteToMessageDecoder.fireChannelRead(ByteToMessageDecoder.java:346)
	at io.netty.handler.codec.ByteToMessageDecoder.channelRead(ByteToMessageDecoder.java:318)
	at io.netty.channel.CombinedChannelDuplexHandler.channelRead(CombinedChannelDuplexHandler.java:249)
	at io.netty.channel.AbstractChannelHandlerContext.fireChannelRead(AbstractChannelHandlerContext.java:354)
	at io.netty.handler.ssl.SslHandler.unwrap(SslHandler.java:1540)
	at io.netty.handler.ssl.SslHandler.decodeJdkCompatible(SslHandler.java:1398)
	at io.netty.handler.ssl.SslHandler.decode(SslHandler.java:1449)
	at io.netty.handler.codec.ByteToMessageDecoder.decodeRemovalReentryProtection(ByteToMessageDecoder.java:530)
	at io.netty.handler.codec.ByteToMessageDecoder.callDecode(ByteToMessageDecoder.java:469)
	at io.netty.handler.codec.ByteToMessageDecoder.channelRead(ByteToMessageDecoder.java:290)
	at io.netty.channel.AbstractChannelHandlerContext.fireChannelRead(AbstractChannelHandlerContext.java:356)
	at io.netty.channel.DefaultChannelPipeline$HeadContext.channelRead(DefaultChannelPipeline.java:1429)
	at io.netty.channel.DefaultChannelPipeline.fireChannelRead(DefaultChannelPipeline.java:918)
	at io.netty.channel.nio.AbstractNioByteChannel$NioByteUnsafe.read(AbstractNioByteChannel.java:167)
	at io.netty.channel.nio.AbstractNioChannel$AbstractNioUnsafe.handle(AbstractNioChannel.java:445)
	at io.netty.channel.nio.NioIoHandler$DefaultNioRegistration.handle(NioIoHandler.java:381)
	at io.netty.channel.nio.NioIoHandler.processSelectedKey(NioIoHandler.java:575)
	at io.netty.channel.nio.NioIoHandler.processSelectedKeysOptimized(NioIoHandler.java:550)
	at io.netty.channel.nio.NioIoHandler.processSelectedKeys(NioIoHandler.java:491)
	at io.netty.channel.nio.NioIoHandler.run(NioIoHandler.java:468)
	at io.netty.channel.SingleThreadIoEventLoop.runIo(SingleThreadIoEventLoop.java:207)
	at io.netty.channel.SingleThreadIoEventLoop.run(SingleThreadIoEventLoop.java:178)
	at io.netty.util.concurrent.SingleThreadEventExecutor$5.run(SingleThreadEventExecutor.java:1073)
	at io.netty.util.internal.ThreadExecutorMap$2.run(ThreadExecutorMap.java:74)
	at io.netty.util.concurrent.FastThreadLocalRunnable.run(FastThreadLocalRunnable.java:30)
	at java.base/java.lang.Thread.run(Thread.java:1447)
2025-11-18 13:00:47.598+02:00 WARN  c.a.c.i.s.HttpResponseBodyDecoder - Failed to deserialize the error entity.
Unsupported text Content-Type Type: class com.azure.monitor.opentelemetry.autoconfigure.implementation.quickpulse.swagger.models.ServiceError
2025-11-18 13:03:53.904+02:00 WARN  c.a.m.o.a.i.q.QuickPulsePingSender - In the last 5 minutes, the following operation has failed 1 times (out of 351): Pinging live metrics endpoint:
 * Unsupported text Content-Type Type: class com.azure.monitor.opentelemetry.autoconfigure.implementation.quickpulse.swagger.models.ServiceError (1 times)
2025-11-18 13:18:22.549+02:00 WARN  c.a.c.i.s.HttpResponseBodyDecoder - Failed to deserialize the error entity.
Unsupported text Content-Type Type: class com.azure.monitor.opentelemetry.autoconfigure.implementation.quickpulse.swagger.models.ServiceError
2025-11-18 13:18:55.301+02:00 WARN  c.a.m.o.a.i.q.QuickPulsePingSender - In the last 5 minutes, the following operation has failed 1 times (out of 58): Pinging live metrics endpoint:
 * Unsupported text Content-Type Type: class com.azure.monitor.opentelemetry.autoconfigure.implementation.quickpulse.swagger.models.ServiceError (1 times)
2025-11-18 13:28:28.043+02:00 WARN  c.a.c.i.s.HttpResponseBodyDecoder - Failed to deserialize the error entity.
Unsupported text Content-Type Type: class com.azure.monitor.opentelemetry.autoconfigure.implementation.quickpulse.swagger.models.ServiceError
2025-11-18 13:28:55.307+02:00 WARN  c.a.m.o.a.i.q.QuickPulsePingSender - In the last 5 minutes, the following operation has failed 1 times (out of 58): Pinging live metrics endpoint:
 * Unsupported text Content-Type Type: class com.azure.monitor.opentelemetry.autoconfigure.implementation.quickpulse.swagger.models.ServiceError (1 times)
2025-11-18 13:34:54.993+02:00 WARN  c.a.c.i.s.HttpResponseBodyDecoder - Failed to deserialize the error entity.
Unsupported text Content-Type Type: class com.azure.monitor.opentelemetry.autoconfigure.implementation.quickpulse.swagger.models.ServiceError
2025-11-18 13:38:55.312+02:00 WARN  c.a.m.o.a.i.q.QuickPulsePingSender - In the last 5 minutes, the following operation has failed 1 times (out of 58): Pinging live metrics endpoint:
 * Unsupported text Content-Type Type: class com.azure.monitor.opentelemetry.autoconfigure.implementation.quickpulse.swagger.models.ServiceError (1 times)
2025-11-18 14:14:17.253+02:00 WARN  c.a.c.i.s.HttpResponseBodyDecoder - Failed to deserialize the error entity.
Unsupported text Content-Type Type: class com.azure.monitor.opentelemetry.autoconfigure.implementation.quickpulse.swagger.models.ServiceError
2025-11-18 14:14:17.380+02:00 ERROR c.a.m.o.a.i.q.QuickPulseCoordinator - QuickPulseDataSender received an error while attempting to send data to quickpulse Status code 503, "The service is unavailable."
2025-11-18 14:18:09.035+02:00 WARN  c.a.c.i.s.HttpResponseBodyDecoder - Failed to deserialize the error entity.
Unsupported text Content-Type Type: class com.azure.monitor.opentelemetry.autoconfigure.implementation.quickpulse.swagger.models.ServiceError
2025-11-18 14:18:09.038+02:00 ERROR c.a.m.o.a.i.q.QuickPulseCoordinator - QuickPulseDataSender received an error while attempting to send data to quickpulse Status code 503, "The service is unavailable."
2025-11-18 14:30:22.738+02:00 WARN  c.a.c.i.s.HttpResponseBodyDecoder - Failed to deserialize the error entity.
Unsupported text Content-Type Type: class com.azure.monitor.opentelemetry.autoconfigure.implementation.quickpulse.swagger.models.ServiceError
2025-11-18 14:30:22.746+02:00 ERROR c.a.m.o.a.i.q.QuickPulseCoordinator - QuickPulseDataSender received an error while attempting to send data to quickpulse Status code 503, "The service is unavailable."
2025-11-18 14:34:27.559+02:00 WARN  c.m.a.a.i.c.ConfigurationBuilder - "Sampling overrides" is no longer in preview and it has been GA since 3.5.0 GA,
2025-11-18 14:34:30.365+02:00 INFO  c.m.applicationinsights.agent - Application Insights Java Agent 3.7.5 started successfully (PID 476, JVM running for 7.302 s)
2025-11-18 14:34:30.371+02:00 INFO  c.m.applicationinsights.agent - Java version: 24.0.2, vendor: Oracle Corporation, home: C:\Users\SuperD\.jdks\openjdk-24.0.2
2025-11-18 14:35:00.626+02:00 WARN  c.m.a.a.i.c.ConfigurationBuilder - "Sampling overrides" is no longer in preview and it has been GA since 3.5.0 GA,
2025-11-18 14:35:02.859+02:00 INFO  c.m.applicationinsights.agent - Application Insights Java Agent 3.7.5 started successfully (PID 27412, JVM running for 4.96 s)
2025-11-18 14:35:02.861+02:00 INFO  c.m.applicationinsights.agent - Java version: 24.0.2, vendor: Oracle Corporation, home: C:\Users\SuperD\.jdks\openjdk-24.0.2
2025-11-18 14:39:06.656+02:00 WARN  c.m.a.a.i.c.ConfigurationBuilder - "Sampling overrides" is no longer in preview and it has been GA since 3.5.0 GA,
2025-11-18 14:39:09.166+02:00 INFO  c.m.applicationinsights.agent - Application Insights Java Agent 3.7.5 started successfully (PID 42152, JVM running for 8.084 s)
2025-11-18 14:39:09.173+02:00 INFO  c.m.applicationinsights.agent - Java version: 24.0.2, vendor: Oracle Corporation, home: C:\Users\SuperD\.jdks\openjdk-24.0.2
2025-11-18 14:40:32.291+02:00 WARN  c.m.a.a.i.c.ConfigurationBuilder - "Sampling overrides" is no longer in preview and it has been GA since 3.5.0 GA,
2025-11-18 14:40:34.540+02:00 INFO  c.m.applicationinsights.agent - Application Insights Java Agent 3.7.5 started successfully (PID 30388, JVM running for 5.07 s)
2025-11-18 14:40:34.541+02:00 INFO  c.m.applicationinsights.agent - Java version: 24.0.2, vendor: Oracle Corporation, home: C:\Users\SuperD\.jdks\openjdk-24.0.2
2025-11-18 14:45:26.776+02:00 WARN  c.m.a.a.i.c.ConfigurationBuilder - "Sampling overrides" is no longer in preview and it has been GA since 3.5.0 GA,
2025-11-18 14:45:29.053+02:00 INFO  c.m.applicationinsights.agent - Application Insights Java Agent 3.7.5 started successfully (PID 34912, JVM running for 5.809 s)
2025-11-18 14:45:29.059+02:00 INFO  c.m.applicationinsights.agent - Java version: 24.0.2, vendor: Oracle Corporation, home: C:\Users\SuperD\.jdks\openjdk-24.0.2
2025-11-18 14:53:36.094+02:00 WARN  c.m.a.a.i.c.ConfigurationBuilder - "Sampling overrides" is no longer in preview and it has been GA since 3.5.0 GA,
2025-11-18 14:53:38.257+02:00 INFO  c.m.applicationinsights.agent - Application Insights Java Agent 3.7.5 started successfully (PID 35492, JVM running for 4.466 s)
2025-11-18 14:53:38.262+02:00 INFO  c.m.applicationinsights.agent - Java version: 24.0.2, vendor: Oracle Corporation, home: C:\Users\SuperD\.jdks\openjdk-24.0.2
2025-11-18 14:54:56.837+02:00 WARN  c.m.a.a.i.c.ConfigurationBuilder - "Sampling overrides" is no longer in preview and it has been GA since 3.5.0 GA,
2025-11-18 14:54:58.962+02:00 INFO  c.m.applicationinsights.agent - Application Insights Java Agent 3.7.5 started successfully (PID 23428, JVM running for 4.376 s)
2025-11-18 14:54:58.967+02:00 INFO  c.m.applicationinsights.agent - Java version: 24.0.2, vendor: Oracle Corporation, home: C:\Users\SuperD\.jdks\openjdk-24.0.2
2025-11-18 14:56:07.663+02:00 ERROR c.a.c.h.netty.NettyAsyncHttpClient - io.netty.channel.ConnectTimeoutException: connection timed out after 10000 ms: /169.254.169.254:80
2025-11-18 14:58:03.953+02:00 WARN  c.m.a.a.i.c.ConfigurationBuilder - "Sampling overrides" is no longer in preview and it has been GA since 3.5.0 GA,
2025-11-18 14:58:05.303+02:00 INFO  c.m.applicationinsights.agent - Application Insights Java Agent 3.7.5 started successfully (PID 44632, JVM running for 3.749 s)
2025-11-18 14:58:05.307+02:00 INFO  c.m.applicationinsights.agent - Java version: 24.0.2, vendor: Oracle Corporation, home: C:\Users\SuperD\.jdks\openjdk-24.0.2
2025-11-18 14:59:13.690+02:00 WARN  c.m.a.a.i.c.ConfigurationBuilder - "Sampling overrides" is no longer in preview and it has been GA since 3.5.0 GA,
2025-11-18 14:59:14.857+02:00 INFO  c.m.applicationinsights.agent - Application Insights Java Agent 3.7.5 started successfully (PID 48540, JVM running for 2.622 s)
2025-11-18 14:59:14.858+02:00 INFO  c.m.applicationinsights.agent - Java version: 24.0.2, vendor: Oracle Corporation, home: C:\Users\SuperD\.jdks\openjdk-24.0.2
2025-11-18 15:00:24.132+02:00 ERROR c.a.c.h.netty.NettyAsyncHttpClient - io.netty.channel.ConnectTimeoutException: connection timed out after 10000 ms: /169.254.169.254:80
2025-11-18 15:03:54.766+02:00 WARN  c.m.a.a.i.c.ConfigurationBuilder - "Sampling overrides" is no longer in preview and it has been GA since 3.5.0 GA,
2025-11-18 15:03:56.443+02:00 INFO  c.m.applicationinsights.agent - Application Insights Java Agent 3.7.5 started successfully (PID 34460, JVM running for 3.495 s)
2025-11-18 15:03:56.450+02:00 INFO  c.m.applicationinsights.agent - Java version: 24.0.2, vendor: Oracle Corporation, home: C:\Users\SuperD\.jdks\openjdk-24.0.2
2025-11-18 15:05:05.382+02:00 ERROR c.a.c.h.netty.NettyAsyncHttpClient - io.netty.channel.ConnectTimeoutException: connection timed out after 10000 ms: /169.254.169.254:80
2025-11-18 15:07:08.195+02:00 WARN  c.m.a.a.i.c.ConfigurationBuilder - "Sampling overrides" is no longer in preview and it has been GA since 3.5.0 GA,
2025-11-18 15:07:09.546+02:00 INFO  c.m.applicationinsights.agent - Application Insights Java Agent 3.7.5 started successfully (PID 37708, JVM running for 2.632 s)
2025-11-18 15:07:09.550+02:00 INFO  c.m.applicationinsights.agent - Java version: 24.0.2, vendor: Oracle Corporation, home: C:\Users\SuperD\.jdks\openjdk-24.0.2
2025-11-18 15:17:23.826+02:00 WARN  c.a.c.i.s.HttpResponseBodyDecoder - Failed to deserialize the error entity.
Unsupported text Content-Type Type: class com.azure.monitor.opentelemetry.autoconfigure.implementation.quickpulse.swagger.models.ServiceError
2025-11-18 15:17:23.867+02:00 ERROR c.a.m.o.a.i.q.QuickPulseCoordinator - QuickPulseDataSender received an error while attempting to send data to quickpulse Status code 503, "The service is unavailable."
2025-11-18 15:30:43.900+02:00 WARN  c.a.c.i.s.HttpResponseBodyDecoder - Failed to deserialize the error entity.
Unsupported text Content-Type Type: class com.azure.monitor.opentelemetry.autoconfigure.implementation.quickpulse.swagger.models.ServiceError
2025-11-18 15:30:43.918+02:00 ERROR c.a.m.o.a.i.q.QuickPulseCoordinator - QuickPulseDataSender received an error while attempting to send data to quickpulse Status code 503, "The service is unavailable."
2025-11-18 15:31:20.166+02:00 WARN  c.a.c.i.s.HttpResponseBodyDecoder - Failed to deserialize the error entity.
Unsupported text Content-Type Type: class com.azure.monitor.opentelemetry.autoconfigure.implementation.quickpulse.swagger.models.ServiceError
2025-11-18 15:31:20.166+02:00 ERROR c.a.m.o.a.i.q.QuickPulseCoordinator - QuickPulseDataSender received an error while attempting to send data to quickpulse Status code 503, "The service is unavailable."
2025-11-18 15:34:40.186+02:00 WARN  c.a.c.i.s.HttpResponseBodyDecoder - Failed to deserialize the error entity.
Unsupported text Content-Type Type: class com.azure.monitor.opentelemetry.autoconfigure.implementation.quickpulse.swagger.models.ServiceError
2025-11-18 15:34:40.187+02:00 ERROR c.a.m.o.a.i.q.QuickPulseCoordinator - QuickPulseDataSender received an error while attempting to send data to quickpulse Status code 503, "The service is unavailable."
2025-11-18 15:36:29.433+02:00 WARN  c.a.c.i.s.HttpResponseBodyDecoder - Failed to deserialize the error entity.
Unsupported text Content-Type Type: class com.azure.monitor.opentelemetry.autoconfigure.implementation.quickpulse.swagger.models.ServiceError
2025-11-18 15:36:29.435+02:00 ERROR c.a.m.o.a.i.q.QuickPulseCoordinator - QuickPulseDataSender received an error while attempting to send data to quickpulse Status code 503, "The service is unavailable."
2025-11-18 15:39:24.962+02:00 WARN  c.a.c.i.s.HttpResponseBodyDecoder - Failed to deserialize the error entity.
Unsupported text Content-Type Type: class com.azure.monitor.opentelemetry.autoconfigure.implementation.quickpulse.swagger.models.ServiceError
2025-11-18 15:39:24.964+02:00 ERROR c.a.m.o.a.i.q.QuickPulseCoordinator - QuickPulseDataSender received an error while attempting to send data to quickpulse Status code 503, "The service is unavailable."
2025-11-18 15:42:22.411+02:00 WARN  c.a.c.i.s.HttpResponseBodyDecoder - Failed to deserialize the error entity.
Unsupported text Content-Type Type: class com.azure.monitor.opentelemetry.autoconfigure.implementation.quickpulse.swagger.models.ServiceError
2025-11-18 15:42:22.413+02:00 ERROR c.a.m.o.a.i.q.QuickPulseCoordinator - QuickPulseDataSender received an error while attempting to send data to quickpulse Status code 503, "The service is unavailable."
2025-11-18 15:45:37.124+02:00 WARN  c.a.c.i.s.HttpResponseBodyDecoder - Failed to deserialize the error entity.
Unsupported text Content-Type Type: class com.azure.monitor.opentelemetry.autoconfigure.implementation.quickpulse.swagger.models.ServiceError
2025-11-18 15:45:37.130+02:00 ERROR c.a.m.o.a.i.q.QuickPulseCoordinator - QuickPulseDataSender received an error while attempting to send data to quickpulse Status code 503, "The service is unavailable."
2025-11-18 16:10:27.782+02:00 WARN  c.m.a.a.i.c.ConfigurationBuilder - "Sampling overrides" is no longer in preview and it has been GA since 3.5.0 GA,
2025-11-18 16:10:29.095+02:00 INFO  c.m.applicationinsights.agent - Application Insights Java Agent 3.7.5 started successfully (PID 16908, JVM running for 4.253 s)
2025-11-18 16:10:29.101+02:00 INFO  c.m.applicationinsights.agent - Java version: 24.0.2, vendor: Oracle Corporation, home: C:\Users\SuperD\.jdks\openjdk-24.0.2
2025-11-18 16:18:32.283+02:00 WARN  c.m.a.a.i.c.ConfigurationBuilder - "Sampling overrides" is no longer in preview and it has been GA since 3.5.0 GA,
2025-11-18 16:18:33.569+02:00 INFO  c.m.applicationinsights.agent - Application Insights Java Agent 3.7.5 started successfully (PID 25964, JVM running for 3.495 s)
2025-11-18 16:18:33.573+02:00 INFO  c.m.applicationinsights.agent - Java version: 24.0.2, vendor: Oracle Corporation, home: C:\Users\SuperD\.jdks\openjdk-24.0.2
2025-11-18 16:34:45.015+02:00 WARN  c.m.a.a.i.c.ConfigurationBuilder - "Sampling overrides" is no longer in preview and it has been GA since 3.5.0 GA,
2025-11-18 16:34:47.195+02:00 INFO  c.m.applicationinsights.agent - Application Insights Java Agent 3.7.5 started successfully (PID 43232, JVM running for 5.232 s)
2025-11-18 16:34:47.200+02:00 INFO  c.m.applicationinsights.agent - Java version: 24.0.2, vendor: Oracle Corporation, home: C:\Users\SuperD\.jdks\openjdk-24.0.2
2025-11-18 16:35:42.845+02:00 WARN  c.m.a.a.i.c.ConfigurationBuilder - "Sampling overrides" is no longer in preview and it has been GA since 3.5.0 GA,
2025-11-18 16:35:44.919+02:00 INFO  c.m.applicationinsights.agent - Application Insights Java Agent 3.7.5 started successfully (PID 14720, JVM running for 4.205 s)
2025-11-18 16:35:44.920+02:00 INFO  c.m.applicationinsights.agent - Java version: 24.0.2, vendor: Oracle Corporation, home: C:\Users\SuperD\.jdks\openjdk-24.0.2
2025-11-18 16:37:03.407+02:00 WARN  c.m.a.a.i.c.ConfigurationBuilder - "Sampling overrides" is no longer in preview and it has been GA since 3.5.0 GA,
2025-11-18 16:37:05.442+02:00 INFO  c.m.applicationinsights.agent - Application Insights Java Agent 3.7.5 started successfully (PID 41948, JVM running for 4.248 s)
2025-11-18 16:37:05.442+02:00 INFO  c.m.applicationinsights.agent - Java version: 24.0.2, vendor: Oracle Corporation, home: C:\Users\SuperD\.jdks\openjdk-24.0.2
2025-11-18 16:39:05.289+02:00 WARN  c.m.a.a.i.c.ConfigurationBuilder - "Sampling overrides" is no longer in preview and it has been GA since 3.5.0 GA,
2025-11-18 16:39:07.276+02:00 INFO  c.m.applicationinsights.agent - Application Insights Java Agent 3.7.5 started successfully (PID 48208, JVM running for 4.113 s)
2025-11-18 16:39:07.277+02:00 INFO  c.m.applicationinsights.agent - Java version: 24.0.2, vendor: Oracle Corporation, home: C:\Users\SuperD\.jdks\openjdk-24.0.2
2025-11-18 16:40:34.635+02:00 WARN  c.m.a.a.i.c.ConfigurationBuilder - "Sampling overrides" is no longer in preview and it has been GA since 3.5.0 GA,
2025-11-18 16:40:35.779+02:00 INFO  c.m.applicationinsights.agent - Application Insights Java Agent 3.7.5 started successfully (PID 20776, JVM running for 2.702 s)
2025-11-18 16:40:35.780+02:00 INFO  c.m.applicationinsights.agent - Java version: 24.0.2, vendor: Oracle Corporation, home: C:\Users\SuperD\.jdks\openjdk-24.0.2
2025-11-18 16:41:45.060+02:00 ERROR c.a.c.h.netty.NettyAsyncHttpClient - io.netty.channel.ConnectTimeoutException: connection timed out after 10000 ms: /169.254.169.254:80
2025-11-18 16:53:29.376+02:00 WARN  c.m.a.a.i.c.ConfigurationBuilder - "Sampling overrides" is no longer in preview and it has been GA since 3.5.0 GA,
2025-11-18 16:53:30.748+02:00 INFO  c.m.applicationinsights.agent - Application Insights Java Agent 3.7.5 started successfully (PID 41412, JVM running for 4.264 s)
2025-11-18 16:53:30.753+02:00 INFO  c.m.applicationinsights.agent - Java version: 24.0.2, vendor: Oracle Corporation, home: C:\Users\SuperD\.jdks\openjdk-24.0.2
2025-11-18 17:18:03.670+02:00 WARN  c.m.a.a.i.c.ConfigurationBuilder - "Sampling overrides" is no longer in preview and it has been GA since 3.5.0 GA,
2025-11-18 17:18:05.746+02:00 INFO  c.m.applicationinsights.agent - Application Insights Java Agent 3.7.5 started successfully (PID 47664, JVM running for 5.124 s)
2025-11-18 17:18:05.752+02:00 INFO  c.m.applicationinsights.agent - Java version: 24.0.2, vendor: Oracle Corporation, home: C:\Users\SuperD\.jdks\openjdk-24.0.2
2025-11-18 17:19:14.486+02:00 ERROR c.a.c.h.netty.NettyAsyncHttpClient - io.netty.channel.ConnectTimeoutException: connection timed out after 10000 ms: /169.254.169.254:80
2025-11-18 17:19:47.645+02:00 WARN  c.a.c.i.s.HttpResponseBodyDecoder - Failed to deserialize the error entity.
Unsupported text Content-Type Type: class com.azure.monitor.opentelemetry.autoconfigure.implementation.quickpulse.swagger.models.ServiceError
2025-11-18 17:19:47.646+02:00 ERROR c.a.m.o.a.i.q.QuickPulseCoordinator - QuickPulseDataSender received an error while attempting to send data to quickpulse Status code 503, "The service is unavailable."
2025-11-18 17:27:26.167+02:00 WARN  c.a.c.i.s.HttpResponseBodyDecoder - Failed to deserialize the error entity.
Unsupported text Content-Type Type: class com.azure.monitor.opentelemetry.autoconfigure.implementation.quickpulse.swagger.models.ServiceError
2025-11-18 17:27:26.170+02:00 ERROR c.a.m.o.a.i.q.QuickPulseCoordinator - QuickPulseDataSender received an error while attempting to send data to quickpulse Status code 503, "The service is unavailable."
2025-11-18 17:29:10.332+02:00 WARN  c.a.c.i.s.HttpResponseBodyDecoder - Failed to deserialize the error entity.
Unsupported text Content-Type Type: class com.azure.monitor.opentelemetry.autoconfigure.implementation.quickpulse.swagger.models.ServiceError
2025-11-18 17:29:10.341+02:00 ERROR c.a.m.o.a.i.q.QuickPulseCoordinator - QuickPulseDataSender received an error while attempting to send data to quickpulse Status code 503, "The service is unavailable."
2025-11-18 17:30:02.480+02:00 WARN  c.a.c.i.s.HttpResponseBodyDecoder - Failed to deserialize the error entity.
Unsupported text Content-Type Type: class com.azure.monitor.opentelemetry.autoconfigure.implementation.quickpulse.swagger.models.ServiceError
2025-11-18 17:30:02.480+02:00 ERROR c.a.m.o.a.i.q.QuickPulseCoordinator - QuickPulseDataSender received an error while attempting to send data to quickpulse Status code 503, "The service is unavailable."
2025-11-18 17:32:08.454+02:00 WARN  c.a.c.i.s.HttpResponseBodyDecoder - Failed to deserialize the error entity.
Unsupported text Content-Type Type: class com.azure.monitor.opentelemetry.autoconfigure.implementation.quickpulse.swagger.models.ServiceError
2025-11-18 17:32:08.456+02:00 ERROR c.a.m.o.a.i.q.QuickPulseCoordinator - QuickPulseDataSender received an error while attempting to send data to quickpulse Status code 503, "The service is unavailable."
2025-11-18 17:34:02.535+02:00 WARN  c.a.c.i.s.HttpResponseBodyDecoder - Failed to deserialize the error entity.
Unsupported text Content-Type Type: class com.azure.monitor.opentelemetry.autoconfigure.implementation.quickpulse.swagger.models.ServiceError
2025-11-18 17:34:02.536+02:00 ERROR c.a.m.o.a.i.q.QuickPulseCoordinator - QuickPulseDataSender received an error while attempting to send data to quickpulse Status code 503, "The service is unavailable."
2025-11-18 17:36:28.607+02:00 WARN  c.a.c.i.s.HttpResponseBodyDecoder - Failed to deserialize the error entity.
Unsupported text Content-Type Type: class com.azure.monitor.opentelemetry.autoconfigure.implementation.quickpulse.swagger.models.ServiceError
2025-11-18 17:36:28.610+02:00 ERROR c.a.m.o.a.i.q.QuickPulseCoordinator - QuickPulseDataSender received an error while attempting to send data to quickpulse Status code 503, "The service is unavailable."
2025-11-18 17:37:46.668+02:00 WARN  c.a.c.i.s.HttpResponseBodyDecoder - Failed to deserialize the error entity.
Unsupported text Content-Type Type: class com.azure.monitor.opentelemetry.autoconfigure.implementation.quickpulse.swagger.models.ServiceError
2025-11-18 17:37:46.669+02:00 ERROR c.a.m.o.a.i.q.QuickPulseCoordinator - QuickPulseDataSender received an error while attempting to send data to quickpulse Status code 503, "The service is unavailable."
2025-11-18 17:39:14.917+02:00 WARN  c.a.c.i.s.HttpResponseBodyDecoder - Failed to deserialize the error entity.
Unsupported text Content-Type Type: class com.azure.monitor.opentelemetry.autoconfigure.implementation.quickpulse.swagger.models.ServiceError
2025-11-18 17:39:14.919+02:00 ERROR c.a.m.o.a.i.q.QuickPulseCoordinator - QuickPulseDataSender received an error while attempting to send data to quickpulse Status code 503, "The service is unavailable."
2025-11-18 17:39:54.938+02:00 WARN  c.m.a.a.i.c.ConfigurationBuilder - "Sampling overrides" is no longer in preview and it has been GA since 3.5.0 GA,
2025-11-18 17:39:58.945+02:00 INFO  c.m.applicationinsights.agent - Application Insights Java Agent 3.7.5 started successfully (PID 44068, JVM running for 9.204 s)
2025-11-18 17:39:58.947+02:00 INFO  c.m.applicationinsights.agent - Java version: 24.0.2, vendor: Oracle Corporation, home: C:\Users\SuperD\.jdks\openjdk-24.0.2
2025-11-18 17:41:06.039+02:00 ERROR c.a.c.h.netty.NettyAsyncHttpClient - io.netty.channel.ConnectTimeoutException: connection timed out after 10000 ms: /169.254.169.254:80
2025-11-18 17:42:57.099+02:00 WARN  c.a.c.i.s.HttpResponseBodyDecoder - Failed to deserialize the error entity.
Unsupported text Content-Type Type: class com.azure.monitor.opentelemetry.autoconfigure.implementation.quickpulse.swagger.models.ServiceError
2025-11-18 17:42:57.099+02:00 ERROR c.a.m.o.a.i.q.QuickPulseCoordinator - QuickPulseDataSender received an error while attempting to send data to quickpulse Status code 503, "The service is unavailable."
2025-11-18 17:48:39.427+02:00 WARN  c.a.c.i.s.HttpResponseBodyDecoder - Failed to deserialize the error entity.
Unsupported text Content-Type Type: class com.azure.monitor.opentelemetry.autoconfigure.implementation.quickpulse.swagger.models.ServiceError
2025-11-18 17:48:39.430+02:00 ERROR c.a.m.o.a.i.q.QuickPulseCoordinator - QuickPulseDataSender received an error while attempting to send data to quickpulse Status code 503, "The service is unavailable."
2025-11-18 17:49:32.939+02:00 WARN  c.m.a.a.i.c.ConfigurationBuilder - "Sampling overrides" is no longer in preview and it has been GA since 3.5.0 GA,
2025-11-18 17:49:34.253+02:00 INFO  c.m.applicationinsights.agent - Application Insights Java Agent 3.7.5 started successfully (PID 48832, JVM running for 3.91 s)
2025-11-18 17:49:34.257+02:00 INFO  c.m.applicationinsights.agent - Java version: 24.0.2, vendor: Oracle Corporation, home: C:\Users\SuperD\.jdks\openjdk-24.0.2
2025-11-18 17:50:43.444+02:00 ERROR c.a.c.h.netty.NettyAsyncHttpClient - io.netty.channel.ConnectTimeoutException: connection timed out after 10000 ms: /169.254.169.254:80
2025-11-18 17:51:02.342+02:00 WARN  c.a.c.i.s.HttpResponseBodyDecoder - Failed to deserialize the error entity.
Unsupported text Content-Type Type: class com.azure.monitor.opentelemetry.autoconfigure.implementation.quickpulse.swagger.models.ServiceError
2025-11-18 17:51:02.343+02:00 ERROR c.a.m.o.a.i.q.QuickPulseCoordinator - QuickPulseDataSender received an error while attempting to send data to quickpulse Status code 503, "The service is unavailable."
2025-11-18 17:51:33.630+02:00 WARN  c.a.c.i.s.HttpResponseBodyDecoder - Failed to deserialize the error entity.
Unsupported text Content-Type Type: class com.azure.monitor.opentelemetry.autoconfigure.implementation.quickpulse.swagger.models.ServiceError
2025-11-18 17:51:33.631+02:00 ERROR c.a.m.o.a.i.q.QuickPulseCoordinator - QuickPulseDataSender received an error while attempting to send data to quickpulse Status code 503, "The service is unavailable."
2025-11-18 17:52:04.977+02:00 WARN  c.a.c.i.s.HttpResponseBodyDecoder - Failed to deserialize the error entity.
Unsupported text Content-Type Type: class com.azure.monitor.opentelemetry.autoconfigure.implementation.quickpulse.swagger.models.ServiceError
2025-11-18 17:52:04.979+02:00 ERROR c.a.m.o.a.i.q.QuickPulseCoordinator - QuickPulseDataSender received an error while attempting to send data to quickpulse Status code 503, "The service is unavailable."
2025-11-18 18:00:42.801+02:00 WARN  c.a.c.i.s.HttpResponseBodyDecoder - Failed to deserialize the error entity.
Unsupported text Content-Type Type: class com.azure.monitor.opentelemetry.autoconfigure.implementation.quickpulse.swagger.models.ServiceError
2025-11-18 18:00:42.808+02:00 ERROR c.a.m.o.a.i.q.QuickPulseCoordinator - QuickPulseDataSender received an error while attempting to send data to quickpulse Status code 503, "The service is unavailable."
2025-11-18 18:02:06.590+02:00 WARN  c.a.c.i.s.HttpResponseBodyDecoder - Failed to deserialize the error entity.
Unsupported text Content-Type Type: class com.azure.monitor.opentelemetry.autoconfigure.implementation.quickpulse.swagger.models.ServiceError
2025-11-18 18:02:06.591+02:00 ERROR c.a.m.o.a.i.q.QuickPulseCoordinator - QuickPulseDataSender received an error while attempting to send data to quickpulse Status code 503, "The service is unavailable."
2025-11-18 18:02:11.639+02:00 WARN  c.a.c.i.s.HttpResponseBodyDecoder - Failed to deserialize the error entity.
Unsupported text Content-Type Type: class com.azure.monitor.opentelemetry.autoconfigure.implementation.quickpulse.swagger.models.ServiceError
2025-11-18 18:02:11.640+02:00 ERROR c.a.m.o.a.i.q.QuickPulseCoordinator - QuickPulseDataSender received an error while attempting to send data to quickpulse Status code 503, "The service is unavailable."
2025-11-18 18:04:19.928+02:00 WARN  c.a.c.i.s.HttpResponseBodyDecoder - Failed to deserialize the error entity.
Unsupported text Content-Type Type: class com.azure.monitor.opentelemetry.autoconfigure.implementation.quickpulse.swagger.models.ServiceError
2025-11-18 18:04:19.932+02:00 ERROR c.a.m.o.a.i.q.QuickPulseCoordinator - QuickPulseDataSender received an error while attempting to send data to quickpulse Status code 503, "The service is unavailable."
2025-11-18 18:06:14.197+02:00 WARN  c.a.c.i.s.HttpResponseBodyDecoder - Failed to deserialize the error entity.
Unsupported text Content-Type Type: class com.azure.monitor.opentelemetry.autoconfigure.implementation.quickpulse.swagger.models.ServiceError
2025-11-18 18:06:14.197+02:00 ERROR c.a.m.o.a.i.q.QuickPulseCoordinator - QuickPulseDataSender received an error while attempting to send data to quickpulse Status code 503, "The service is unavailable."
2025-11-18 18:08:36.048+02:00 WARN  c.a.c.i.s.HttpResponseBodyDecoder - Failed to deserialize the error entity.
Unsupported text Content-Type Type: class com.azure.monitor.opentelemetry.autoconfigure.implementation.quickpulse.swagger.models.ServiceError
2025-11-18 18:08:36.049+02:00 ERROR c.a.m.o.a.i.q.QuickPulseCoordinator - QuickPulseDataSender received an error while attempting to send data to quickpulse Status code 503, "The service is unavailable."
2025-11-18 18:09:57.513+02:00 WARN  c.m.a.a.i.c.ConfigurationBuilder - "Sampling overrides" is no longer in preview and it has been GA since 3.5.0 GA,
2025-11-18 18:09:58.895+02:00 INFO  c.m.applicationinsights.agent - Application Insights Java Agent 3.7.5 started successfully (PID 35936, JVM running for 4.759 s)
2025-11-18 18:09:58.898+02:00 INFO  c.m.applicationinsights.agent - Java version: 24.0.2, vendor: Oracle Corporation, home: C:\Users\SuperD\.jdks\openjdk-24.0.2
2025-11-18 18:11:08.114+02:00 ERROR c.a.c.h.netty.NettyAsyncHttpClient - io.netty.channel.ConnectTimeoutException: connection timed out after 10000 ms: /169.254.169.254:80
2025-11-18 18:11:27.378+02:00 WARN  c.a.c.i.s.HttpResponseBodyDecoder - Failed to deserialize the error entity.
Unsupported text Content-Type Type: class com.azure.monitor.opentelemetry.autoconfigure.implementation.quickpulse.swagger.models.ServiceError
2025-11-18 18:11:27.379+02:00 ERROR c.a.m.o.a.i.q.QuickPulseCoordinator - QuickPulseDataSender received an error while attempting to send data to quickpulse Status code 503, "The service is unavailable."
2025-11-18 18:13:27.189+02:00 WARN  c.a.c.i.s.HttpResponseBodyDecoder - Failed to deserialize the error entity.
Unsupported text Content-Type Type: class com.azure.monitor.opentelemetry.autoconfigure.implementation.quickpulse.swagger.models.ServiceError
2025-11-18 18:13:27.189+02:00 ERROR c.a.m.o.a.i.q.QuickPulseCoordinator - QuickPulseDataSender received an error while attempting to send data to quickpulse Status code 503, "The service is unavailable."
2025-11-18 18:14:37.385+02:00 WARN  c.a.c.i.s.HttpResponseBodyDecoder - Failed to deserialize the error entity.
Unsupported text Content-Type Type: class com.azure.monitor.opentelemetry.autoconfigure.implementation.quickpulse.swagger.models.ServiceError
2025-11-18 18:14:37.386+02:00 ERROR c.a.m.o.a.i.q.QuickPulseCoordinator - QuickPulseDataSender received an error while attempting to send data to quickpulse Status code 503, "The service is unavailable."
2025-11-18 18:15:04.195+02:00 WARN  c.a.c.i.s.HttpResponseBodyDecoder - Failed to deserialize the error entity.
Unsupported text Content-Type Type: class com.azure.monitor.opentelemetry.autoconfigure.implementation.quickpulse.swagger.models.ServiceError
2025-11-18 18:15:04.195+02:00 ERROR c.a.m.o.a.i.q.QuickPulseCoordinator - QuickPulseDataSender received an error while attempting to send data to quickpulse Status code 503, "The service is unavailable."
2025-11-18 18:16:37.000+02:00 WARN  c.a.c.i.s.HttpResponseBodyDecoder - Failed to deserialize the error entity.
Unsupported text Content-Type Type: class com.azure.monitor.opentelemetry.autoconfigure.implementation.quickpulse.swagger.models.ServiceError
2025-11-18 18:16:37.001+02:00 ERROR c.a.m.o.a.i.q.QuickPulseCoordinator - QuickPulseDataSender received an error while attempting to send data to quickpulse Status code 503, "The service is unavailable."
2025-11-18 18:22:42.116+02:00 WARN  c.a.c.i.s.HttpResponseBodyDecoder - Failed to deserialize the error entity.
Unsupported text Content-Type Type: class com.azure.monitor.opentelemetry.autoconfigure.implementation.quickpulse.swagger.models.ServiceError
2025-11-18 18:22:42.118+02:00 ERROR c.a.m.o.a.i.q.QuickPulseCoordinator - QuickPulseDataSender received an error while attempting to send data to quickpulse Status code 503, "The service is unavailable."
2025-11-18 18:25:59.102+02:00 WARN  c.a.c.i.s.HttpResponseBodyDecoder - Failed to deserialize the error entity.
Unsupported text Content-Type Type: class com.azure.monitor.opentelemetry.autoconfigure.implementation.quickpulse.swagger.models.ServiceError
2025-11-18 18:25:59.105+02:00 ERROR c.a.m.o.a.i.q.QuickPulseCoordinator - QuickPulseDataSender received an error while attempting to send data to quickpulse Status code 503, "The service is unavailable."
2025-11-18 19:20:47.802+02:00 WARN  c.a.m.o.a.i.q.QuickPulsePingSender - Pinging live metrics endpoint: Connection reset (future warnings will be aggregated and logged once every 5 minutes)
java.net.SocketException: Connection reset
	at java.base/sun.nio.ch.SocketChannelImpl.throwConnectionReset(SocketChannelImpl.java:399)
	at java.base/sun.nio.ch.SocketChannelImpl.implRead(SocketChannelImpl.java:431)
	at java.base/sun.nio.ch.SocketChannelImpl.read(SocketChannelImpl.java:489)
	at io.netty.buffer.AdaptivePoolingAllocator$AdaptiveByteBuf.setBytes(AdaptivePoolingAllocator.java:1816)
	at io.netty.buffer.AbstractByteBuf.writeBytes(AbstractByteBuf.java:1139)
	at io.netty.channel.socket.nio.NioSocketChannel.doReadBytes(NioSocketChannel.java:350)
	at io.netty.channel.nio.AbstractNioByteChannel$NioByteUnsafe.read(AbstractNioByteChannel.java:152)
	at io.netty.channel.nio.AbstractNioChannel$AbstractNioUnsafe.handle(AbstractNioChannel.java:445)
	at io.netty.channel.nio.NioIoHandler$DefaultNioRegistration.handle(NioIoHandler.java:381)
	at io.netty.channel.nio.NioIoHandler.processSelectedKey(NioIoHandler.java:575)
	at io.netty.channel.nio.NioIoHandler.processSelectedKeysOptimized(NioIoHandler.java:550)
	at io.netty.channel.nio.NioIoHandler.processSelectedKeys(NioIoHandler.java:491)
	at io.netty.channel.nio.NioIoHandler.run(NioIoHandler.java:468)
	at io.netty.channel.SingleThreadIoEventLoop.runIo(SingleThreadIoEventLoop.java:207)
	at io.netty.channel.SingleThreadIoEventLoop.run(SingleThreadIoEventLoop.java:178)
	at io.netty.util.concurrent.SingleThreadEventExecutor$5.run(SingleThreadEventExecutor.java:1073)
	at io.netty.util.internal.ThreadExecutorMap$2.run(ThreadExecutorMap.java:74)
	at io.netty.util.concurrent.FastThreadLocalRunnable.run(FastThreadLocalRunnable.java:30)
	at java.base/java.lang.Thread.run(Thread.java:1447)
2025-11-18 19:21:37.397+02:00 WARN  c.m.a.a.i.c.ConfigurationBuilder - "Sampling overrides" is no longer in preview and it has been GA since 3.5.0 GA,
2025-11-18 19:21:38.653+02:00 INFO  c.m.applicationinsights.agent - Application Insights Java Agent 3.7.5 started successfully (PID 53572, JVM running for 5.017 s)
2025-11-18 19:21:38.655+02:00 INFO  c.m.applicationinsights.agent - Java version: 24.0.2, vendor: Oracle Corporation, home: C:\Users\SuperD\.jdks\openjdk-24.0.2
2025-11-18 19:22:47.885+02:00 ERROR c.a.c.h.netty.NettyAsyncHttpClient - io.netty.channel.ConnectTimeoutException: connection timed out after 10000 ms: /169.254.169.254:80
2025-11-18 19:30:01.101+02:00 WARN  c.a.c.i.s.HttpResponseBodyDecoder - Failed to deserialize the error entity.
Unsupported text Content-Type Type: class com.azure.monitor.opentelemetry.autoconfigure.implementation.quickpulse.swagger.models.ServiceError
2025-11-18 19:30:01.113+02:00 WARN  c.a.m.o.a.i.q.QuickPulsePingSender - Pinging live metrics endpoint: Unsupported text Content-Type Type: class com.azure.monitor.opentelemetry.autoconfigure.implementation.quickpulse.swagger.models.ServiceError (future warnings will be aggregated and logged once every 5 minutes)
java.lang.IllegalStateException: Unsupported text Content-Type Type: class com.azure.monitor.opentelemetry.autoconfigure.implementation.quickpulse.swagger.models.ServiceError
	at com.azure.core.util.serializer.JacksonAdapter.deserializeText(JacksonAdapter.java:452)
	at com.azure.core.util.serializer.JacksonAdapter.lambda$deserialize$9(JacksonAdapter.java:353)
	at com.azure.core.util.serializer.JacksonAdapter.useAccessHelper(JacksonAdapter.java:488)
	at com.azure.core.util.serializer.JacksonAdapter.deserialize(JacksonAdapter.java:346)
	at com.azure.core.implementation.serializer.HttpResponseBodyDecoder.deserialize(HttpResponseBodyDecoder.java:176)
	at com.azure.core.implementation.serializer.HttpResponseBodyDecoder.deserializeBody(HttpResponseBodyDecoder.java:150)
	at com.azure.core.implementation.serializer.HttpResponseBodyDecoder.decodeByteArray(HttpResponseBodyDecoder.java:67)
	at com.azure.core.implementation.serializer.HttpResponseDecoder$HttpDecodedResponse.getDecodedBody(HttpResponseDecoder.java:93)
	at com.azure.core.implementation.http.rest.AsyncRestProxy.lambda$ensureExpectedStatus$1(AsyncRestProxy.java:136)
	at reactor.core.publisher.FluxMapFuseable$MapFuseableSubscriber.onNext(FluxMapFuseable.java:113)
	at reactor.core.publisher.Operators$ScalarSubscription.request(Operators.java:2570)
	at reactor.core.publisher.FluxMapFuseable$MapFuseableSubscriber.request(FluxMapFuseable.java:171)
	at reactor.core.publisher.Operators$MultiSubscriptionSubscriber.set(Operators.java:2366)
	at reactor.core.publisher.Operators$MultiSubscriptionSubscriber.onSubscribe(Operators.java:2240)
	at reactor.core.publisher.FluxMapFuseable$MapFuseableSubscriber.onSubscribe(FluxMapFuseable.java:96)
	at reactor.core.publisher.MonoJust.subscribe(MonoJust.java:55)
	at reactor.core.publisher.InternalMonoOperator.subscribe(InternalMonoOperator.java:76)
	at reactor.core.publisher.MonoFlatMap$FlatMapMain.onNext(MonoFlatMap.java:165)
	at reactor.core.publisher.FluxMapFuseable$MapFuseableSubscriber.onNext(FluxMapFuseable.java:129)
	at reactor.core.publisher.FluxHide$SuppressFuseableSubscriber.onNext(FluxHide.java:137)
	at reactor.core.publisher.MonoFlatMap$FlatMapMain.onNext(MonoFlatMap.java:158)
	at reactor.core.publisher.FluxOnErrorResume$ResumeSubscriber.onNext(FluxOnErrorResume.java:79)
	at reactor.core.publisher.MonoFlatMap$FlatMapMain.onNext(MonoFlatMap.java:158)
	at reactor.core.publisher.Operators$MonoInnerProducerBase.complete(Operators.java:2864)
	at reactor.core.publisher.MonoSingle$SingleSubscriber.onComplete(MonoSingle.java:180)
	at reactor.core.publisher.MonoFlatMapMany$FlatMapManyInner.onComplete(MonoFlatMapMany.java:261)
	at reactor.core.publisher.FluxContextWrite$ContextWriteSubscriber.onComplete(FluxContextWrite.java:126)
	at reactor.core.publisher.MonoUsing$MonoUsingSubscriber.onNext(MonoUsing.java:232)
	at reactor.core.publisher.FluxMap$MapSubscriber.onNext(FluxMap.java:122)
	at reactor.core.publisher.FluxSwitchIfEmpty$SwitchIfEmptySubscriber.onNext(FluxSwitchIfEmpty.java:74)
	at reactor.core.publisher.FluxHandle$HandleSubscriber.onNext(FluxHandle.java:129)
	at reactor.core.publisher.FluxMap$MapConditionalSubscriber.onNext(FluxMap.java:224)
	at reactor.core.publisher.FluxDoFinally$DoFinallySubscriber.onNext(FluxDoFinally.java:113)
	at reactor.core.publisher.FluxHandleFuseable$HandleFuseableSubscriber.onNext(FluxHandleFuseable.java:194)
	at reactor.core.publisher.FluxContextWrite$ContextWriteSubscriber.onNext(FluxContextWrite.java:107)
	at reactor.core.publisher.Operators$BaseFluxToMonoOperator.completePossiblyEmpty(Operators.java:2096)
	at reactor.core.publisher.MonoCollectList$MonoCollectListSubscriber.onComplete(MonoCollectList.java:118)
	at reactor.core.publisher.FluxPeek$PeekSubscriber.onComplete(FluxPeek.java:260)
	at reactor.core.publisher.FluxMap$MapSubscriber.onComplete(FluxMap.java:144)
	at reactor.netty.channel.FluxReceive.onInboundComplete(FluxReceive.java:413)
	at reactor.netty.channel.ChannelOperations.onInboundComplete(ChannelOperations.java:455)
	at reactor.netty.channel.ChannelOperations.terminate(ChannelOperations.java:509)
	at reactor.netty.http.client.HttpClientOperations.onInboundNext(HttpClientOperations.java:846)
	at reactor.netty.channel.ChannelOperationsHandler.channelRead(ChannelOperationsHandler.java:115)
	at io.netty.channel.AbstractChannelHandlerContext.fireChannelRead(AbstractChannelHandlerContext.java:356)
	at com.azure.core.http.netty.implementation.AzureSdkHandler.channelRead(AzureSdkHandler.java:224)
	at io.netty.channel.AbstractChannelHandlerContext.fireChannelRead(AbstractChannelHandlerContext.java:354)
	at io.netty.channel.CombinedChannelDuplexHandler$DelegatingChannelHandlerContext.fireChannelRead(CombinedChannelDuplexHandler.java:434)
	at io.netty.handler.codec.ByteToMessageDecoder.fireChannelRead(ByteToMessageDecoder.java:346)
	at io.netty.handler.codec.ByteToMessageDecoder.channelRead(ByteToMessageDecoder.java:318)
	at io.netty.channel.CombinedChannelDuplexHandler.channelRead(CombinedChannelDuplexHandler.java:249)
	at io.netty.channel.AbstractChannelHandlerContext.fireChannelRead(AbstractChannelHandlerContext.java:354)
	at io.netty.handler.ssl.SslHandler.unwrap(SslHandler.java:1540)
	at io.netty.handler.ssl.SslHandler.decodeJdkCompatible(SslHandler.java:1398)
	at io.netty.handler.ssl.SslHandler.decode(SslHandler.java:1449)
	at io.netty.handler.codec.ByteToMessageDecoder.decodeRemovalReentryProtection(ByteToMessageDecoder.java:530)
	at io.netty.handler.codec.ByteToMessageDecoder.callDecode(ByteToMessageDecoder.java:469)
	at io.netty.handler.codec.ByteToMessageDecoder.channelRead(ByteToMessageDecoder.java:290)
	at io.netty.channel.AbstractChannelHandlerContext.fireChannelRead(AbstractChannelHandlerContext.java:356)
	at io.netty.channel.DefaultChannelPipeline$HeadContext.channelRead(DefaultChannelPipeline.java:1429)
	at io.netty.channel.DefaultChannelPipeline.fireChannelRead(DefaultChannelPipeline.java:918)
	at io.netty.channel.nio.AbstractNioByteChannel$NioByteUnsafe.read(AbstractNioByteChannel.java:167)
	at io.netty.channel.nio.AbstractNioChannel$AbstractNioUnsafe.handle(AbstractNioChannel.java:445)
	at io.netty.channel.nio.NioIoHandler$DefaultNioRegistration.handle(NioIoHandler.java:381)
	at io.netty.channel.nio.NioIoHandler.processSelectedKey(NioIoHandler.java:575)
	at io.netty.channel.nio.NioIoHandler.processSelectedKeysOptimized(NioIoHandler.java:550)
	at io.netty.channel.nio.NioIoHandler.processSelectedKeys(NioIoHandler.java:491)
	at io.netty.channel.nio.NioIoHandler.run(NioIoHandler.java:468)
	at io.netty.channel.SingleThreadIoEventLoop.runIo(SingleThreadIoEventLoop.java:207)
	at io.netty.channel.SingleThreadIoEventLoop.run(SingleThreadIoEventLoop.java:178)
	at io.netty.util.concurrent.SingleThreadEventExecutor$5.run(SingleThreadEventExecutor.java:1073)
	at io.netty.util.internal.ThreadExecutorMap$2.run(ThreadExecutorMap.java:74)
	at io.netty.util.concurrent.FastThreadLocalRunnable.run(FastThreadLocalRunnable.java:30)
	at java.base/java.lang.Thread.run(Thread.java:1447)
2025-11-18 19:31:54.861+02:00 WARN  c.a.c.i.s.HttpResponseBodyDecoder - Failed to deserialize the error entity.
Unsupported text Content-Type Type: class com.azure.monitor.opentelemetry.autoconfigure.implementation.quickpulse.swagger.models.ServiceError
2025-11-18 19:35:01.147+02:00 WARN  c.a.m.o.a.i.q.QuickPulsePingSender - In the last 5 minutes, the following operation has failed 1 times (out of 154): Pinging live metrics endpoint:
 * Unsupported text Content-Type Type: class com.azure.monitor.opentelemetry.autoconfigure.implementation.quickpulse.swagger.models.ServiceError (1 times)
2025-11-18 19:42:04.109+02:00 WARN  c.a.c.i.s.HttpResponseBodyDecoder - Failed to deserialize the error entity.
Unsupported text Content-Type Type: class com.azure.monitor.opentelemetry.autoconfigure.implementation.quickpulse.swagger.models.ServiceError
2025-11-18 19:45:01.156+02:00 WARN  c.a.m.o.a.i.q.QuickPulsePingSender - In the last 5 minutes, the following operation has failed 1 times (out of 58): Pinging live metrics endpoint:
 * Unsupported text Content-Type Type: class com.azure.monitor.opentelemetry.autoconfigure.implementation.quickpulse.swagger.models.ServiceError (1 times)
2025-11-18 19:50:08.379+02:00 ERROR c.a.m.o.a.i.p.TelemetryPipeline - 
*************************
Failed to connect to https://westeurope-5.in.applicationinsights.azure.com/v2.1/track
*************************

Description:
Unable to resolve host in url

Action:
Please update your network configuration so that the host in this url can be resolved: https://westeurope-5.in.applicationinsights.azure.com/v2.1/track
Learn more about troubleshooting unknown host exception here: https://go.microsoft.com/fwlink/?linkid=2185830

Note:
This message is only logged the first time it occurs after startup.

2025-11-18 19:50:09.044+02:00 ERROR c.a.m.o.a.i.q.QuickPulsePingSender - 
*************************
Failed to connect to https://westeurope.livediagnostics.monitor.azure.com/
*************************

Description:
Unable to resolve host in url

Action:
Please update your network configuration so that the host in this url can be resolved: https://westeurope.livediagnostics.monitor.azure.com/
Learn more about troubleshooting unknown host exception here: https://go.microsoft.com/fwlink/?linkid=2185830

Note:
This message is only logged the first time it occurs after startup.

2025-11-18 19:55:01.178+02:00 WARN  c.a.m.o.a.i.q.QuickPulsePingSender - In the last 5 minutes, the following operation has failed 1 times (out of 55): Pinging live metrics endpoint:
 * Connection reset (1 times)
2025-11-18 20:17:23.366+02:00 WARN  c.a.c.i.s.HttpResponseBodyDecoder - Failed to deserialize the error entity.
Unsupported text Content-Type Type: class com.azure.monitor.opentelemetry.autoconfigure.implementation.quickpulse.swagger.models.ServiceError
2025-11-18 20:20:01.213+02:00 WARN  c.a.m.o.a.i.q.QuickPulsePingSender - In the last 5 minutes, the following operation has failed 1 times (out of 58): Pinging live metrics endpoint:
 * Unsupported text Content-Type Type: class com.azure.monitor.opentelemetry.autoconfigure.implementation.quickpulse.swagger.models.ServiceError (1 times)
2025-11-18 20:26:49.104+02:00 WARN  c.a.c.i.s.HttpResponseBodyDecoder - Failed to deserialize the error entity.
Unsupported text Content-Type Type: class com.azure.monitor.opentelemetry.autoconfigure.implementation.quickpulse.swagger.models.ServiceError
2025-11-18 20:30:01.214+02:00 WARN  c.a.m.o.a.i.q.QuickPulsePingSender - In the last 5 minutes, the following operation has failed 1 times (out of 58): Pinging live metrics endpoint:
 * Unsupported text Content-Type Type: class com.azure.monitor.opentelemetry.autoconfigure.implementation.quickpulse.swagger.models.ServiceError (1 times)
2025-11-18 21:03:18.456+02:00 WARN  c.m.a.a.i.c.ConfigurationBuilder - "Sampling overrides" is no longer in preview and it has been GA since 3.5.0 GA,
2025-11-18 21:03:19.707+02:00 INFO  c.m.applicationinsights.agent - Application Insights Java Agent 3.7.5 started successfully (PID 54444, JVM running for 3.283 s)
2025-11-18 21:03:19.709+02:00 INFO  c.m.applicationinsights.agent - Java version: 24.0.2, vendor: Oracle Corporation, home: C:\Users\SuperD\.jdks\openjdk-24.0.2
2025-11-18 21:04:28.927+02:00 ERROR c.a.c.h.netty.NettyAsyncHttpClient - io.netty.channel.ConnectTimeoutException: connection timed out after 10000 ms: /169.254.169.254:80
2025-11-18 21:27:51.909+02:00 WARN  c.a.m.o.a.i.q.QuickPulsePingSender - Pinging live metrics endpoint: Connection reset (future warnings will be aggregated and logged once every 5 minutes)
java.net.SocketException: Connection reset
	at java.base/sun.nio.ch.SocketChannelImpl.throwConnectionReset(SocketChannelImpl.java:399)
	at java.base/sun.nio.ch.SocketChannelImpl.implRead(SocketChannelImpl.java:431)
	at java.base/sun.nio.ch.SocketChannelImpl.read(SocketChannelImpl.java:489)
	at io.netty.buffer.AdaptivePoolingAllocator$AdaptiveByteBuf.setBytes(AdaptivePoolingAllocator.java:1816)
	at io.netty.buffer.AbstractByteBuf.writeBytes(AbstractByteBuf.java:1139)
	at io.netty.channel.socket.nio.NioSocketChannel.doReadBytes(NioSocketChannel.java:350)
	at io.netty.channel.nio.AbstractNioByteChannel$NioByteUnsafe.read(AbstractNioByteChannel.java:152)
	at io.netty.channel.nio.AbstractNioChannel$AbstractNioUnsafe.handle(AbstractNioChannel.java:445)
	at io.netty.channel.nio.NioIoHandler$DefaultNioRegistration.handle(NioIoHandler.java:381)
	at io.netty.channel.nio.NioIoHandler.processSelectedKey(NioIoHandler.java:575)
	at io.netty.channel.nio.NioIoHandler.processSelectedKeysOptimized(NioIoHandler.java:550)
	at io.netty.channel.nio.NioIoHandler.processSelectedKeys(NioIoHandler.java:491)
	at io.netty.channel.nio.NioIoHandler.run(NioIoHandler.java:468)
	at io.netty.channel.SingleThreadIoEventLoop.runIo(SingleThreadIoEventLoop.java:207)
	at io.netty.channel.SingleThreadIoEventLoop.run(SingleThreadIoEventLoop.java:178)
	at io.netty.util.concurrent.SingleThreadEventExecutor$5.run(SingleThreadEventExecutor.java:1073)
	at io.netty.util.internal.ThreadExecutorMap$2.run(ThreadExecutorMap.java:74)
	at io.netty.util.concurrent.FastThreadLocalRunnable.run(FastThreadLocalRunnable.java:30)
	at java.base/java.lang.Thread.run(Thread.java:1447)
2025-11-18 21:28:11.044+02:00 WARN  c.a.m.o.a.i.p.TelemetryPipeline - Sending telemetry to the ingestion service (retry from disk): Connection reset (https://westeurope-5.in.applicationinsights.azure.com/v2.1/track) (will be retried again) (future warnings will be aggregated and logged once every 5 minutes)
java.net.SocketException: Connection reset
	at java.base/sun.nio.ch.SocketChannelImpl.throwConnectionReset(SocketChannelImpl.java:399)
	at java.base/sun.nio.ch.SocketChannelImpl.implRead(SocketChannelImpl.java:431)
	at java.base/sun.nio.ch.SocketChannelImpl.read(SocketChannelImpl.java:489)
	at io.netty.buffer.AdaptivePoolingAllocator$AdaptiveByteBuf.setBytes(AdaptivePoolingAllocator.java:1816)
	at io.netty.buffer.AbstractByteBuf.writeBytes(AbstractByteBuf.java:1139)
	at io.netty.channel.socket.nio.NioSocketChannel.doReadBytes(NioSocketChannel.java:350)
	at io.netty.channel.nio.AbstractNioByteChannel$NioByteUnsafe.read(AbstractNioByteChannel.java:152)
	at io.netty.channel.nio.AbstractNioChannel$AbstractNioUnsafe.handle(AbstractNioChannel.java:445)
	at io.netty.channel.nio.NioIoHandler$DefaultNioRegistration.handle(NioIoHandler.java:381)
	at io.netty.channel.nio.NioIoHandler.processSelectedKey(NioIoHandler.java:575)
	at io.netty.channel.nio.NioIoHandler.processSelectedKeysOptimized(NioIoHandler.java:550)
	at io.netty.channel.nio.NioIoHandler.processSelectedKeys(NioIoHandler.java:491)
	at io.netty.channel.nio.NioIoHandler.run(NioIoHandler.java:468)
	at io.netty.channel.SingleThreadIoEventLoop.runIo(SingleThreadIoEventLoop.java:207)
	at io.netty.channel.SingleThreadIoEventLoop.run(SingleThreadIoEventLoop.java:178)
	at io.netty.util.concurrent.SingleThreadEventExecutor$5.run(SingleThreadEventExecutor.java:1073)
	at io.netty.util.internal.ThreadExecutorMap$2.run(ThreadExecutorMap.java:74)
	at io.netty.util.concurrent.FastThreadLocalRunnable.run(FastThreadLocalRunnable.java:30)
	at java.base/java.lang.Thread.run(Thread.java:1447)
2025-11-18 21:33:11.057+02:00 WARN  c.a.m.o.a.i.p.TelemetryPipeline - In the last 5 minutes, the following operation has failed 1 times (out of 2): Sending telemetry to the ingestion service (retry from disk):
 * Connection reset (https://westeurope-5.in.applicationinsights.azure.com/v2.1/track) (will be retried again) (1 times)
2025-11-18 21:39:34.071+02:00 WARN  c.a.c.i.s.HttpResponseBodyDecoder - Failed to deserialize the error entity.
Unsupported text Content-Type Type: class com.azure.monitor.opentelemetry.autoconfigure.implementation.quickpulse.swagger.models.ServiceError
2025-11-18 21:42:51.930+02:00 WARN  c.a.m.o.a.i.q.QuickPulsePingSender - In the last 5 minutes, the following operation has failed 1 times (out of 57): Pinging live metrics endpoint:
 * Unsupported text Content-Type Type: class com.azure.monitor.opentelemetry.autoconfigure.implementation.quickpulse.swagger.models.ServiceError (1 times)
2025-11-18 22:35:58.758+02:00 ERROR c.a.m.o.a.i.q.QuickPulsePingSender - 
*************************
Failed to connect to https://westeurope.livediagnostics.monitor.azure.com/
*************************

Description:
Unable to resolve host in url

Action:
Please update your network configuration so that the host in this url can be resolved: https://westeurope.livediagnostics.monitor.azure.com/
Learn more about troubleshooting unknown host exception here: https://go.microsoft.com/fwlink/?linkid=2185830

Note:
This message is only logged the first time it occurs after startup.

2025-11-18 22:36:07.272+02:00 ERROR c.a.m.o.a.i.p.TelemetryPipeline - 
*************************
Failed to connect to https://westeurope-5.in.applicationinsights.azure.com/v2.1/track
*************************

Description:
Unable to resolve host in url

Action:
Please update your network configuration so that the host in this url can be resolved: https://westeurope-5.in.applicationinsights.azure.com/v2.1/track
Learn more about troubleshooting unknown host exception here: https://go.microsoft.com/fwlink/?linkid=2185830

Note:
This message is only logged the first time it occurs after startup.

2025-11-18 22:37:51.988+02:00 WARN  c.a.m.o.a.i.q.QuickPulsePingSender - In the last 5 minutes, the following operation has failed 1 times (out of 32): Pinging live metrics endpoint:
 * Connection reset (1 times)
2025-11-19 09:00:25.885+02:00 WARN  c.m.a.a.i.c.ConfigurationBuilder - "Sampling overrides" is no longer in preview and it has been GA since 3.5.0 GA,
2025-11-19 09:17:46.694+02:00 WARN  c.m.a.a.i.c.ConfigurationBuilder - "Sampling overrides" is no longer in preview and it has been GA since 3.5.0 GA,
2025-11-19 09:17:48.337+02:00 INFO  c.m.applicationinsights.agent - Application Insights Java Agent 3.7.5 started successfully (PID 27560, JVM running for 4.798 s)
2025-11-19 09:17:48.344+02:00 INFO  c.m.applicationinsights.agent - Java version: 24.0.2, vendor: Oracle Corporation, home: C:\Users\SuperD\.jdks\openjdk-24.0.2
2025-11-19 09:18:57.354+02:00 ERROR c.a.c.h.netty.NettyAsyncHttpClient - io.netty.channel.ConnectTimeoutException: connection timed out after 10000 ms: /169.254.169.254:80
2025-11-19 09:20:42.713+02:00 WARN  c.a.m.o.a.i.q.QuickPulsePingSender - Pinging live metrics endpoint: Connection reset (future warnings will be aggregated and logged once every 5 minutes)
java.net.SocketException: Connection reset
	at java.base/sun.nio.ch.SocketChannelImpl.throwConnectionReset(SocketChannelImpl.java:399)
	at java.base/sun.nio.ch.SocketChannelImpl.implRead(SocketChannelImpl.java:431)
	at java.base/sun.nio.ch.SocketChannelImpl.read(SocketChannelImpl.java:489)
	at io.netty.buffer.AdaptivePoolingAllocator$AdaptiveByteBuf.setBytes(AdaptivePoolingAllocator.java:1816)
	at io.netty.buffer.AbstractByteBuf.writeBytes(AbstractByteBuf.java:1139)
	at io.netty.channel.socket.nio.NioSocketChannel.doReadBytes(NioSocketChannel.java:350)
	at io.netty.channel.nio.AbstractNioByteChannel$NioByteUnsafe.read(AbstractNioByteChannel.java:152)
	at io.netty.channel.nio.AbstractNioChannel$AbstractNioUnsafe.handle(AbstractNioChannel.java:445)
	at io.netty.channel.nio.NioIoHandler$DefaultNioRegistration.handle(NioIoHandler.java:381)
	at io.netty.channel.nio.NioIoHandler.processSelectedKey(NioIoHandler.java:575)
	at io.netty.channel.nio.NioIoHandler.processSelectedKeysOptimized(NioIoHandler.java:550)
	at io.netty.channel.nio.NioIoHandler.processSelectedKeys(NioIoHandler.java:491)
	at io.netty.channel.nio.NioIoHandler.run(NioIoHandler.java:468)
	at io.netty.channel.SingleThreadIoEventLoop.runIo(SingleThreadIoEventLoop.java:207)
	at io.netty.channel.SingleThreadIoEventLoop.run(SingleThreadIoEventLoop.java:178)
	at io.netty.util.concurrent.SingleThreadEventExecutor$5.run(SingleThreadEventExecutor.java:1073)
	at io.netty.util.internal.ThreadExecutorMap$2.run(ThreadExecutorMap.java:74)
	at io.netty.util.concurrent.FastThreadLocalRunnable.run(FastThreadLocalRunnable.java:30)
	at java.base/java.lang.Thread.run(Thread.java:1447)
2025-11-19 09:20:47.723+02:00 ERROR c.a.m.o.a.i.q.QuickPulsePingSender - 
*************************
Failed to connect to https://westeurope.livediagnostics.monitor.azure.com/
*************************

Description:
Unable to resolve host in url

Action:
Please update your network configuration so that the host in this url can be resolved: https://westeurope.livediagnostics.monitor.azure.com/
Learn more about troubleshooting unknown host exception here: https://go.microsoft.com/fwlink/?linkid=2185830

Note:
This message is only logged the first time it occurs after startup.

2025-11-19 09:21:07.379+02:00 WARN  c.a.m.o.a.i.p.TelemetryPipeline - Sending telemetry to the ingestion service (retry from disk): Connection reset (https://westeurope-5.in.applicationinsights.azure.com/v2.1/track) (will be retried again) (future warnings will be aggregated and logged once every 5 minutes)
java.net.SocketException: Connection reset
	at java.base/sun.nio.ch.SocketChannelImpl.throwConnectionReset(SocketChannelImpl.java:399)
	at java.base/sun.nio.ch.SocketChannelImpl.implRead(SocketChannelImpl.java:431)
	at java.base/sun.nio.ch.SocketChannelImpl.read(SocketChannelImpl.java:489)
	at io.netty.buffer.AdaptivePoolingAllocator$AdaptiveByteBuf.setBytes(AdaptivePoolingAllocator.java:1816)
	at io.netty.buffer.AbstractByteBuf.writeBytes(AbstractByteBuf.java:1139)
	at io.netty.channel.socket.nio.NioSocketChannel.doReadBytes(NioSocketChannel.java:350)
	at io.netty.channel.nio.AbstractNioByteChannel$NioByteUnsafe.read(AbstractNioByteChannel.java:152)
	at io.netty.channel.nio.AbstractNioChannel$AbstractNioUnsafe.handle(AbstractNioChannel.java:445)
	at io.netty.channel.nio.NioIoHandler$DefaultNioRegistration.handle(NioIoHandler.java:381)
	at io.netty.channel.nio.NioIoHandler.processSelectedKey(NioIoHandler.java:575)
	at io.netty.channel.nio.NioIoHandler.processSelectedKeysOptimized(NioIoHandler.java:550)
	at io.netty.channel.nio.NioIoHandler.processSelectedKeys(NioIoHandler.java:491)
	at io.netty.channel.nio.NioIoHandler.run(NioIoHandler.java:468)
	at io.netty.channel.SingleThreadIoEventLoop.runIo(SingleThreadIoEventLoop.java:207)
	at io.netty.channel.SingleThreadIoEventLoop.run(SingleThreadIoEventLoop.java:178)
	at io.netty.util.concurrent.SingleThreadEventExecutor$5.run(SingleThreadEventExecutor.java:1073)
	at io.netty.util.internal.ThreadExecutorMap$2.run(ThreadExecutorMap.java:74)
	at io.netty.util.concurrent.FastThreadLocalRunnable.run(FastThreadLocalRunnable.java:30)
	at java.base/java.lang.Thread.run(Thread.java:1447)
2025-11-19 09:25:48.138+02:00 ERROR c.a.m.o.a.i.p.TelemetryPipeline - 
*************************
Failed to connect to https://westeurope-5.in.applicationinsights.azure.com/v2.1/track
*************************

Description:
Unable to resolve host in url

Action:
Please update your network configuration so that the host in this url can be resolved: https://westeurope-5.in.applicationinsights.azure.com/v2.1/track
Learn more about troubleshooting unknown host exception here: https://go.microsoft.com/fwlink/?linkid=2185830

Note:
This message is only logged the first time it occurs after startup.

2025-11-19 09:25:51.660+02:00 WARN  c.a.m.o.a.i.p.TelemetryPipeline - Sending telemetry to the ingestion service (retry from disk): Connection reset (https://westeurope-5.in.applicationinsights.azure.com/v2.1/track) (will be retried again) (future warnings will be aggregated and logged once every 5 minutes)
java.net.SocketException: Connection reset
	at java.base/sun.nio.ch.SocketChannelImpl.throwConnectionReset(SocketChannelImpl.java:399)
	at java.base/sun.nio.ch.SocketChannelImpl.implRead(SocketChannelImpl.java:431)
	at java.base/sun.nio.ch.SocketChannelImpl.read(SocketChannelImpl.java:489)
	at io.netty.buffer.AdaptivePoolingAllocator$AdaptiveByteBuf.setBytes(AdaptivePoolingAllocator.java:1816)
	at io.netty.buffer.AbstractByteBuf.writeBytes(AbstractByteBuf.java:1139)
	at io.netty.channel.socket.nio.NioSocketChannel.doReadBytes(NioSocketChannel.java:350)
	at io.netty.channel.nio.AbstractNioByteChannel$NioByteUnsafe.read(AbstractNioByteChannel.java:152)
	at io.netty.channel.nio.AbstractNioChannel$AbstractNioUnsafe.handle(AbstractNioChannel.java:445)
	at io.netty.channel.nio.NioIoHandler$DefaultNioRegistration.handle(NioIoHandler.java:381)
	at io.netty.channel.nio.NioIoHandler.processSelectedKey(NioIoHandler.java:575)
	at io.netty.channel.nio.NioIoHandler.processSelectedKeysOptimized(NioIoHandler.java:550)
	at io.netty.channel.nio.NioIoHandler.processSelectedKeys(NioIoHandler.java:491)
	at io.netty.channel.nio.NioIoHandler.run(NioIoHandler.java:468)
	at io.netty.channel.SingleThreadIoEventLoop.runIo(SingleThreadIoEventLoop.java:207)
	at io.netty.channel.SingleThreadIoEventLoop.run(SingleThreadIoEventLoop.java:178)
	at io.netty.util.concurrent.SingleThreadEventExecutor$5.run(SingleThreadEventExecutor.java:1073)
	at io.netty.util.internal.ThreadExecutorMap$2.run(ThreadExecutorMap.java:74)
	at io.netty.util.concurrent.FastThreadLocalRunnable.run(FastThreadLocalRunnable.java:30)
	at java.base/java.lang.Thread.run(Thread.java:1447)
2025-11-19 09:30:42.734+02:00 WARN  c.a.m.o.a.i.q.QuickPulsePingSender - In the last 5 minutes, the following operation has failed 1 times (out of 40): Pinging live metrics endpoint:
 * Connection reset (1 times)
2025-11-19 09:41:02.826+02:00 WARN  c.m.a.a.i.c.ConfigurationBuilder - "Sampling overrides" is no longer in preview and it has been GA since 3.5.0 GA,
2025-11-19 09:41:04.309+02:00 INFO  c.m.applicationinsights.agent - Application Insights Java Agent 3.7.5 started successfully (PID 28348, JVM running for 3.901 s)
2025-11-19 09:41:04.315+02:00 INFO  c.m.applicationinsights.agent - Java version: 24.0.2, vendor: Oracle Corporation, home: C:\Users\SuperD\.jdks\openjdk-24.0.2
2025-11-19 09:42:13.413+02:00 ERROR c.a.c.h.netty.NettyAsyncHttpClient - io.netty.channel.ConnectTimeoutException: connection timed out after 10000 ms: /169.254.169.254:80
2025-11-19 12:15:29.725+02:00 WARN  c.a.c.i.s.HttpResponseBodyDecoder - Failed to deserialize the error entity.
Unsupported text Content-Type Type: class com.azure.monitor.opentelemetry.autoconfigure.implementation.quickpulse.swagger.models.ServiceError
2025-11-19 12:15:30.139+02:00 WARN  c.a.m.o.a.i.q.QuickPulsePingSender - Pinging live metrics endpoint: Unsupported text Content-Type Type: class com.azure.monitor.opentelemetry.autoconfigure.implementation.quickpulse.swagger.models.ServiceError (future warnings will be aggregated and logged once every 5 minutes)
java.lang.IllegalStateException: Unsupported text Content-Type Type: class com.azure.monitor.opentelemetry.autoconfigure.implementation.quickpulse.swagger.models.ServiceError
	at com.azure.core.util.serializer.JacksonAdapter.deserializeText(JacksonAdapter.java:452)
	at com.azure.core.util.serializer.JacksonAdapter.lambda$deserialize$9(JacksonAdapter.java:353)
	at com.azure.core.util.serializer.JacksonAdapter.useAccessHelper(JacksonAdapter.java:488)
	at com.azure.core.util.serializer.JacksonAdapter.deserialize(JacksonAdapter.java:346)
	at com.azure.core.implementation.serializer.HttpResponseBodyDecoder.deserialize(HttpResponseBodyDecoder.java:176)
	at com.azure.core.implementation.serializer.HttpResponseBodyDecoder.deserializeBody(HttpResponseBodyDecoder.java:150)
	at com.azure.core.implementation.serializer.HttpResponseBodyDecoder.decodeByteArray(HttpResponseBodyDecoder.java:67)
	at com.azure.core.implementation.serializer.HttpResponseDecoder$HttpDecodedResponse.getDecodedBody(HttpResponseDecoder.java:93)
	at com.azure.core.implementation.http.rest.AsyncRestProxy.lambda$ensureExpectedStatus$1(AsyncRestProxy.java:136)
	at reactor.core.publisher.FluxMapFuseable$MapFuseableSubscriber.onNext(FluxMapFuseable.java:113)
	at reactor.core.publisher.Operators$ScalarSubscription.request(Operators.java:2570)
	at reactor.core.publisher.FluxMapFuseable$MapFuseableSubscriber.request(FluxMapFuseable.java:171)
	at reactor.core.publisher.Operators$MultiSubscriptionSubscriber.set(Operators.java:2366)
	at reactor.core.publisher.Operators$MultiSubscriptionSubscriber.onSubscribe(Operators.java:2240)
	at reactor.core.publisher.FluxMapFuseable$MapFuseableSubscriber.onSubscribe(FluxMapFuseable.java:96)
	at reactor.core.publisher.MonoJust.subscribe(MonoJust.java:55)
	at reactor.core.publisher.InternalMonoOperator.subscribe(InternalMonoOperator.java:76)
	at reactor.core.publisher.MonoFlatMap$FlatMapMain.onNext(MonoFlatMap.java:165)
	at reactor.core.publisher.FluxMapFuseable$MapFuseableSubscriber.onNext(FluxMapFuseable.java:129)
	at reactor.core.publisher.FluxHide$SuppressFuseableSubscriber.onNext(FluxHide.java:137)
	at reactor.core.publisher.MonoFlatMap$FlatMapMain.onNext(MonoFlatMap.java:158)
	at reactor.core.publisher.FluxOnErrorResume$ResumeSubscriber.onNext(FluxOnErrorResume.java:79)
	at reactor.core.publisher.MonoFlatMap$FlatMapMain.onNext(MonoFlatMap.java:158)
	at reactor.core.publisher.Operators$MonoInnerProducerBase.complete(Operators.java:2864)
	at reactor.core.publisher.MonoSingle$SingleSubscriber.onComplete(MonoSingle.java:180)
	at reactor.core.publisher.MonoFlatMapMany$FlatMapManyInner.onComplete(MonoFlatMapMany.java:261)
	at reactor.core.publisher.FluxContextWrite$ContextWriteSubscriber.onComplete(FluxContextWrite.java:126)
	at reactor.core.publisher.MonoUsing$MonoUsingSubscriber.onNext(MonoUsing.java:232)
	at reactor.core.publisher.FluxMap$MapSubscriber.onNext(FluxMap.java:122)
	at reactor.core.publisher.FluxSwitchIfEmpty$SwitchIfEmptySubscriber.onNext(FluxSwitchIfEmpty.java:74)
	at reactor.core.publisher.FluxHandle$HandleSubscriber.onNext(FluxHandle.java:129)
	at reactor.core.publisher.FluxMap$MapConditionalSubscriber.onNext(FluxMap.java:224)
	at reactor.core.publisher.FluxDoFinally$DoFinallySubscriber.onNext(FluxDoFinally.java:113)
	at reactor.core.publisher.FluxHandleFuseable$HandleFuseableSubscriber.onNext(FluxHandleFuseable.java:194)
	at reactor.core.publisher.FluxContextWrite$ContextWriteSubscriber.onNext(FluxContextWrite.java:107)
	at reactor.core.publisher.Operators$BaseFluxToMonoOperator.completePossiblyEmpty(Operators.java:2096)
	at reactor.core.publisher.MonoCollectList$MonoCollectListSubscriber.onComplete(MonoCollectList.java:118)
	at reactor.core.publisher.FluxPeek$PeekSubscriber.onComplete(FluxPeek.java:260)
	at reactor.core.publisher.FluxMap$MapSubscriber.onComplete(FluxMap.java:144)
	at reactor.netty.channel.FluxReceive.onInboundComplete(FluxReceive.java:413)
	at reactor.netty.channel.ChannelOperations.onInboundComplete(ChannelOperations.java:455)
	at reactor.netty.channel.ChannelOperations.terminate(ChannelOperations.java:509)
	at reactor.netty.http.client.HttpClientOperations.onInboundNext(HttpClientOperations.java:846)
	at reactor.netty.channel.ChannelOperationsHandler.channelRead(ChannelOperationsHandler.java:115)
	at io.netty.channel.AbstractChannelHandlerContext.fireChannelRead(AbstractChannelHandlerContext.java:356)
	at com.azure.core.http.netty.implementation.AzureSdkHandler.channelRead(AzureSdkHandler.java:224)
	at io.netty.channel.AbstractChannelHandlerContext.fireChannelRead(AbstractChannelHandlerContext.java:354)
	at io.netty.channel.CombinedChannelDuplexHandler$DelegatingChannelHandlerContext.fireChannelRead(CombinedChannelDuplexHandler.java:434)
	at io.netty.handler.codec.ByteToMessageDecoder.fireChannelRead(ByteToMessageDecoder.java:346)
	at io.netty.handler.codec.ByteToMessageDecoder.channelRead(ByteToMessageDecoder.java:318)
	at io.netty.channel.CombinedChannelDuplexHandler.channelRead(CombinedChannelDuplexHandler.java:249)
	at io.netty.channel.AbstractChannelHandlerContext.fireChannelRead(AbstractChannelHandlerContext.java:354)
	at io.netty.handler.ssl.SslHandler.unwrap(SslHandler.java:1540)
	at io.netty.handler.ssl.SslHandler.decodeJdkCompatible(SslHandler.java:1398)
	at io.netty.handler.ssl.SslHandler.decode(SslHandler.java:1449)
	at io.netty.handler.codec.ByteToMessageDecoder.decodeRemovalReentryProtection(ByteToMessageDecoder.java:530)
	at io.netty.handler.codec.ByteToMessageDecoder.callDecode(ByteToMessageDecoder.java:469)
	at io.netty.handler.codec.ByteToMessageDecoder.channelRead(ByteToMessageDecoder.java:290)
	at io.netty.channel.AbstractChannelHandlerContext.fireChannelRead(AbstractChannelHandlerContext.java:356)
	at io.netty.channel.DefaultChannelPipeline$HeadContext.channelRead(DefaultChannelPipeline.java:1429)
	at io.netty.channel.DefaultChannelPipeline.fireChannelRead(DefaultChannelPipeline.java:918)
	at io.netty.channel.nio.AbstractNioByteChannel$NioByteUnsafe.read(AbstractNioByteChannel.java:167)
	at io.netty.channel.nio.AbstractNioChannel$AbstractNioUnsafe.handle(AbstractNioChannel.java:445)
	at io.netty.channel.nio.NioIoHandler$DefaultNioRegistration.handle(NioIoHandler.java:381)
	at io.netty.channel.nio.NioIoHandler.processSelectedKey(NioIoHandler.java:575)
	at io.netty.channel.nio.NioIoHandler.processSelectedKeysOptimized(NioIoHandler.java:550)
	at io.netty.channel.nio.NioIoHandler.processSelectedKeys(NioIoHandler.java:491)
	at io.netty.channel.nio.NioIoHandler.run(NioIoHandler.java:468)
	at io.netty.channel.SingleThreadIoEventLoop.runIo(SingleThreadIoEventLoop.java:207)
	at io.netty.channel.SingleThreadIoEventLoop.run(SingleThreadIoEventLoop.java:178)
	at io.netty.util.concurrent.SingleThreadEventExecutor$5.run(SingleThreadEventExecutor.java:1073)
	at io.netty.util.internal.ThreadExecutorMap$2.run(ThreadExecutorMap.java:74)
	at io.netty.util.concurrent.FastThreadLocalRunnable.run(FastThreadLocalRunnable.java:30)
	at java.base/java.lang.Thread.run(Thread.java:1447)
2025-11-19 12:28:57.788+02:00 ERROR c.a.m.o.a.i.q.QuickPulsePingSender - 
*************************
Failed to connect to https://westeurope.livediagnostics.monitor.azure.com/
*************************

Description:
Unable to resolve host in url

Action:
Please update your network configuration so that the host in this url can be resolved: https://westeurope.livediagnostics.monitor.azure.com/
Learn more about troubleshooting unknown host exception here: https://go.microsoft.com/fwlink/?linkid=2185830

Note:
This message is only logged the first time it occurs after startup.

2025-11-19 12:31:08.611+02:00 ERROR c.a.m.o.a.i.p.TelemetryPipeline - 
*************************
Failed to connect to https://westeurope-5.in.applicationinsights.azure.com/v2.1/track
*************************

Description:
Unable to resolve host in url

Action:
Please update your network configuration so that the host in this url can be resolved: https://westeurope-5.in.applicationinsights.azure.com/v2.1/track
Learn more about troubleshooting unknown host exception here: https://go.microsoft.com/fwlink/?linkid=2185830

Note:
This message is only logged the first time it occurs after startup.

2025-11-19 12:35:30.267+02:00 WARN  c.a.m.o.a.i.q.QuickPulsePingSender - In the last 5 minutes, the following operation has failed 1 times (out of 6): Pinging live metrics endpoint:
 * Connection reset (1 times)
2025-11-19 12:45:27.497+02:00 WARN  c.a.m.o.a.i.b.TelemetryTruncation - truncated ExceptionDetail.stack attribute value to 32768 characters (this message will only be logged once per attribute name): org.springframework.transaction.CannotCreateTransactionException: Could not open...
2025-11-19 13:35:10.437+02:00 WARN  c.a.c.i.s.HttpResponseBodyDecoder - Failed to deserialize the error entity.
Unsupported text Content-Type Type: class com.azure.monitor.opentelemetry.autoconfigure.implementation.quickpulse.swagger.models.ServiceError
2025-11-19 13:35:30.302+02:00 WARN  c.a.m.o.a.i.q.QuickPulsePingSender - In the last 5 minutes, the following operation has failed 1 times (out of 57): Pinging live metrics endpoint:
 * Unsupported text Content-Type Type: class com.azure.monitor.opentelemetry.autoconfigure.implementation.quickpulse.swagger.models.ServiceError (1 times)
2025-11-19 13:44:03.418+02:00 WARN  c.a.c.i.s.HttpResponseBodyDecoder - Failed to deserialize the error entity.
Unsupported text Content-Type Type: class com.azure.monitor.opentelemetry.autoconfigure.implementation.quickpulse.swagger.models.ServiceError
2025-11-19 13:45:30.458+02:00 WARN  c.a.m.o.a.i.q.QuickPulsePingSender - In the last 5 minutes, the following operation has failed 1 times (out of 57): Pinging live metrics endpoint:
 * Unsupported text Content-Type Type: class com.azure.monitor.opentelemetry.autoconfigure.implementation.quickpulse.swagger.models.ServiceError (1 times)
2025-11-19 13:51:10.770+02:00 WARN  c.a.m.o.a.i.p.TelemetryPipeline - Sending telemetry to the ingestion service (retry from disk): Connection reset (https://westeurope-5.in.applicationinsights.azure.com/v2.1/track) (will be retried again) (future warnings will be aggregated and logged once every 5 minutes)
java.net.SocketException: Connection reset
	at java.base/sun.nio.ch.SocketChannelImpl.throwConnectionReset(SocketChannelImpl.java:399)
	at java.base/sun.nio.ch.SocketChannelImpl.implRead(SocketChannelImpl.java:431)
	at java.base/sun.nio.ch.SocketChannelImpl.read(SocketChannelImpl.java:489)
	at io.netty.buffer.AdaptivePoolingAllocator$AdaptiveByteBuf.setBytes(AdaptivePoolingAllocator.java:1816)
	at io.netty.buffer.AbstractByteBuf.writeBytes(AbstractByteBuf.java:1139)
	at io.netty.channel.socket.nio.NioSocketChannel.doReadBytes(NioSocketChannel.java:350)
	at io.netty.channel.nio.AbstractNioByteChannel$NioByteUnsafe.read(AbstractNioByteChannel.java:152)
	at io.netty.channel.nio.AbstractNioChannel$AbstractNioUnsafe.handle(AbstractNioChannel.java:445)
	at io.netty.channel.nio.NioIoHandler$DefaultNioRegistration.handle(NioIoHandler.java:381)
	at io.netty.channel.nio.NioIoHandler.processSelectedKey(NioIoHandler.java:575)
	at io.netty.channel.nio.NioIoHandler.processSelectedKeysOptimized(NioIoHandler.java:550)
	at io.netty.channel.nio.NioIoHandler.processSelectedKeys(NioIoHandler.java:491)
	at io.netty.channel.nio.NioIoHandler.run(NioIoHandler.java:468)
	at io.netty.channel.SingleThreadIoEventLoop.runIo(SingleThreadIoEventLoop.java:207)
	at io.netty.channel.SingleThreadIoEventLoop.run(SingleThreadIoEventLoop.java:178)
	at io.netty.util.concurrent.SingleThreadEventExecutor$5.run(SingleThreadEventExecutor.java:1073)
	at io.netty.util.internal.ThreadExecutorMap$2.run(ThreadExecutorMap.java:74)
	at io.netty.util.concurrent.FastThreadLocalRunnable.run(FastThreadLocalRunnable.java:30)
	at java.base/java.lang.Thread.run(Thread.java:1447)
2025-11-19 13:55:30.484+02:00 WARN  c.a.m.o.a.i.q.QuickPulsePingSender - In the last 5 minutes, the following operation has failed 1 times (out of 25): Pinging live metrics endpoint:
 * Connection reset (1 times)
2025-11-19 13:56:10.802+02:00 WARN  c.a.m.o.a.i.p.TelemetryPipeline - In the last 5 minutes, the following operation has failed 1 times (out of 62): Sending telemetry to the ingestion service (retry from disk):
 * Connection reset (https://westeurope-5.in.applicationinsights.azure.com/v2.1/track) (will be retried again) (1 times)
2025-11-19 14:00:30.485+02:00 WARN  c.a.m.o.a.i.q.QuickPulsePingSender - In the last 5 minutes, the following operation has failed 1 times (out of 50): Pinging live metrics endpoint:
 * Connection reset (1 times)
2025-11-19 14:01:10.803+02:00 WARN  c.a.m.o.a.i.p.TelemetryPipeline - In the last 5 minutes, the following operation has failed 1 times (out of 9): Sending telemetry to the ingestion service (retry from disk):
 * Connection reset (https://westeurope-5.in.applicationinsights.azure.com/v2.1/track) (will be retried again) (1 times)
2025-11-19 14:15:14.751+02:00 WARN  c.a.c.i.s.HttpResponseBodyDecoder - Failed to deserialize the error entity.
Unsupported text Content-Type Type: class com.azure.monitor.opentelemetry.autoconfigure.implementation.quickpulse.swagger.models.ServiceError
2025-11-19 14:15:30.496+02:00 WARN  c.a.m.o.a.i.q.QuickPulsePingSender - In the last 5 minutes, the following operation has failed 1 times (out of 58): Pinging live metrics endpoint:
 * Unsupported text Content-Type Type: class com.azure.monitor.opentelemetry.autoconfigure.implementation.quickpulse.swagger.models.ServiceError (1 times)
2025-11-19 15:49:08.835+02:00 WARN  c.a.c.i.s.HttpResponseBodyDecoder - Failed to deserialize the error entity.
Unsupported text Content-Type Type: class com.azure.monitor.opentelemetry.autoconfigure.implementation.quickpulse.swagger.models.ServiceError
2025-11-19 15:50:30.641+02:00 WARN  c.a.m.o.a.i.q.QuickPulsePingSender - In the last 5 minutes, the following operation has failed 2 times (out of 57): Pinging live metrics endpoint:
 * Connection reset (1 times)
 * Unsupported text Content-Type Type: class com.azure.monitor.opentelemetry.autoconfigure.implementation.quickpulse.swagger.models.ServiceError (1 times)
2025-11-19 15:53:08.980+02:00 WARN  c.a.c.i.s.HttpResponseBodyDecoder - Failed to deserialize the error entity.
Unsupported text Content-Type Type: class com.azure.monitor.opentelemetry.autoconfigure.implementation.quickpulse.swagger.models.ServiceError
2025-11-19 15:55:30.647+02:00 WARN  c.a.m.o.a.i.q.QuickPulsePingSender - In the last 5 minutes, the following operation has failed 1 times (out of 58): Pinging live metrics endpoint:
 * Unsupported text Content-Type Type: class com.azure.monitor.opentelemetry.autoconfigure.implementation.quickpulse.swagger.models.ServiceError (1 times)
2025-11-19 15:59:09.143+02:00 WARN  c.a.c.i.s.HttpResponseBodyDecoder - Failed to deserialize the error entity.
Unsupported text Content-Type Type: class com.azure.monitor.opentelemetry.autoconfigure.implementation.quickpulse.swagger.models.ServiceError
2025-11-19 16:00:30.650+02:00 WARN  c.a.m.o.a.i.q.QuickPulsePingSender - In the last 5 minutes, the following operation has failed 1 times (out of 57): Pinging live metrics endpoint:
 * Unsupported text Content-Type Type: class com.azure.monitor.opentelemetry.autoconfigure.implementation.quickpulse.swagger.models.ServiceError (1 times)
2025-11-19 16:26:50.858+02:00 WARN  c.a.c.i.s.HttpResponseBodyDecoder - Failed to deserialize the error entity.
Unsupported text Content-Type Type: class com.azure.monitor.opentelemetry.autoconfigure.implementation.quickpulse.swagger.models.ServiceError
2025-11-19 16:30:30.665+02:00 WARN  c.a.m.o.a.i.q.QuickPulsePingSender - In the last 5 minutes, the following operation has failed 1 times (out of 58): Pinging live metrics endpoint:
 * Unsupported text Content-Type Type: class com.azure.monitor.opentelemetry.autoconfigure.implementation.quickpulse.swagger.models.ServiceError (1 times)
2025-11-19 16:37:58.945+02:00 WARN  c.a.c.i.s.HttpResponseBodyDecoder - Failed to deserialize the error entity.
Unsupported text Content-Type Type: class com.azure.monitor.opentelemetry.autoconfigure.implementation.quickpulse.swagger.models.ServiceError
2025-11-19 16:40:30.673+02:00 WARN  c.a.m.o.a.i.q.QuickPulsePingSender - In the last 5 minutes, the following operation has failed 1 times (out of 58): Pinging live metrics endpoint:
 * Unsupported text Content-Type Type: class com.azure.monitor.opentelemetry.autoconfigure.implementation.quickpulse.swagger.models.ServiceError (1 times)
2025-11-19 17:52:02.668+02:00 WARN  c.a.c.i.s.HttpResponseBodyDecoder - Failed to deserialize the error entity.
Unsupported text Content-Type Type: class com.azure.monitor.opentelemetry.autoconfigure.implementation.quickpulse.swagger.models.ServiceError
2025-11-19 17:55:30.734+02:00 WARN  c.a.m.o.a.i.q.QuickPulsePingSender - In the last 5 minutes, the following operation has failed 2 times (out of 58): Pinging live metrics endpoint:
 * Connection reset (1 times)
 * Unsupported text Content-Type Type: class com.azure.monitor.opentelemetry.autoconfigure.implementation.quickpulse.swagger.models.ServiceError (1 times)
2025-11-19 17:57:21.827+02:00 WARN  c.a.c.i.s.HttpResponseBodyDecoder - Failed to deserialize the error entity.
Unsupported text Content-Type Type: class com.azure.monitor.opentelemetry.autoconfigure.implementation.quickpulse.swagger.models.ServiceError
2025-11-19 18:00:30.737+02:00 WARN  c.a.m.o.a.i.q.QuickPulsePingSender - In the last 5 minutes, the following operation has failed 1 times (out of 58): Pinging live metrics endpoint:
 * Unsupported text Content-Type Type: class com.azure.monitor.opentelemetry.autoconfigure.implementation.quickpulse.swagger.models.ServiceError (1 times)
2025-11-19 18:13:16.052+02:00 WARN  c.a.c.i.s.HttpResponseBodyDecoder - Failed to deserialize the error entity.
Unsupported text Content-Type Type: class com.azure.monitor.opentelemetry.autoconfigure.implementation.quickpulse.swagger.models.ServiceError
2025-11-19 18:15:30.739+02:00 WARN  c.a.m.o.a.i.q.QuickPulsePingSender - In the last 5 minutes, the following operation has failed 1 times (out of 58): Pinging live metrics endpoint:
 * Unsupported text Content-Type Type: class com.azure.monitor.opentelemetry.autoconfigure.implementation.quickpulse.swagger.models.ServiceError (1 times)
2025-11-19 18:18:48.544+02:00 WARN  c.a.c.i.s.HttpResponseBodyDecoder - Failed to deserialize the error entity.
Unsupported text Content-Type Type: class com.azure.monitor.opentelemetry.autoconfigure.implementation.quickpulse.swagger.models.ServiceError
2025-11-19 18:20:30.740+02:00 WARN  c.a.m.o.a.i.q.QuickPulsePingSender - In the last 5 minutes, the following operation has failed 1 times (out of 57): Pinging live metrics endpoint:
 * Unsupported text Content-Type Type: class com.azure.monitor.opentelemetry.autoconfigure.implementation.quickpulse.swagger.models.ServiceError (1 times)
2025-11-19 18:30:24.102+02:00 WARN  c.a.c.i.s.HttpResponseBodyDecoder - Failed to deserialize the error entity.
Unsupported text Content-Type Type: class com.azure.monitor.opentelemetry.autoconfigure.implementation.quickpulse.swagger.models.ServiceError
2025-11-19 18:30:30.742+02:00 WARN  c.a.m.o.a.i.q.QuickPulsePingSender - In the last 5 minutes, the following operation has failed 1 times (out of 58): Pinging live metrics endpoint:
 * Unsupported text Content-Type Type: class com.azure.monitor.opentelemetry.autoconfigure.implementation.quickpulse.swagger.models.ServiceError (1 times)
2025-11-19 18:42:28.671+02:00 WARN  c.a.c.i.s.HttpResponseBodyDecoder - Failed to deserialize the error entity.
Unsupported text Content-Type Type: class com.azure.monitor.opentelemetry.autoconfigure.implementation.quickpulse.swagger.models.ServiceError
2025-11-19 18:45:30.745+02:00 WARN  c.a.m.o.a.i.q.QuickPulsePingSender - In the last 5 minutes, the following operation has failed 1 times (out of 58): Pinging live metrics endpoint:
 * Unsupported text Content-Type Type: class com.azure.monitor.opentelemetry.autoconfigure.implementation.quickpulse.swagger.models.ServiceError (1 times)
2025-11-19 19:07:09.861+02:00 WARN  c.a.c.i.s.HttpResponseBodyDecoder - Failed to deserialize the error entity.
Unsupported text Content-Type Type: class com.azure.monitor.opentelemetry.autoconfigure.implementation.quickpulse.swagger.models.ServiceError
2025-11-19 19:10:30.750+02:00 WARN  c.a.m.o.a.i.q.QuickPulsePingSender - In the last 5 minutes, the following operation has failed 1 times (out of 58): Pinging live metrics endpoint:
 * Unsupported text Content-Type Type: class com.azure.monitor.opentelemetry.autoconfigure.implementation.quickpulse.swagger.models.ServiceError (1 times)
2025-11-19 19:10:32.544+02:00 WARN  c.a.c.i.s.HttpResponseBodyDecoder - Failed to deserialize the error entity.
Unsupported text Content-Type Type: class com.azure.monitor.opentelemetry.autoconfigure.implementation.quickpulse.swagger.models.ServiceError
2025-11-19 19:15:30.750+02:00 WARN  c.a.m.o.a.i.q.QuickPulsePingSender - In the last 5 minutes, the following operation has failed 1 times (out of 59): Pinging live metrics endpoint:
 * Unsupported text Content-Type Type: class com.azure.monitor.opentelemetry.autoconfigure.implementation.quickpulse.swagger.models.ServiceError (1 times)
2025-11-19 19:33:29.729+02:00 WARN  c.m.a.a.i.c.ConfigurationBuilder - "Sampling overrides" is no longer in preview and it has been GA since 3.5.0 GA,
2025-11-19 19:33:32.944+02:00 INFO  c.m.applicationinsights.agent - Application Insights Java Agent 3.7.5 started successfully (PID 7720, JVM running for 8.777 s)
2025-11-19 19:33:32.947+02:00 INFO  c.m.applicationinsights.agent - Java version: 24.0.2, vendor: Oracle Corporation, home: C:\Users\SuperD\.jdks\openjdk-24.0.2
2025-11-19 19:35:20.223+02:00 WARN  c.m.a.a.i.c.ConfigurationBuilder - "Sampling overrides" is no longer in preview and it has been GA since 3.5.0 GA,
2025-11-19 19:35:22.437+02:00 INFO  c.m.applicationinsights.agent - Application Insights Java Agent 3.7.5 started successfully (PID 54972, JVM running for 5.114 s)
2025-11-19 19:35:22.438+02:00 INFO  c.m.applicationinsights.agent - Java version: 24.0.2, vendor: Oracle Corporation, home: C:\Users\SuperD\.jdks\openjdk-24.0.2
2025-11-20 17:39:53.887+02:00 WARN  c.m.a.a.i.c.ConfigurationBuilder - "Sampling overrides" is no longer in preview and it has been GA since 3.5.0 GA,
2025-11-20 17:39:55.372+02:00 INFO  c.m.applicationinsights.agent - Application Insights Java Agent 3.7.5 started successfully (PID 52376, JVM running for 4.379 s)
2025-11-20 17:39:55.377+02:00 INFO  c.m.applicationinsights.agent - Java version: 24.0.2, vendor: Oracle Corporation, home: C:\Users\SuperD\.jdks\openjdk-24.0.2
2025-11-20 17:41:04.523+02:00 ERROR c.a.c.h.netty.NettyAsyncHttpClient - io.netty.channel.ConnectTimeoutException: connection timed out after 10000 ms: /169.254.169.254:80
2025-11-20 18:36:39.601+02:00 WARN  c.a.c.i.s.HttpResponseBodyDecoder - Failed to deserialize the error entity.
Unsupported text Content-Type Type: class com.azure.monitor.opentelemetry.autoconfigure.implementation.quickpulse.swagger.models.ServiceError
2025-11-20 18:36:39.760+02:00 WARN  c.a.m.o.a.i.q.QuickPulsePingSender - Pinging live metrics endpoint: Unsupported text Content-Type Type: class com.azure.monitor.opentelemetry.autoconfigure.implementation.quickpulse.swagger.models.ServiceError (future warnings will be aggregated and logged once every 5 minutes)
java.lang.IllegalStateException: Unsupported text Content-Type Type: class com.azure.monitor.opentelemetry.autoconfigure.implementation.quickpulse.swagger.models.ServiceError
	at com.azure.core.util.serializer.JacksonAdapter.deserializeText(JacksonAdapter.java:452)
	at com.azure.core.util.serializer.JacksonAdapter.lambda$deserialize$9(JacksonAdapter.java:353)
	at com.azure.core.util.serializer.JacksonAdapter.useAccessHelper(JacksonAdapter.java:488)
	at com.azure.core.util.serializer.JacksonAdapter.deserialize(JacksonAdapter.java:346)
	at com.azure.core.implementation.serializer.HttpResponseBodyDecoder.deserialize(HttpResponseBodyDecoder.java:176)
	at com.azure.core.implementation.serializer.HttpResponseBodyDecoder.deserializeBody(HttpResponseBodyDecoder.java:150)
	at com.azure.core.implementation.serializer.HttpResponseBodyDecoder.decodeByteArray(HttpResponseBodyDecoder.java:67)
	at com.azure.core.implementation.serializer.HttpResponseDecoder$HttpDecodedResponse.getDecodedBody(HttpResponseDecoder.java:93)
	at com.azure.core.implementation.http.rest.AsyncRestProxy.lambda$ensureExpectedStatus$1(AsyncRestProxy.java:136)
	at reactor.core.publisher.FluxMapFuseable$MapFuseableSubscriber.onNext(FluxMapFuseable.java:113)
	at reactor.core.publisher.Operators$ScalarSubscription.request(Operators.java:2570)
	at reactor.core.publisher.FluxMapFuseable$MapFuseableSubscriber.request(FluxMapFuseable.java:171)
	at reactor.core.publisher.Operators$MultiSubscriptionSubscriber.set(Operators.java:2366)
	at reactor.core.publisher.Operators$MultiSubscriptionSubscriber.onSubscribe(Operators.java:2240)
	at reactor.core.publisher.FluxMapFuseable$MapFuseableSubscriber.onSubscribe(FluxMapFuseable.java:96)
	at reactor.core.publisher.MonoJust.subscribe(MonoJust.java:55)
	at reactor.core.publisher.InternalMonoOperator.subscribe(InternalMonoOperator.java:76)
	at reactor.core.publisher.MonoFlatMap$FlatMapMain.onNext(MonoFlatMap.java:165)
	at reactor.core.publisher.FluxMapFuseable$MapFuseableSubscriber.onNext(FluxMapFuseable.java:129)
	at reactor.core.publisher.FluxHide$SuppressFuseableSubscriber.onNext(FluxHide.java:137)
	at reactor.core.publisher.MonoFlatMap$FlatMapMain.onNext(MonoFlatMap.java:158)
	at reactor.core.publisher.FluxOnErrorResume$ResumeSubscriber.onNext(FluxOnErrorResume.java:79)
	at reactor.core.publisher.MonoFlatMap$FlatMapMain.onNext(MonoFlatMap.java:158)
	at reactor.core.publisher.Operators$MonoInnerProducerBase.complete(Operators.java:2864)
	at reactor.core.publisher.MonoSingle$SingleSubscriber.onComplete(MonoSingle.java:180)
	at reactor.core.publisher.MonoFlatMapMany$FlatMapManyInner.onComplete(MonoFlatMapMany.java:261)
	at reactor.core.publisher.FluxContextWrite$ContextWriteSubscriber.onComplete(FluxContextWrite.java:126)
	at reactor.core.publisher.MonoUsing$MonoUsingSubscriber.onNext(MonoUsing.java:232)
	at reactor.core.publisher.FluxMap$MapSubscriber.onNext(FluxMap.java:122)
	at reactor.core.publisher.FluxSwitchIfEmpty$SwitchIfEmptySubscriber.onNext(FluxSwitchIfEmpty.java:74)
	at reactor.core.publisher.FluxHandle$HandleSubscriber.onNext(FluxHandle.java:129)
	at reactor.core.publisher.FluxMap$MapConditionalSubscriber.onNext(FluxMap.java:224)
	at reactor.core.publisher.FluxDoFinally$DoFinallySubscriber.onNext(FluxDoFinally.java:113)
	at reactor.core.publisher.FluxHandleFuseable$HandleFuseableSubscriber.onNext(FluxHandleFuseable.java:194)
	at reactor.core.publisher.FluxContextWrite$ContextWriteSubscriber.onNext(FluxContextWrite.java:107)
	at reactor.core.publisher.Operators$BaseFluxToMonoOperator.completePossiblyEmpty(Operators.java:2096)
	at reactor.core.publisher.MonoCollectList$MonoCollectListSubscriber.onComplete(MonoCollectList.java:118)
	at reactor.core.publisher.FluxPeek$PeekSubscriber.onComplete(FluxPeek.java:260)
	at reactor.core.publisher.FluxMap$MapSubscriber.onComplete(FluxMap.java:144)
	at reactor.netty.channel.FluxReceive.onInboundComplete(FluxReceive.java:413)
	at reactor.netty.channel.ChannelOperations.onInboundComplete(ChannelOperations.java:455)
	at reactor.netty.channel.ChannelOperations.terminate(ChannelOperations.java:509)
	at reactor.netty.http.client.HttpClientOperations.onInboundNext(HttpClientOperations.java:846)
	at reactor.netty.channel.ChannelOperationsHandler.channelRead(ChannelOperationsHandler.java:115)
	at io.netty.channel.AbstractChannelHandlerContext.fireChannelRead(AbstractChannelHandlerContext.java:356)
	at com.azure.core.http.netty.implementation.AzureSdkHandler.channelRead(AzureSdkHandler.java:224)
	at io.netty.channel.AbstractChannelHandlerContext.fireChannelRead(AbstractChannelHandlerContext.java:354)
	at io.netty.channel.CombinedChannelDuplexHandler$DelegatingChannelHandlerContext.fireChannelRead(CombinedChannelDuplexHandler.java:434)
	at io.netty.handler.codec.ByteToMessageDecoder.fireChannelRead(ByteToMessageDecoder.java:346)
	at io.netty.handler.codec.ByteToMessageDecoder.channelRead(ByteToMessageDecoder.java:318)
	at io.netty.channel.CombinedChannelDuplexHandler.channelRead(CombinedChannelDuplexHandler.java:249)
	at io.netty.channel.AbstractChannelHandlerContext.fireChannelRead(AbstractChannelHandlerContext.java:354)
	at io.netty.handler.ssl.SslHandler.unwrap(SslHandler.java:1540)
	at io.netty.handler.ssl.SslHandler.decodeJdkCompatible(SslHandler.java:1398)
	at io.netty.handler.ssl.SslHandler.decode(SslHandler.java:1449)
	at io.netty.handler.codec.ByteToMessageDecoder.decodeRemovalReentryProtection(ByteToMessageDecoder.java:530)
	at io.netty.handler.codec.ByteToMessageDecoder.callDecode(ByteToMessageDecoder.java:469)
	at io.netty.handler.codec.ByteToMessageDecoder.channelRead(ByteToMessageDecoder.java:290)
	at io.netty.channel.AbstractChannelHandlerContext.fireChannelRead(AbstractChannelHandlerContext.java:356)
	at io.netty.channel.DefaultChannelPipeline$HeadContext.channelRead(DefaultChannelPipeline.java:1429)
	at io.netty.channel.DefaultChannelPipeline.fireChannelRead(DefaultChannelPipeline.java:918)
	at io.netty.channel.nio.AbstractNioByteChannel$NioByteUnsafe.read(AbstractNioByteChannel.java:167)
	at io.netty.channel.nio.AbstractNioChannel$AbstractNioUnsafe.handle(AbstractNioChannel.java:445)
	at io.netty.channel.nio.NioIoHandler$DefaultNioRegistration.handle(NioIoHandler.java:381)
	at io.netty.channel.nio.NioIoHandler.processSelectedKey(NioIoHandler.java:575)
	at io.netty.channel.nio.NioIoHandler.processSelectedKeysOptimized(NioIoHandler.java:550)
	at io.netty.channel.nio.NioIoHandler.processSelectedKeys(NioIoHandler.java:491)
	at io.netty.channel.nio.NioIoHandler.run(NioIoHandler.java:468)
	at io.netty.channel.SingleThreadIoEventLoop.runIo(SingleThreadIoEventLoop.java:207)
	at io.netty.channel.SingleThreadIoEventLoop.run(SingleThreadIoEventLoop.java:178)
	at io.netty.util.concurrent.SingleThreadEventExecutor$5.run(SingleThreadEventExecutor.java:1073)
	at io.netty.util.internal.ThreadExecutorMap$2.run(ThreadExecutorMap.java:74)
	at io.netty.util.concurrent.FastThreadLocalRunnable.run(FastThreadLocalRunnable.java:30)
	at java.base/java.lang.Thread.run(Thread.java:1447)
2025-11-20 18:59:58.545+02:00 WARN  c.a.c.i.s.HttpResponseBodyDecoder - Failed to deserialize the error entity.
Unsupported text Content-Type Type: class com.azure.monitor.opentelemetry.autoconfigure.implementation.quickpulse.swagger.models.ServiceError
2025-11-20 19:01:39.875+02:00 WARN  c.a.m.o.a.i.q.QuickPulsePingSender - In the last 5 minutes, the following operation has failed 1 times (out of 57): Pinging live metrics endpoint:
 * Unsupported text Content-Type Type: class com.azure.monitor.opentelemetry.autoconfigure.implementation.quickpulse.swagger.models.ServiceError (1 times)
2025-11-20 19:06:03.278+02:00 WARN  c.a.c.i.s.HttpResponseBodyDecoder - Failed to deserialize the error entity.
Unsupported text Content-Type Type: class com.azure.monitor.opentelemetry.autoconfigure.implementation.quickpulse.swagger.models.ServiceError
2025-11-20 19:06:39.877+02:00 WARN  c.a.m.o.a.i.q.QuickPulsePingSender - In the last 5 minutes, the following operation has failed 1 times (out of 58): Pinging live metrics endpoint:
 * Unsupported text Content-Type Type: class com.azure.monitor.opentelemetry.autoconfigure.implementation.quickpulse.swagger.models.ServiceError (1 times)
2025-11-20 19:34:02.558+02:00 WARN  c.a.c.i.s.HttpResponseBodyDecoder - Failed to deserialize the error entity.
Unsupported text Content-Type Type: class com.azure.monitor.opentelemetry.autoconfigure.implementation.quickpulse.swagger.models.ServiceError
2025-11-20 19:36:39.986+02:00 WARN  c.a.m.o.a.i.q.QuickPulsePingSender - In the last 5 minutes, the following operation has failed 1 times (out of 58): Pinging live metrics endpoint:
 * Unsupported text Content-Type Type: class com.azure.monitor.opentelemetry.autoconfigure.implementation.quickpulse.swagger.models.ServiceError (1 times)
2025-11-20 20:28:35.468+02:00 WARN  c.m.a.a.i.c.ConfigurationBuilder - "Sampling overrides" is no longer in preview and it has been GA since 3.5.0 GA,
2025-11-20 20:28:36.882+02:00 INFO  c.m.applicationinsights.agent - Application Insights Java Agent 3.7.5 started successfully (PID 33416, JVM running for 4.477 s)
2025-11-20 20:28:36.888+02:00 INFO  c.m.applicationinsights.agent - Java version: 24.0.2, vendor: Oracle Corporation, home: C:\Users\SuperD\.jdks\openjdk-24.0.2
2025-11-20 20:57:03.466+02:00 WARN  c.m.a.a.i.c.ConfigurationBuilder - "Sampling overrides" is no longer in preview and it has been GA since 3.5.0 GA,
2025-11-20 20:57:04.967+02:00 INFO  c.m.applicationinsights.agent - Application Insights Java Agent 3.7.5 started successfully (PID 36160, JVM running for 4.567 s)
2025-11-20 20:57:04.971+02:00 INFO  c.m.applicationinsights.agent - Java version: 24.0.2, vendor: Oracle Corporation, home: C:\Users\SuperD\.jdks\openjdk-24.0.2
2025-11-20 20:58:14.059+02:00 ERROR c.a.c.h.netty.NettyAsyncHttpClient - io.netty.channel.ConnectTimeoutException: connection timed out after 10000 ms: /169.254.169.254:80
2025-11-20 22:00:04.482+02:00 WARN  c.a.c.i.s.HttpResponseBodyDecoder - Failed to deserialize the error entity.
Unsupported text Content-Type Type: class com.azure.monitor.opentelemetry.autoconfigure.implementation.quickpulse.swagger.models.ServiceError
2025-11-20 22:00:04.531+02:00 WARN  c.a.m.o.a.i.q.QuickPulsePingSender - Pinging live metrics endpoint: Unsupported text Content-Type Type: class com.azure.monitor.opentelemetry.autoconfigure.implementation.quickpulse.swagger.models.ServiceError (future warnings will be aggregated and logged once every 5 minutes)
java.lang.IllegalStateException: Unsupported text Content-Type Type: class com.azure.monitor.opentelemetry.autoconfigure.implementation.quickpulse.swagger.models.ServiceError
	at com.azure.core.util.serializer.JacksonAdapter.deserializeText(JacksonAdapter.java:452)
	at com.azure.core.util.serializer.JacksonAdapter.lambda$deserialize$9(JacksonAdapter.java:353)
	at com.azure.core.util.serializer.JacksonAdapter.useAccessHelper(JacksonAdapter.java:488)
	at com.azure.core.util.serializer.JacksonAdapter.deserialize(JacksonAdapter.java:346)
	at com.azure.core.implementation.serializer.HttpResponseBodyDecoder.deserialize(HttpResponseBodyDecoder.java:176)
	at com.azure.core.implementation.serializer.HttpResponseBodyDecoder.deserializeBody(HttpResponseBodyDecoder.java:150)
	at com.azure.core.implementation.serializer.HttpResponseBodyDecoder.decodeByteArray(HttpResponseBodyDecoder.java:67)
	at com.azure.core.implementation.serializer.HttpResponseDecoder$HttpDecodedResponse.getDecodedBody(HttpResponseDecoder.java:93)
	at com.azure.core.implementation.http.rest.AsyncRestProxy.lambda$ensureExpectedStatus$1(AsyncRestProxy.java:136)
	at reactor.core.publisher.FluxMapFuseable$MapFuseableSubscriber.onNext(FluxMapFuseable.java:113)
	at reactor.core.publisher.Operators$ScalarSubscription.request(Operators.java:2570)
	at reactor.core.publisher.FluxMapFuseable$MapFuseableSubscriber.request(FluxMapFuseable.java:171)
	at reactor.core.publisher.Operators$MultiSubscriptionSubscriber.set(Operators.java:2366)
	at reactor.core.publisher.Operators$MultiSubscriptionSubscriber.onSubscribe(Operators.java:2240)
	at reactor.core.publisher.FluxMapFuseable$MapFuseableSubscriber.onSubscribe(FluxMapFuseable.java:96)
	at reactor.core.publisher.MonoJust.subscribe(MonoJust.java:55)
	at reactor.core.publisher.InternalMonoOperator.subscribe(InternalMonoOperator.java:76)
	at reactor.core.publisher.MonoFlatMap$FlatMapMain.onNext(MonoFlatMap.java:165)
	at reactor.core.publisher.FluxMapFuseable$MapFuseableSubscriber.onNext(FluxMapFuseable.java:129)
	at reactor.core.publisher.FluxHide$SuppressFuseableSubscriber.onNext(FluxHide.java:137)
	at reactor.core.publisher.MonoFlatMap$FlatMapMain.onNext(MonoFlatMap.java:158)
	at reactor.core.publisher.FluxOnErrorResume$ResumeSubscriber.onNext(FluxOnErrorResume.java:79)
	at reactor.core.publisher.MonoFlatMap$FlatMapMain.onNext(MonoFlatMap.java:158)
	at reactor.core.publisher.Operators$MonoInnerProducerBase.complete(Operators.java:2864)
	at reactor.core.publisher.MonoSingle$SingleSubscriber.onComplete(MonoSingle.java:180)
	at reactor.core.publisher.MonoFlatMapMany$FlatMapManyInner.onComplete(MonoFlatMapMany.java:261)
	at reactor.core.publisher.FluxContextWrite$ContextWriteSubscriber.onComplete(FluxContextWrite.java:126)
	at reactor.core.publisher.MonoUsing$MonoUsingSubscriber.onNext(MonoUsing.java:232)
	at reactor.core.publisher.FluxMap$MapSubscriber.onNext(FluxMap.java:122)
	at reactor.core.publisher.FluxSwitchIfEmpty$SwitchIfEmptySubscriber.onNext(FluxSwitchIfEmpty.java:74)
	at reactor.core.publisher.FluxHandle$HandleSubscriber.onNext(FluxHandle.java:129)
	at reactor.core.publisher.FluxMap$MapConditionalSubscriber.onNext(FluxMap.java:224)
	at reactor.core.publisher.FluxDoFinally$DoFinallySubscriber.onNext(FluxDoFinally.java:113)
	at reactor.core.publisher.FluxHandleFuseable$HandleFuseableSubscriber.onNext(FluxHandleFuseable.java:194)
	at reactor.core.publisher.FluxContextWrite$ContextWriteSubscriber.onNext(FluxContextWrite.java:107)
	at reactor.core.publisher.Operators$BaseFluxToMonoOperator.completePossiblyEmpty(Operators.java:2096)
	at reactor.core.publisher.MonoCollectList$MonoCollectListSubscriber.onComplete(MonoCollectList.java:118)
	at reactor.core.publisher.FluxPeek$PeekSubscriber.onComplete(FluxPeek.java:260)
	at reactor.core.publisher.FluxMap$MapSubscriber.onComplete(FluxMap.java:144)
	at reactor.netty.channel.FluxReceive.onInboundComplete(FluxReceive.java:413)
	at reactor.netty.channel.ChannelOperations.onInboundComplete(ChannelOperations.java:455)
	at reactor.netty.channel.ChannelOperations.terminate(ChannelOperations.java:509)
	at reactor.netty.http.client.HttpClientOperations.onInboundNext(HttpClientOperations.java:846)
	at reactor.netty.channel.ChannelOperationsHandler.channelRead(ChannelOperationsHandler.java:115)
	at io.netty.channel.AbstractChannelHandlerContext.fireChannelRead(AbstractChannelHandlerContext.java:356)
	at com.azure.core.http.netty.implementation.AzureSdkHandler.channelRead(AzureSdkHandler.java:224)
	at io.netty.channel.AbstractChannelHandlerContext.fireChannelRead(AbstractChannelHandlerContext.java:354)
	at io.netty.channel.CombinedChannelDuplexHandler$DelegatingChannelHandlerContext.fireChannelRead(CombinedChannelDuplexHandler.java:434)
	at io.netty.handler.codec.ByteToMessageDecoder.fireChannelRead(ByteToMessageDecoder.java:346)
	at io.netty.handler.codec.ByteToMessageDecoder.channelRead(ByteToMessageDecoder.java:318)
	at io.netty.channel.CombinedChannelDuplexHandler.channelRead(CombinedChannelDuplexHandler.java:249)
	at io.netty.channel.AbstractChannelHandlerContext.fireChannelRead(AbstractChannelHandlerContext.java:354)
	at io.netty.handler.ssl.SslHandler.unwrap(SslHandler.java:1540)
	at io.netty.handler.ssl.SslHandler.decodeJdkCompatible(SslHandler.java:1398)
	at io.netty.handler.ssl.SslHandler.decode(SslHandler.java:1449)
	at io.netty.handler.codec.ByteToMessageDecoder.decodeRemovalReentryProtection(ByteToMessageDecoder.java:530)
	at io.netty.handler.codec.ByteToMessageDecoder.callDecode(ByteToMessageDecoder.java:469)
	at io.netty.handler.codec.ByteToMessageDecoder.channelRead(ByteToMessageDecoder.java:290)
	at io.netty.channel.AbstractChannelHandlerContext.fireChannelRead(AbstractChannelHandlerContext.java:356)
	at io.netty.channel.DefaultChannelPipeline$HeadContext.channelRead(DefaultChannelPipeline.java:1429)
	at io.netty.channel.DefaultChannelPipeline.fireChannelRead(DefaultChannelPipeline.java:918)
	at io.netty.channel.nio.AbstractNioByteChannel$NioByteUnsafe.read(AbstractNioByteChannel.java:167)
	at io.netty.channel.nio.AbstractNioChannel$AbstractNioUnsafe.handle(AbstractNioChannel.java:445)
	at io.netty.channel.nio.NioIoHandler$DefaultNioRegistration.handle(NioIoHandler.java:381)
	at io.netty.channel.nio.NioIoHandler.processSelectedKey(NioIoHandler.java:575)
	at io.netty.channel.nio.NioIoHandler.processSelectedKeysOptimized(NioIoHandler.java:550)
	at io.netty.channel.nio.NioIoHandler.processSelectedKeys(NioIoHandler.java:491)
	at io.netty.channel.nio.NioIoHandler.run(NioIoHandler.java:468)
	at io.netty.channel.SingleThreadIoEventLoop.runIo(SingleThreadIoEventLoop.java:207)
	at io.netty.channel.SingleThreadIoEventLoop.run(SingleThreadIoEventLoop.java:178)
	at io.netty.util.concurrent.SingleThreadEventExecutor$5.run(SingleThreadEventExecutor.java:1073)
	at io.netty.util.internal.ThreadExecutorMap$2.run(ThreadExecutorMap.java:74)
	at io.netty.util.concurrent.FastThreadLocalRunnable.run(FastThreadLocalRunnable.java:30)
	at java.base/java.lang.Thread.run(Thread.java:1447)
2025-11-20 22:29:03.592+02:00 WARN  c.a.c.i.s.HttpResponseBodyDecoder - Failed to deserialize the error entity.
Unsupported text Content-Type Type: class com.azure.monitor.opentelemetry.autoconfigure.implementation.quickpulse.swagger.models.ServiceError
2025-11-20 22:30:04.582+02:00 WARN  c.a.m.o.a.i.q.QuickPulsePingSender - In the last 5 minutes, the following operation has failed 1 times (out of 57): Pinging live metrics endpoint:
 * Unsupported text Content-Type Type: class com.azure.monitor.opentelemetry.autoconfigure.implementation.quickpulse.swagger.models.ServiceError (1 times)
2025-11-20 22:39:37.604+02:00 WARN  c.a.c.i.s.HttpResponseBodyDecoder - Failed to deserialize the error entity.
Unsupported text Content-Type Type: class com.azure.monitor.opentelemetry.autoconfigure.implementation.quickpulse.swagger.models.ServiceError
2025-11-20 22:40:04.597+02:00 WARN  c.a.m.o.a.i.q.QuickPulsePingSender - In the last 5 minutes, the following operation has failed 1 times (out of 58): Pinging live metrics endpoint:
 * Unsupported text Content-Type Type: class com.azure.monitor.opentelemetry.autoconfigure.implementation.quickpulse.swagger.models.ServiceError (1 times)
2025-11-21 07:14:39.616+02:00 ERROR c.a.m.o.a.i.q.QuickPulsePingSender - 
*************************
Failed to connect to https://westeurope.livediagnostics.monitor.azure.com/
*************************

Description:
Unable to resolve host in url

Action:
Please update your network configuration so that the host in this url can be resolved: https://westeurope.livediagnostics.monitor.azure.com/
Learn more about troubleshooting unknown host exception here: https://go.microsoft.com/fwlink/?linkid=2185830

Note:
This message is only logged the first time it occurs after startup.

2025-11-21 07:19:20.127+02:00 WARN  c.a.m.o.a.i.q.QuickPulsePingSender - In the last 5 minutes, the following operation has failed 1 times (out of 46): Pinging live metrics endpoint:
 * Connection prematurely closed BEFORE response (1 times)
2025-11-21 07:26:21.904+02:00 ERROR c.a.m.o.a.i.p.TelemetryPipeline - 
*************************
Failed to connect to https://westeurope-5.in.applicationinsights.azure.com/v2.1/track
*************************

Description:
Unable to resolve host in url

Action:
Please update your network configuration so that the host in this url can be resolved: https://westeurope-5.in.applicationinsights.azure.com/v2.1/track
Learn more about troubleshooting unknown host exception here: https://go.microsoft.com/fwlink/?linkid=2185830

Note:
This message is only logged the first time it occurs after startup.

2025-11-21 07:29:20.147+02:00 WARN  c.a.m.o.a.i.q.QuickPulsePingSender - In the last 5 minutes, the following operation has failed 1 times (out of 37): Pinging live metrics endpoint:
 * Connection reset (1 times)
2025-11-21 08:09:31.635+02:00 WARN  c.a.c.i.s.HttpResponseBodyDecoder - Failed to deserialize the error entity.
Unsupported text Content-Type Type: class com.azure.monitor.opentelemetry.autoconfigure.implementation.quickpulse.swagger.models.ServiceError
2025-11-21 08:14:20.233+02:00 WARN  c.a.m.o.a.i.q.QuickPulsePingSender - In the last 5 minutes, the following operation has failed 1 times (out of 58): Pinging live metrics endpoint:
 * Unsupported text Content-Type Type: class com.azure.monitor.opentelemetry.autoconfigure.implementation.quickpulse.swagger.models.ServiceError (1 times)
2025-11-21 09:22:46.482+02:00 WARN  c.a.c.i.s.HttpResponseBodyDecoder - Failed to deserialize the error entity.
Unsupported text Content-Type Type: class com.azure.monitor.opentelemetry.autoconfigure.implementation.quickpulse.swagger.models.ServiceError
2025-11-21 09:24:20.323+02:00 WARN  c.a.m.o.a.i.q.QuickPulsePingSender - In the last 5 minutes, the following operation has failed 1 times (out of 58): Pinging live metrics endpoint:
 * Unsupported text Content-Type Type: class com.azure.monitor.opentelemetry.autoconfigure.implementation.quickpulse.swagger.models.ServiceError (1 times)
2025-11-21 10:19:31.804+02:00 WARN  c.a.c.i.s.HttpResponseBodyDecoder - Failed to deserialize the error entity.
Unsupported text Content-Type Type: class com.azure.monitor.opentelemetry.autoconfigure.implementation.quickpulse.swagger.models.ServiceError
2025-11-21 10:24:20.354+02:00 WARN  c.a.m.o.a.i.q.QuickPulsePingSender - In the last 5 minutes, the following operation has failed 1 times (out of 58): Pinging live metrics endpoint:
 * Unsupported text Content-Type Type: class com.azure.monitor.opentelemetry.autoconfigure.implementation.quickpulse.swagger.models.ServiceError (1 times)
2025-11-21 10:27:08.367+02:00 WARN  c.a.c.i.s.HttpResponseBodyDecoder - Failed to deserialize the error entity.
Unsupported text Content-Type Type: class com.azure.monitor.opentelemetry.autoconfigure.implementation.quickpulse.swagger.models.ServiceError
2025-11-21 10:29:20.357+02:00 WARN  c.a.m.o.a.i.q.QuickPulsePingSender - In the last 5 minutes, the following operation has failed 1 times (out of 58): Pinging live metrics endpoint:
 * Unsupported text Content-Type Type: class com.azure.monitor.opentelemetry.autoconfigure.implementation.quickpulse.swagger.models.ServiceError (1 times)
2025-11-21 10:37:56.366+02:00 WARN  c.a.c.i.s.HttpResponseBodyDecoder - Failed to deserialize the error entity.
Unsupported text Content-Type Type: class com.azure.monitor.opentelemetry.autoconfigure.implementation.quickpulse.swagger.models.ServiceError
2025-11-21 10:39:20.360+02:00 WARN  c.a.m.o.a.i.q.QuickPulsePingSender - In the last 5 minutes, the following operation has failed 1 times (out of 58): Pinging live metrics endpoint:
 * Unsupported text Content-Type Type: class com.azure.monitor.opentelemetry.autoconfigure.implementation.quickpulse.swagger.models.ServiceError (1 times)
2025-11-21 10:51:20.084+02:00 WARN  c.a.c.i.s.HttpResponseBodyDecoder - Failed to deserialize the error entity.
Unsupported text Content-Type Type: class com.azure.monitor.opentelemetry.autoconfigure.implementation.quickpulse.swagger.models.ServiceError
2025-11-21 10:54:20.365+02:00 WARN  c.a.m.o.a.i.q.QuickPulsePingSender - In the last 5 minutes, the following operation has failed 1 times (out of 58): Pinging live metrics endpoint:
 * Unsupported text Content-Type Type: class com.azure.monitor.opentelemetry.autoconfigure.implementation.quickpulse.swagger.models.ServiceError (1 times)
2025-11-21 11:03:21.056+02:00 WARN  c.a.c.i.s.HttpResponseBodyDecoder - Failed to deserialize the error entity.
Unsupported text Content-Type Type: class com.azure.monitor.opentelemetry.autoconfigure.implementation.quickpulse.swagger.models.ServiceError
2025-11-21 11:04:20.367+02:00 WARN  c.a.m.o.a.i.q.QuickPulsePingSender - In the last 5 minutes, the following operation has failed 1 times (out of 58): Pinging live metrics endpoint:
 * Unsupported text Content-Type Type: class com.azure.monitor.opentelemetry.autoconfigure.implementation.quickpulse.swagger.models.ServiceError (1 times)
2025-11-21 11:18:02.566+02:00 WARN  c.a.c.i.s.HttpResponseBodyDecoder - Failed to deserialize the error entity.
Unsupported text Content-Type Type: class com.azure.monitor.opentelemetry.autoconfigure.implementation.quickpulse.swagger.models.ServiceError
2025-11-21 11:19:20.371+02:00 WARN  c.a.m.o.a.i.q.QuickPulsePingSender - In the last 5 minutes, the following operation has failed 1 times (out of 58): Pinging live metrics endpoint:
 * Unsupported text Content-Type Type: class com.azure.monitor.opentelemetry.autoconfigure.implementation.quickpulse.swagger.models.ServiceError (1 times)
2025-11-21 12:30:16.196+02:00 WARN  c.a.c.i.s.HttpResponseBodyDecoder - Failed to deserialize the error entity.
Unsupported text Content-Type Type: class com.azure.monitor.opentelemetry.autoconfigure.implementation.quickpulse.swagger.models.ServiceError
2025-11-21 12:34:20.400+02:00 WARN  c.a.m.o.a.i.q.QuickPulsePingSender - In the last 5 minutes, the following operation has failed 1 times (out of 58): Pinging live metrics endpoint:
 * Unsupported text Content-Type Type: class com.azure.monitor.opentelemetry.autoconfigure.implementation.quickpulse.swagger.models.ServiceError (1 times)
2025-11-21 12:55:09.353+02:00 WARN  c.a.c.i.s.HttpResponseBodyDecoder - Failed to deserialize the error entity.
Unsupported text Content-Type Type: class com.azure.monitor.opentelemetry.autoconfigure.implementation.quickpulse.swagger.models.ServiceError
2025-11-21 12:59:20.408+02:00 WARN  c.a.m.o.a.i.q.QuickPulsePingSender - In the last 5 minutes, the following operation has failed 1 times (out of 58): Pinging live metrics endpoint:
 * Unsupported text Content-Type Type: class com.azure.monitor.opentelemetry.autoconfigure.implementation.quickpulse.swagger.models.ServiceError (1 times)
2025-11-21 12:59:38.212+02:00 WARN  c.a.c.i.s.HttpResponseBodyDecoder - Failed to deserialize the error entity.
Unsupported text Content-Type Type: class com.azure.monitor.opentelemetry.autoconfigure.implementation.quickpulse.swagger.models.ServiceError
2025-11-21 13:04:20.410+02:00 WARN  c.a.m.o.a.i.q.QuickPulsePingSender - In the last 5 minutes, the following operation has failed 1 times (out of 58): Pinging live metrics endpoint:
 * Unsupported text Content-Type Type: class com.azure.monitor.opentelemetry.autoconfigure.implementation.quickpulse.swagger.models.ServiceError (1 times)
2025-11-21 14:38:40.657+02:00 WARN  c.a.c.i.s.HttpResponseBodyDecoder - Failed to deserialize the error entity.
Unsupported text Content-Type Type: class com.azure.monitor.opentelemetry.autoconfigure.implementation.quickpulse.swagger.models.ServiceError
2025-11-21 14:39:21.516+02:00 WARN  c.a.m.o.a.i.q.QuickPulsePingSender - In the last 5 minutes, the following operation has failed 1 times (out of 57): Pinging live metrics endpoint:
 * Unsupported text Content-Type Type: class com.azure.monitor.opentelemetry.autoconfigure.implementation.quickpulse.swagger.models.ServiceError (1 times)
2025-11-21 15:07:34.182+02:00 WARN  c.a.c.i.s.HttpResponseBodyDecoder - Failed to deserialize the error entity.
Unsupported text Content-Type Type: class com.azure.monitor.opentelemetry.autoconfigure.implementation.quickpulse.swagger.models.ServiceError
2025-11-21 15:09:21.574+02:00 WARN  c.a.m.o.a.i.q.QuickPulsePingSender - In the last 5 minutes, the following operation has failed 1 times (out of 57): Pinging live metrics endpoint:
 * Unsupported text Content-Type Type: class com.azure.monitor.opentelemetry.autoconfigure.implementation.quickpulse.swagger.models.ServiceError (1 times)
2025-11-21 15:29:20.351+02:00 WARN  c.a.c.i.s.HttpResponseBodyDecoder - Failed to deserialize the error entity.
Unsupported text Content-Type Type: class com.azure.monitor.opentelemetry.autoconfigure.implementation.quickpulse.swagger.models.ServiceError
2025-11-21 15:29:21.636+02:00 WARN  c.a.m.o.a.i.q.QuickPulsePingSender - In the last 5 minutes, the following operation has failed 1 times (out of 58): Pinging live metrics endpoint:
 * Unsupported text Content-Type Type: class com.azure.monitor.opentelemetry.autoconfigure.implementation.quickpulse.swagger.models.ServiceError (1 times)
2025-11-21 16:14:24.124+02:00 WARN  c.a.c.i.s.HttpResponseBodyDecoder - Failed to deserialize the error entity.
Unsupported text Content-Type Type: class com.azure.monitor.opentelemetry.autoconfigure.implementation.quickpulse.swagger.models.ServiceError
2025-11-21 16:19:21.676+02:00 WARN  c.a.m.o.a.i.q.QuickPulsePingSender - In the last 5 minutes, the following operation has failed 1 times (out of 58): Pinging live metrics endpoint:
 * Unsupported text Content-Type Type: class com.azure.monitor.opentelemetry.autoconfigure.implementation.quickpulse.swagger.models.ServiceError (1 times)
2025-11-21 16:35:08.888+02:00 WARN  c.a.c.i.s.HttpResponseBodyDecoder - Failed to deserialize the error entity.
Unsupported text Content-Type Type: class com.azure.monitor.opentelemetry.autoconfigure.implementation.quickpulse.swagger.models.ServiceError
2025-11-21 16:39:21.708+02:00 WARN  c.a.m.o.a.i.q.QuickPulsePingSender - In the last 5 minutes, the following operation has failed 1 times (out of 57): Pinging live metrics endpoint:
 * Unsupported text Content-Type Type: class com.azure.monitor.opentelemetry.autoconfigure.implementation.quickpulse.swagger.models.ServiceError (1 times)
2025-11-21 16:49:21.712+02:00 WARN  c.a.m.o.a.i.q.QuickPulsePingSender - In the last 5 minutes, the following operation has failed 1 times (out of 49): Pinging live metrics endpoint:
 * Connection reset (1 times)
2025-11-21 17:06:06.507+02:00 WARN  c.a.c.i.s.HttpResponseBodyDecoder - Failed to deserialize the error entity.
Unsupported text Content-Type Type: class com.azure.monitor.opentelemetry.autoconfigure.implementation.quickpulse.swagger.models.ServiceError
2025-11-21 17:09:21.752+02:00 WARN  c.a.m.o.a.i.q.QuickPulsePingSender - In the last 5 minutes, the following operation has failed 1 times (out of 59): Pinging live metrics endpoint:
 * Unsupported text Content-Type Type: class com.azure.monitor.opentelemetry.autoconfigure.implementation.quickpulse.swagger.models.ServiceError (1 times)
2025-11-21 17:24:56.101+02:00 WARN  c.a.c.i.s.HttpResponseBodyDecoder - Failed to deserialize the error entity.
Unsupported text Content-Type Type: class com.azure.monitor.opentelemetry.autoconfigure.implementation.quickpulse.swagger.models.ServiceError
2025-11-21 17:26:18.219+02:00 WARN  c.m.a.a.i.c.ConfigurationBuilder - "Sampling overrides" is no longer in preview and it has been GA since 3.5.0 GA,
2025-11-21 17:26:19.679+02:00 INFO  c.m.applicationinsights.agent - Application Insights Java Agent 3.7.5 started successfully (PID 59372, JVM running for 3.652 s)
2025-11-21 17:26:19.687+02:00 INFO  c.m.applicationinsights.agent - Java version: 24.0.2, vendor: Oracle Corporation, home: C:\Users\SuperD\.jdks\openjdk-24.0.2
2025-11-21 17:27:28.814+02:00 ERROR c.a.c.h.netty.NettyAsyncHttpClient - io.netty.channel.ConnectTimeoutException: connection timed out after 10000 ms: /169.254.169.254:80
2025-11-21 17:29:48.285+02:00 WARN  c.a.c.i.s.HttpResponseBodyDecoder - Failed to deserialize the error entity.
Unsupported text Content-Type Type: class com.azure.monitor.opentelemetry.autoconfigure.implementation.quickpulse.swagger.models.ServiceError
2025-11-21 17:29:48.299+02:00 WARN  c.a.m.o.a.i.q.QuickPulsePingSender - Pinging live metrics endpoint: Unsupported text Content-Type Type: class com.azure.monitor.opentelemetry.autoconfigure.implementation.quickpulse.swagger.models.ServiceError (future warnings will be aggregated and logged once every 5 minutes)
java.lang.IllegalStateException: Unsupported text Content-Type Type: class com.azure.monitor.opentelemetry.autoconfigure.implementation.quickpulse.swagger.models.ServiceError
	at com.azure.core.util.serializer.JacksonAdapter.deserializeText(JacksonAdapter.java:452)
	at com.azure.core.util.serializer.JacksonAdapter.lambda$deserialize$9(JacksonAdapter.java:353)
	at com.azure.core.util.serializer.JacksonAdapter.useAccessHelper(JacksonAdapter.java:488)
	at com.azure.core.util.serializer.JacksonAdapter.deserialize(JacksonAdapter.java:346)
	at com.azure.core.implementation.serializer.HttpResponseBodyDecoder.deserialize(HttpResponseBodyDecoder.java:176)
	at com.azure.core.implementation.serializer.HttpResponseBodyDecoder.deserializeBody(HttpResponseBodyDecoder.java:150)
	at com.azure.core.implementation.serializer.HttpResponseBodyDecoder.decodeByteArray(HttpResponseBodyDecoder.java:67)
	at com.azure.core.implementation.serializer.HttpResponseDecoder$HttpDecodedResponse.getDecodedBody(HttpResponseDecoder.java:93)
	at com.azure.core.implementation.http.rest.AsyncRestProxy.lambda$ensureExpectedStatus$1(AsyncRestProxy.java:136)
	at reactor.core.publisher.FluxMapFuseable$MapFuseableSubscriber.onNext(FluxMapFuseable.java:113)
	at reactor.core.publisher.Operators$ScalarSubscription.request(Operators.java:2570)
	at reactor.core.publisher.FluxMapFuseable$MapFuseableSubscriber.request(FluxMapFuseable.java:171)
	at reactor.core.publisher.Operators$MultiSubscriptionSubscriber.set(Operators.java:2366)
	at reactor.core.publisher.Operators$MultiSubscriptionSubscriber.onSubscribe(Operators.java:2240)
	at reactor.core.publisher.FluxMapFuseable$MapFuseableSubscriber.onSubscribe(FluxMapFuseable.java:96)
	at reactor.core.publisher.MonoJust.subscribe(MonoJust.java:55)
	at reactor.core.publisher.InternalMonoOperator.subscribe(InternalMonoOperator.java:76)
	at reactor.core.publisher.MonoFlatMap$FlatMapMain.onNext(MonoFlatMap.java:165)
	at reactor.core.publisher.FluxMapFuseable$MapFuseableSubscriber.onNext(FluxMapFuseable.java:129)
	at reactor.core.publisher.FluxHide$SuppressFuseableSubscriber.onNext(FluxHide.java:137)
	at reactor.core.publisher.MonoFlatMap$FlatMapMain.onNext(MonoFlatMap.java:158)
	at reactor.core.publisher.FluxOnErrorResume$ResumeSubscriber.onNext(FluxOnErrorResume.java:79)
	at reactor.core.publisher.MonoFlatMap$FlatMapMain.onNext(MonoFlatMap.java:158)
	at reactor.core.publisher.Operators$MonoInnerProducerBase.complete(Operators.java:2864)
	at reactor.core.publisher.MonoSingle$SingleSubscriber.onComplete(MonoSingle.java:180)
	at reactor.core.publisher.MonoFlatMapMany$FlatMapManyInner.onComplete(MonoFlatMapMany.java:261)
	at reactor.core.publisher.FluxContextWrite$ContextWriteSubscriber.onComplete(FluxContextWrite.java:126)
	at reactor.core.publisher.MonoUsing$MonoUsingSubscriber.onNext(MonoUsing.java:232)
	at reactor.core.publisher.FluxMap$MapSubscriber.onNext(FluxMap.java:122)
	at reactor.core.publisher.FluxSwitchIfEmpty$SwitchIfEmptySubscriber.onNext(FluxSwitchIfEmpty.java:74)
	at reactor.core.publisher.FluxHandle$HandleSubscriber.onNext(FluxHandle.java:129)
	at reactor.core.publisher.FluxMap$MapConditionalSubscriber.onNext(FluxMap.java:224)
	at reactor.core.publisher.FluxDoFinally$DoFinallySubscriber.onNext(FluxDoFinally.java:113)
	at reactor.core.publisher.FluxHandleFuseable$HandleFuseableSubscriber.onNext(FluxHandleFuseable.java:194)
	at reactor.core.publisher.FluxContextWrite$ContextWriteSubscriber.onNext(FluxContextWrite.java:107)
	at reactor.core.publisher.Operators$BaseFluxToMonoOperator.completePossiblyEmpty(Operators.java:2096)
	at reactor.core.publisher.MonoCollectList$MonoCollectListSubscriber.onComplete(MonoCollectList.java:118)
	at reactor.core.publisher.FluxPeek$PeekSubscriber.onComplete(FluxPeek.java:260)
	at reactor.core.publisher.FluxMap$MapSubscriber.onComplete(FluxMap.java:144)
	at reactor.netty.channel.FluxReceive.onInboundComplete(FluxReceive.java:413)
	at reactor.netty.channel.ChannelOperations.onInboundComplete(ChannelOperations.java:455)
	at reactor.netty.channel.ChannelOperations.terminate(ChannelOperations.java:509)
	at reactor.netty.http.client.HttpClientOperations.onInboundNext(HttpClientOperations.java:846)
	at reactor.netty.channel.ChannelOperationsHandler.channelRead(ChannelOperationsHandler.java:115)
	at io.netty.channel.AbstractChannelHandlerContext.fireChannelRead(AbstractChannelHandlerContext.java:356)
	at com.azure.core.http.netty.implementation.AzureSdkHandler.channelRead(AzureSdkHandler.java:224)
	at io.netty.channel.AbstractChannelHandlerContext.fireChannelRead(AbstractChannelHandlerContext.java:354)
	at io.netty.channel.CombinedChannelDuplexHandler$DelegatingChannelHandlerContext.fireChannelRead(CombinedChannelDuplexHandler.java:434)
	at io.netty.handler.codec.ByteToMessageDecoder.fireChannelRead(ByteToMessageDecoder.java:346)
	at io.netty.handler.codec.ByteToMessageDecoder.channelRead(ByteToMessageDecoder.java:318)
	at io.netty.channel.CombinedChannelDuplexHandler.channelRead(CombinedChannelDuplexHandler.java:249)
	at io.netty.channel.AbstractChannelHandlerContext.fireChannelRead(AbstractChannelHandlerContext.java:354)
	at io.netty.handler.ssl.SslHandler.unwrap(SslHandler.java:1540)
	at io.netty.handler.ssl.SslHandler.decodeJdkCompatible(SslHandler.java:1398)
	at io.netty.handler.ssl.SslHandler.decode(SslHandler.java:1449)
	at io.netty.handler.codec.ByteToMessageDecoder.decodeRemovalReentryProtection(ByteToMessageDecoder.java:530)
	at io.netty.handler.codec.ByteToMessageDecoder.callDecode(ByteToMessageDecoder.java:469)
	at io.netty.handler.codec.ByteToMessageDecoder.channelRead(ByteToMessageDecoder.java:290)
	at io.netty.channel.AbstractChannelHandlerContext.fireChannelRead(AbstractChannelHandlerContext.java:356)
	at io.netty.channel.DefaultChannelPipeline$HeadContext.channelRead(DefaultChannelPipeline.java:1429)
	at io.netty.channel.DefaultChannelPipeline.fireChannelRead(DefaultChannelPipeline.java:918)
	at io.netty.channel.nio.AbstractNioByteChannel$NioByteUnsafe.read(AbstractNioByteChannel.java:167)
	at io.netty.channel.nio.AbstractNioChannel$AbstractNioUnsafe.handle(AbstractNioChannel.java:445)
	at io.netty.channel.nio.NioIoHandler$DefaultNioRegistration.handle(NioIoHandler.java:381)
	at io.netty.channel.nio.NioIoHandler.processSelectedKey(NioIoHandler.java:575)
	at io.netty.channel.nio.NioIoHandler.processSelectedKeysOptimized(NioIoHandler.java:550)
	at io.netty.channel.nio.NioIoHandler.processSelectedKeys(NioIoHandler.java:491)
	at io.netty.channel.nio.NioIoHandler.run(NioIoHandler.java:468)
	at io.netty.channel.SingleThreadIoEventLoop.runIo(SingleThreadIoEventLoop.java:207)
	at io.netty.channel.SingleThreadIoEventLoop.run(SingleThreadIoEventLoop.java:178)
	at io.netty.util.concurrent.SingleThreadEventExecutor$5.run(SingleThreadEventExecutor.java:1073)
	at io.netty.util.internal.ThreadExecutorMap$2.run(ThreadExecutorMap.java:74)
	at io.netty.util.concurrent.FastThreadLocalRunnable.run(FastThreadLocalRunnable.java:30)
	at java.base/java.lang.Thread.run(Thread.java:1447)
2025-11-21 18:19:24.555+02:00 WARN  c.m.a.a.i.c.ConfigurationBuilder - "Sampling overrides" is no longer in preview and it has been GA since 3.5.0 GA,
2025-11-21 18:19:26.317+02:00 INFO  c.m.applicationinsights.agent - Application Insights Java Agent 3.7.5 started successfully (PID 47404, JVM running for 4.691 s)
2025-11-21 18:19:26.323+02:00 INFO  c.m.applicationinsights.agent - Java version: 24.0.2, vendor: Oracle Corporation, home: C:\Users\SuperD\.jdks\openjdk-24.0.2
2025-11-21 18:20:32.192+02:00 WARN  c.m.a.a.i.c.ConfigurationBuilder - "Sampling overrides" is no longer in preview and it has been GA since 3.5.0 GA,
2025-11-21 18:20:33.439+02:00 INFO  c.m.applicationinsights.agent - Application Insights Java Agent 3.7.5 started successfully (PID 55232, JVM running for 2.94 s)
2025-11-21 18:20:33.440+02:00 INFO  c.m.applicationinsights.agent - Java version: 24.0.2, vendor: Oracle Corporation, home: C:\Users\SuperD\.jdks\openjdk-24.0.2
2025-11-21 18:22:04.199+02:00 ERROR c.a.c.h.netty.NettyAsyncHttpClient - io.netty.channel.ConnectTimeoutException: connection timed out after 10000 ms: /169.254.169.254:80
2025-11-21 18:26:53.809+02:00 WARN  c.m.a.a.i.c.ConfigurationBuilder - "Sampling overrides" is no longer in preview and it has been GA since 3.5.0 GA,
2025-11-21 18:26:55.160+02:00 INFO  c.m.applicationinsights.agent - Application Insights Java Agent 3.7.5 started successfully (PID 26028, JVM running for 3.789 s)
2025-11-21 18:26:55.163+02:00 INFO  c.m.applicationinsights.agent - Java version: 24.0.2, vendor: Oracle Corporation, home: C:\Users\SuperD\.jdks\openjdk-24.0.2
2025-11-21 18:32:26.093+02:00 ERROR c.a.c.h.netty.NettyAsyncHttpClient - io.netty.channel.ConnectTimeoutException: connection timed out after 10000 ms: /169.254.169.254:80
2025-11-21 18:37:49.063+02:00 WARN  c.a.m.o.a.i.q.QuickPulsePingSender - Pinging live metrics endpoint: Connection reset (future warnings will be aggregated and logged once every 5 minutes)
java.net.SocketException: Connection reset
	at java.base/sun.nio.ch.SocketChannelImpl.throwConnectionReset(SocketChannelImpl.java:399)
	at java.base/sun.nio.ch.SocketChannelImpl.implRead(SocketChannelImpl.java:431)
	at java.base/sun.nio.ch.SocketChannelImpl.read(SocketChannelImpl.java:489)
	at io.netty.buffer.AdaptivePoolingAllocator$AdaptiveByteBuf.setBytes(AdaptivePoolingAllocator.java:1816)
	at io.netty.buffer.AbstractByteBuf.writeBytes(AbstractByteBuf.java:1139)
	at io.netty.channel.socket.nio.NioSocketChannel.doReadBytes(NioSocketChannel.java:350)
	at io.netty.channel.nio.AbstractNioByteChannel$NioByteUnsafe.read(AbstractNioByteChannel.java:152)
	at io.netty.channel.nio.AbstractNioChannel$AbstractNioUnsafe.handle(AbstractNioChannel.java:445)
	at io.netty.channel.nio.NioIoHandler$DefaultNioRegistration.handle(NioIoHandler.java:381)
	at io.netty.channel.nio.NioIoHandler.processSelectedKey(NioIoHandler.java:575)
	at io.netty.channel.nio.NioIoHandler.processSelectedKeysOptimized(NioIoHandler.java:550)
	at io.netty.channel.nio.NioIoHandler.processSelectedKeys(NioIoHandler.java:491)
	at io.netty.channel.nio.NioIoHandler.run(NioIoHandler.java:468)
	at io.netty.channel.SingleThreadIoEventLoop.runIo(SingleThreadIoEventLoop.java:207)
	at io.netty.channel.SingleThreadIoEventLoop.run(SingleThreadIoEventLoop.java:178)
	at io.netty.util.concurrent.SingleThreadEventExecutor$5.run(SingleThreadEventExecutor.java:1073)
	at io.netty.util.internal.ThreadExecutorMap$2.run(ThreadExecutorMap.java:74)
	at io.netty.util.concurrent.FastThreadLocalRunnable.run(FastThreadLocalRunnable.java:30)
	at java.base/java.lang.Thread.run(Thread.java:1447)
2025-11-21 18:37:51.760+02:00 ERROR c.a.m.o.a.i.p.TelemetryPipeline - 
*************************
Failed to connect to https://westeurope-5.in.applicationinsights.azure.com/v2.1/track
*************************

Description:
Unable to resolve host in url

Action:
Please update your network configuration so that the host in this url can be resolved: https://westeurope-5.in.applicationinsights.azure.com/v2.1/track
Learn more about troubleshooting unknown host exception here: https://go.microsoft.com/fwlink/?linkid=2185830

Note:
This message is only logged the first time it occurs after startup.

2025-11-21 18:37:54.157+02:00 ERROR c.a.m.o.a.i.q.QuickPulsePingSender - 
*************************
Failed to connect to https://westeurope.livediagnostics.monitor.azure.com/
*************************

Description:
Unable to resolve host in url

Action:
Please update your network configuration so that the host in this url can be resolved: https://westeurope.livediagnostics.monitor.azure.com/
Learn more about troubleshooting unknown host exception here: https://go.microsoft.com/fwlink/?linkid=2185830

Note:
This message is only logged the first time it occurs after startup.

2025-11-21 18:47:30.220+02:00 WARN  c.a.c.i.s.HttpResponseBodyDecoder - Failed to deserialize the error entity.
Unsupported text Content-Type Type: class com.azure.monitor.opentelemetry.autoconfigure.implementation.quickpulse.swagger.models.ServiceError
2025-11-21 18:47:49.178+02:00 WARN  c.a.m.o.a.i.q.QuickPulsePingSender - In the last 5 minutes, the following operation has failed 1 times (out of 58): Pinging live metrics endpoint:
 * Unsupported text Content-Type Type: class com.azure.monitor.opentelemetry.autoconfigure.implementation.quickpulse.swagger.models.ServiceError (1 times)
2025-11-21 19:12:22.469+02:00 WARN  c.a.c.i.s.HttpResponseBodyDecoder - Failed to deserialize the error entity.
Unsupported text Content-Type Type: class com.azure.monitor.opentelemetry.autoconfigure.implementation.quickpulse.swagger.models.ServiceError
2025-11-21 19:12:49.212+02:00 WARN  c.a.m.o.a.i.q.QuickPulsePingSender - In the last 5 minutes, the following operation has failed 1 times (out of 59): Pinging live metrics endpoint:
 * Unsupported text Content-Type Type: class com.azure.monitor.opentelemetry.autoconfigure.implementation.quickpulse.swagger.models.ServiceError (1 times)
2025-11-21 19:18:28.692+02:00 WARN  c.m.a.a.i.c.ConfigurationBuilder - "Sampling overrides" is no longer in preview and it has been GA since 3.5.0 GA,
2025-11-21 19:18:30.449+02:00 INFO  c.m.applicationinsights.agent - Application Insights Java Agent 3.7.5 started successfully (PID 56152, JVM running for 4.901 s)
2025-11-21 19:18:30.451+02:00 INFO  c.m.applicationinsights.agent - Java version: 24.0.2, vendor: Oracle Corporation, home: C:\Users\SuperD\.jdks\openjdk-24.0.2
2025-11-21 19:19:39.459+02:00 ERROR c.a.c.h.netty.NettyAsyncHttpClient - io.netty.channel.ConnectTimeoutException: connection timed out after 10000 ms: /169.254.169.254:80
2025-11-21 20:05:57.863+02:00 WARN  c.a.c.i.s.HttpResponseBodyDecoder - Failed to deserialize the error entity.
Unsupported text Content-Type Type: class com.azure.monitor.opentelemetry.autoconfigure.implementation.quickpulse.swagger.models.ServiceError
2025-11-21 20:05:58.020+02:00 WARN  c.a.m.o.a.i.q.QuickPulsePingSender - Pinging live metrics endpoint: Unsupported text Content-Type Type: class com.azure.monitor.opentelemetry.autoconfigure.implementation.quickpulse.swagger.models.ServiceError (future warnings will be aggregated and logged once every 5 minutes)
java.lang.IllegalStateException: Unsupported text Content-Type Type: class com.azure.monitor.opentelemetry.autoconfigure.implementation.quickpulse.swagger.models.ServiceError
	at com.azure.core.util.serializer.JacksonAdapter.deserializeText(JacksonAdapter.java:452)
	at com.azure.core.util.serializer.JacksonAdapter.lambda$deserialize$9(JacksonAdapter.java:353)
	at com.azure.core.util.serializer.JacksonAdapter.useAccessHelper(JacksonAdapter.java:488)
	at com.azure.core.util.serializer.JacksonAdapter.deserialize(JacksonAdapter.java:346)
	at com.azure.core.implementation.serializer.HttpResponseBodyDecoder.deserialize(HttpResponseBodyDecoder.java:176)
	at com.azure.core.implementation.serializer.HttpResponseBodyDecoder.deserializeBody(HttpResponseBodyDecoder.java:150)
	at com.azure.core.implementation.serializer.HttpResponseBodyDecoder.decodeByteArray(HttpResponseBodyDecoder.java:67)
	at com.azure.core.implementation.serializer.HttpResponseDecoder$HttpDecodedResponse.getDecodedBody(HttpResponseDecoder.java:93)
	at com.azure.core.implementation.http.rest.AsyncRestProxy.lambda$ensureExpectedStatus$1(AsyncRestProxy.java:136)
	at reactor.core.publisher.FluxMapFuseable$MapFuseableSubscriber.onNext(FluxMapFuseable.java:113)
	at reactor.core.publisher.Operators$ScalarSubscription.request(Operators.java:2570)
	at reactor.core.publisher.FluxMapFuseable$MapFuseableSubscriber.request(FluxMapFuseable.java:171)
	at reactor.core.publisher.Operators$MultiSubscriptionSubscriber.set(Operators.java:2366)
	at reactor.core.publisher.Operators$MultiSubscriptionSubscriber.onSubscribe(Operators.java:2240)
	at reactor.core.publisher.FluxMapFuseable$MapFuseableSubscriber.onSubscribe(FluxMapFuseable.java:96)
	at reactor.core.publisher.MonoJust.subscribe(MonoJust.java:55)
	at reactor.core.publisher.InternalMonoOperator.subscribe(InternalMonoOperator.java:76)
	at reactor.core.publisher.MonoFlatMap$FlatMapMain.onNext(MonoFlatMap.java:165)
	at reactor.core.publisher.FluxMapFuseable$MapFuseableSubscriber.onNext(FluxMapFuseable.java:129)
	at reactor.core.publisher.FluxHide$SuppressFuseableSubscriber.onNext(FluxHide.java:137)
	at reactor.core.publisher.MonoFlatMap$FlatMapMain.onNext(MonoFlatMap.java:158)
	at reactor.core.publisher.FluxOnErrorResume$ResumeSubscriber.onNext(FluxOnErrorResume.java:79)
	at reactor.core.publisher.MonoFlatMap$FlatMapMain.onNext(MonoFlatMap.java:158)
	at reactor.core.publisher.Operators$MonoInnerProducerBase.complete(Operators.java:2864)
	at reactor.core.publisher.MonoSingle$SingleSubscriber.onComplete(MonoSingle.java:180)
	at reactor.core.publisher.MonoFlatMapMany$FlatMapManyInner.onComplete(MonoFlatMapMany.java:261)
	at reactor.core.publisher.FluxContextWrite$ContextWriteSubscriber.onComplete(FluxContextWrite.java:126)
	at reactor.core.publisher.MonoUsing$MonoUsingSubscriber.onNext(MonoUsing.java:232)
	at reactor.core.publisher.FluxMap$MapSubscriber.onNext(FluxMap.java:122)
	at reactor.core.publisher.FluxSwitchIfEmpty$SwitchIfEmptySubscriber.onNext(FluxSwitchIfEmpty.java:74)
	at reactor.core.publisher.FluxHandle$HandleSubscriber.onNext(FluxHandle.java:129)
	at reactor.core.publisher.FluxMap$MapConditionalSubscriber.onNext(FluxMap.java:224)
	at reactor.core.publisher.FluxDoFinally$DoFinallySubscriber.onNext(FluxDoFinally.java:113)
	at reactor.core.publisher.FluxHandleFuseable$HandleFuseableSubscriber.onNext(FluxHandleFuseable.java:194)
	at reactor.core.publisher.FluxContextWrite$ContextWriteSubscriber.onNext(FluxContextWrite.java:107)
	at reactor.core.publisher.Operators$BaseFluxToMonoOperator.completePossiblyEmpty(Operators.java:2096)
	at reactor.core.publisher.MonoCollectList$MonoCollectListSubscriber.onComplete(MonoCollectList.java:118)
	at reactor.core.publisher.FluxPeek$PeekSubscriber.onComplete(FluxPeek.java:260)
	at reactor.core.publisher.FluxMap$MapSubscriber.onComplete(FluxMap.java:144)
	at reactor.netty.channel.FluxReceive.onInboundComplete(FluxReceive.java:413)
	at reactor.netty.channel.ChannelOperations.onInboundComplete(ChannelOperations.java:455)
	at reactor.netty.channel.ChannelOperations.terminate(ChannelOperations.java:509)
	at reactor.netty.http.client.HttpClientOperations.onInboundNext(HttpClientOperations.java:846)
	at reactor.netty.channel.ChannelOperationsHandler.channelRead(ChannelOperationsHandler.java:115)
	at io.netty.channel.AbstractChannelHandlerContext.fireChannelRead(AbstractChannelHandlerContext.java:356)
	at com.azure.core.http.netty.implementation.AzureSdkHandler.channelRead(AzureSdkHandler.java:224)
	at io.netty.channel.AbstractChannelHandlerContext.fireChannelRead(AbstractChannelHandlerContext.java:354)
	at io.netty.channel.CombinedChannelDuplexHandler$DelegatingChannelHandlerContext.fireChannelRead(CombinedChannelDuplexHandler.java:434)
	at io.netty.handler.codec.ByteToMessageDecoder.fireChannelRead(ByteToMessageDecoder.java:346)
	at io.netty.handler.codec.ByteToMessageDecoder.channelRead(ByteToMessageDecoder.java:318)
	at io.netty.channel.CombinedChannelDuplexHandler.channelRead(CombinedChannelDuplexHandler.java:249)
	at io.netty.channel.AbstractChannelHandlerContext.fireChannelRead(AbstractChannelHandlerContext.java:354)
	at io.netty.handler.ssl.SslHandler.unwrap(SslHandler.java:1540)
	at io.netty.handler.ssl.SslHandler.decodeJdkCompatible(SslHandler.java:1398)
	at io.netty.handler.ssl.SslHandler.decode(SslHandler.java:1449)
	at io.netty.handler.codec.ByteToMessageDecoder.decodeRemovalReentryProtection(ByteToMessageDecoder.java:530)
	at io.netty.handler.codec.ByteToMessageDecoder.callDecode(ByteToMessageDecoder.java:469)
	at io.netty.handler.codec.ByteToMessageDecoder.channelRead(ByteToMessageDecoder.java:290)
	at io.netty.channel.AbstractChannelHandlerContext.fireChannelRead(AbstractChannelHandlerContext.java:356)
	at io.netty.channel.DefaultChannelPipeline$HeadContext.channelRead(DefaultChannelPipeline.java:1429)
	at io.netty.channel.DefaultChannelPipeline.fireChannelRead(DefaultChannelPipeline.java:918)
	at io.netty.channel.nio.AbstractNioByteChannel$NioByteUnsafe.read(AbstractNioByteChannel.java:167)
	at io.netty.channel.nio.AbstractNioChannel$AbstractNioUnsafe.handle(AbstractNioChannel.java:445)
	at io.netty.channel.nio.NioIoHandler$DefaultNioRegistration.handle(NioIoHandler.java:381)
	at io.netty.channel.nio.NioIoHandler.processSelectedKey(NioIoHandler.java:575)
	at io.netty.channel.nio.NioIoHandler.processSelectedKeysOptimized(NioIoHandler.java:550)
	at io.netty.channel.nio.NioIoHandler.processSelectedKeys(NioIoHandler.java:491)
	at io.netty.channel.nio.NioIoHandler.run(NioIoHandler.java:468)
	at io.netty.channel.SingleThreadIoEventLoop.runIo(SingleThreadIoEventLoop.java:207)
	at io.netty.channel.SingleThreadIoEventLoop.run(SingleThreadIoEventLoop.java:178)
	at io.netty.util.concurrent.SingleThreadEventExecutor$5.run(SingleThreadEventExecutor.java:1073)
	at io.netty.util.internal.ThreadExecutorMap$2.run(ThreadExecutorMap.java:74)
	at io.netty.util.concurrent.FastThreadLocalRunnable.run(FastThreadLocalRunnable.java:30)
	at java.base/java.lang.Thread.run(Thread.java:1447)
2025-11-21 20:10:20.273+02:00 WARN  c.a.c.i.s.HttpResponseBodyDecoder - Failed to deserialize the error entity.
Unsupported text Content-Type Type: class com.azure.monitor.opentelemetry.autoconfigure.implementation.quickpulse.swagger.models.ServiceError
2025-11-21 20:10:38.176+02:00 WARN  c.a.c.i.s.HttpResponseBodyDecoder - Failed to deserialize the error entity.
Unsupported text Content-Type Type: class com.azure.monitor.opentelemetry.autoconfigure.implementation.quickpulse.swagger.models.ServiceError
2025-11-21 20:10:58.089+02:00 WARN  c.a.m.o.a.i.q.QuickPulsePingSender - In the last 5 minutes, the following operation has failed 2 times (out of 591): Pinging live metrics endpoint:
 * Unsupported text Content-Type Type: class com.azure.monitor.opentelemetry.autoconfigure.implementation.quickpulse.swagger.models.ServiceError (2 times)
2025-11-21 20:12:38.880+02:00 WARN  c.a.c.i.s.HttpResponseBodyDecoder - Failed to deserialize the error entity.
Unsupported text Content-Type Type: class com.azure.monitor.opentelemetry.autoconfigure.implementation.quickpulse.swagger.models.ServiceError
2025-11-21 20:13:36.425+02:00 WARN  c.a.c.i.s.HttpResponseBodyDecoder - Failed to deserialize the error entity.
Unsupported text Content-Type Type: class com.azure.monitor.opentelemetry.autoconfigure.implementation.quickpulse.swagger.models.ServiceError
2025-11-21 20:14:27.902+02:00 WARN  c.a.c.i.s.HttpResponseBodyDecoder - Failed to deserialize the error entity.
Unsupported text Content-Type Type: class com.azure.monitor.opentelemetry.autoconfigure.implementation.quickpulse.swagger.models.ServiceError
2025-11-21 20:14:40.648+02:00 WARN  c.a.c.i.s.HttpResponseBodyDecoder - Failed to deserialize the error entity.
Unsupported text Content-Type Type: class com.azure.monitor.opentelemetry.autoconfigure.implementation.quickpulse.swagger.models.ServiceError
2025-11-21 20:15:00.410+02:00 WARN  c.a.c.i.s.HttpResponseBodyDecoder - Failed to deserialize the error entity.
Unsupported text Content-Type Type: class com.azure.monitor.opentelemetry.autoconfigure.implementation.quickpulse.swagger.models.ServiceError
2025-11-21 20:15:23.016+02:00 WARN  c.a.c.i.s.HttpResponseBodyDecoder - Failed to deserialize the error entity.
Unsupported text Content-Type Type: class com.azure.monitor.opentelemetry.autoconfigure.implementation.quickpulse.swagger.models.ServiceError
2025-11-21 20:15:58.095+02:00 WARN  c.a.m.o.a.i.q.QuickPulsePingSender - In the last 5 minutes, the following operation has failed 8 times (out of 29): Pinging live metrics endpoint:
 * Unsupported text Content-Type Type: class com.azure.monitor.opentelemetry.autoconfigure.implementation.quickpulse.swagger.models.ServiceError (6 times)
 * Connection reset (2 times)
2025-11-21 20:16:07.520+02:00 WARN  c.a.c.i.s.HttpResponseBodyDecoder - Failed to deserialize the error entity.
Unsupported text Content-Type Type: class com.azure.monitor.opentelemetry.autoconfigure.implementation.quickpulse.swagger.models.ServiceError
2025-11-21 20:16:38.910+02:00 WARN  c.a.c.i.s.HttpResponseBodyDecoder - Failed to deserialize the error entity.
Unsupported text Content-Type Type: class com.azure.monitor.opentelemetry.autoconfigure.implementation.quickpulse.swagger.models.ServiceError
2025-11-21 20:17:33.594+02:00 WARN  c.a.c.i.s.HttpResponseBodyDecoder - Failed to deserialize the error entity.
Unsupported text Content-Type Type: class com.azure.monitor.opentelemetry.autoconfigure.implementation.quickpulse.swagger.models.ServiceError
2025-11-21 20:18:00.411+02:00 WARN  c.a.c.i.s.HttpResponseBodyDecoder - Failed to deserialize the error entity.
Unsupported text Content-Type Type: class com.azure.monitor.opentelemetry.autoconfigure.implementation.quickpulse.swagger.models.ServiceError
2025-11-21 20:18:40.719+02:00 WARN  c.a.c.i.s.HttpResponseBodyDecoder - Failed to deserialize the error entity.
Unsupported text Content-Type Type: class com.azure.monitor.opentelemetry.autoconfigure.implementation.quickpulse.swagger.models.ServiceError
2025-11-21 20:19:41.570+02:00 WARN  c.a.c.i.s.HttpResponseBodyDecoder - Failed to deserialize the error entity.
Unsupported text Content-Type Type: class com.azure.monitor.opentelemetry.autoconfigure.implementation.quickpulse.swagger.models.ServiceError
2025-11-21 20:20:12.115+02:00 WARN  c.a.c.i.s.HttpResponseBodyDecoder - Failed to deserialize the error entity.
Unsupported text Content-Type Type: class com.azure.monitor.opentelemetry.autoconfigure.implementation.quickpulse.swagger.models.ServiceError
2025-11-21 20:20:39.900+02:00 WARN  c.a.c.i.s.HttpResponseBodyDecoder - Failed to deserialize the error entity.
Unsupported text Content-Type Type: class com.azure.monitor.opentelemetry.autoconfigure.implementation.quickpulse.swagger.models.ServiceError
2025-11-21 20:20:58.101+02:00 WARN  c.a.m.o.a.i.q.QuickPulsePingSender - In the last 5 minutes, the following operation has failed 8 times (out of 39): Pinging live metrics endpoint:
 * Unsupported text Content-Type Type: class com.azure.monitor.opentelemetry.autoconfigure.implementation.quickpulse.swagger.models.ServiceError (8 times)
2025-11-21 20:21:04.599+02:00 WARN  c.a.c.i.s.HttpResponseBodyDecoder - Failed to deserialize the error entity.
Unsupported text Content-Type Type: class com.azure.monitor.opentelemetry.autoconfigure.implementation.quickpulse.swagger.models.ServiceError
2025-11-21 20:25:58.116+02:00 WARN  c.a.m.o.a.i.q.QuickPulsePingSender - In the last 5 minutes, the following operation has failed 1 times (out of 58): Pinging live metrics endpoint:
 * Unsupported text Content-Type Type: class com.azure.monitor.opentelemetry.autoconfigure.implementation.quickpulse.swagger.models.ServiceError (1 times)
2025-11-21 21:00:45.555+02:00 ERROR c.a.m.o.a.i.p.TelemetryPipeline - 
*************************
Failed to connect to https://westeurope-5.in.applicationinsights.azure.com/v2.1/track
*************************

Description:
Unable to resolve host in url

Action:
Please update your network configuration so that the host in this url can be resolved: https://westeurope-5.in.applicationinsights.azure.com/v2.1/track
Learn more about troubleshooting unknown host exception here: https://go.microsoft.com/fwlink/?linkid=2185830

Note:
This message is only logged the first time it occurs after startup.

2025-11-21 21:00:45.635+02:00 ERROR c.a.m.o.a.i.q.QuickPulsePingSender - 
*************************
Failed to connect to https://westeurope.livediagnostics.monitor.azure.com/
*************************

Description:
Unable to resolve host in url

Action:
Please update your network configuration so that the host in this url can be resolved: https://westeurope.livediagnostics.monitor.azure.com/
Learn more about troubleshooting unknown host exception here: https://go.microsoft.com/fwlink/?linkid=2185830

Note:
This message is only logged the first time it occurs after startup.

2025-11-21 21:00:58.175+02:00 WARN  c.a.m.o.a.i.q.QuickPulsePingSender - In the last 5 minutes, the following operation has failed 1 times (out of 50): Pinging live metrics endpoint:
 * Connection reset (1 times)
2025-11-21 21:17:07.115+02:00 WARN  c.m.a.a.i.c.ConfigurationBuilder - "Sampling overrides" is no longer in preview and it has been GA since 3.5.0 GA,
2025-11-21 21:17:08.680+02:00 INFO  c.m.applicationinsights.agent - Application Insights Java Agent 3.7.5 started successfully (PID 61228, JVM running for 12.182 s)
2025-11-21 21:17:08.682+02:00 INFO  c.m.applicationinsights.agent - Java version: 24.0.2, vendor: Oracle Corporation, home: C:\Users\SuperD\.jdks\openjdk-24.0.2
2025-11-21 21:17:12.988+02:00 ERROR c.a.m.o.a.i.q.QuickPulsePingSender - 
*************************
Failed to connect to https://westeurope.livediagnostics.monitor.azure.com/
*************************

Description:
Unable to resolve host in url

Action:
Please update your network configuration so that the host in this url can be resolved: https://westeurope.livediagnostics.monitor.azure.com/
Learn more about troubleshooting unknown host exception here: https://go.microsoft.com/fwlink/?linkid=2185830

Note:
This message is only logged the first time it occurs after startup.

2025-11-21 21:17:40.786+02:00 WARN  c.m.a.a.i.c.ConfigurationBuilder - "Sampling overrides" is no longer in preview and it has been GA since 3.5.0 GA,
2025-11-21 21:17:42.071+02:00 INFO  c.m.applicationinsights.agent - Application Insights Java Agent 3.7.5 started successfully (PID 52088, JVM running for 3.151 s)
2025-11-21 21:17:42.073+02:00 INFO  c.m.applicationinsights.agent - Java version: 24.0.2, vendor: Oracle Corporation, home: C:\Users\SuperD\.jdks\openjdk-24.0.2
2025-11-21 21:20:27.589+02:00 WARN  c.m.a.a.i.c.ConfigurationBuilder - "Sampling overrides" is no longer in preview and it has been GA since 3.5.0 GA,
2025-11-21 21:20:29.158+02:00 INFO  c.m.applicationinsights.agent - Application Insights Java Agent 3.7.5 started successfully (PID 30980, JVM running for 5.124 s)
2025-11-21 21:20:29.163+02:00 INFO  c.m.applicationinsights.agent - Java version: 24.0.2, vendor: Oracle Corporation, home: C:\Users\SuperD\.jdks\openjdk-24.0.2
2025-11-21 21:21:38.243+02:00 ERROR c.a.c.h.netty.NettyAsyncHttpClient - io.netty.channel.ConnectTimeoutException: connection timed out after 10000 ms: /169.254.169.254:80
2025-11-21 21:45:36.673+02:00 WARN  c.m.a.a.i.c.ConfigurationBuilder - "Sampling overrides" is no longer in preview and it has been GA since 3.5.0 GA,
2025-11-21 21:45:38.221+02:00 INFO  c.m.applicationinsights.agent - Application Insights Java Agent 3.7.5 started successfully (PID 75708, JVM running for 3.955 s)
2025-11-21 21:45:38.227+02:00 INFO  c.m.applicationinsights.agent - Java version: 24.0.2, vendor: Oracle Corporation, home: C:\Users\SuperD\.jdks\openjdk-24.0.2
2025-11-21 21:46:47.333+02:00 ERROR c.a.c.h.netty.NettyAsyncHttpClient - io.netty.channel.ConnectTimeoutException: connection timed out after 10000 ms: /169.254.169.254:80
2025-11-21 21:50:08.324+02:00 WARN  c.a.c.i.s.HttpResponseBodyDecoder - Failed to deserialize the error entity.
Unsupported text Content-Type Type: class com.azure.monitor.opentelemetry.autoconfigure.implementation.quickpulse.swagger.models.ServiceError
2025-11-21 21:50:08.376+02:00 WARN  c.a.m.o.a.i.q.QuickPulsePingSender - Pinging live metrics endpoint: Unsupported text Content-Type Type: class com.azure.monitor.opentelemetry.autoconfigure.implementation.quickpulse.swagger.models.ServiceError (future warnings will be aggregated and logged once every 5 minutes)
java.lang.IllegalStateException: Unsupported text Content-Type Type: class com.azure.monitor.opentelemetry.autoconfigure.implementation.quickpulse.swagger.models.ServiceError
	at com.azure.core.util.serializer.JacksonAdapter.deserializeText(JacksonAdapter.java:452)
	at com.azure.core.util.serializer.JacksonAdapter.lambda$deserialize$9(JacksonAdapter.java:353)
	at com.azure.core.util.serializer.JacksonAdapter.useAccessHelper(JacksonAdapter.java:488)
	at com.azure.core.util.serializer.JacksonAdapter.deserialize(JacksonAdapter.java:346)
	at com.azure.core.implementation.serializer.HttpResponseBodyDecoder.deserialize(HttpResponseBodyDecoder.java:176)
	at com.azure.core.implementation.serializer.HttpResponseBodyDecoder.deserializeBody(HttpResponseBodyDecoder.java:150)
	at com.azure.core.implementation.serializer.HttpResponseBodyDecoder.decodeByteArray(HttpResponseBodyDecoder.java:67)
	at com.azure.core.implementation.serializer.HttpResponseDecoder$HttpDecodedResponse.getDecodedBody(HttpResponseDecoder.java:93)
	at com.azure.core.implementation.http.rest.AsyncRestProxy.lambda$ensureExpectedStatus$1(AsyncRestProxy.java:136)
	at reactor.core.publisher.FluxMapFuseable$MapFuseableSubscriber.onNext(FluxMapFuseable.java:113)
	at reactor.core.publisher.Operators$ScalarSubscription.request(Operators.java:2570)
	at reactor.core.publisher.FluxMapFuseable$MapFuseableSubscriber.request(FluxMapFuseable.java:171)
	at reactor.core.publisher.Operators$MultiSubscriptionSubscriber.set(Operators.java:2366)
	at reactor.core.publisher.Operators$MultiSubscriptionSubscriber.onSubscribe(Operators.java:2240)
	at reactor.core.publisher.FluxMapFuseable$MapFuseableSubscriber.onSubscribe(FluxMapFuseable.java:96)
	at reactor.core.publisher.MonoJust.subscribe(MonoJust.java:55)
	at reactor.core.publisher.InternalMonoOperator.subscribe(InternalMonoOperator.java:76)
	at reactor.core.publisher.MonoFlatMap$FlatMapMain.onNext(MonoFlatMap.java:165)
	at reactor.core.publisher.FluxMapFuseable$MapFuseableSubscriber.onNext(FluxMapFuseable.java:129)
	at reactor.core.publisher.FluxHide$SuppressFuseableSubscriber.onNext(FluxHide.java:137)
	at reactor.core.publisher.MonoFlatMap$FlatMapMain.onNext(MonoFlatMap.java:158)
	at reactor.core.publisher.FluxOnErrorResume$ResumeSubscriber.onNext(FluxOnErrorResume.java:79)
	at reactor.core.publisher.MonoFlatMap$FlatMapMain.onNext(MonoFlatMap.java:158)
	at reactor.core.publisher.Operators$MonoInnerProducerBase.complete(Operators.java:2864)
	at reactor.core.publisher.MonoSingle$SingleSubscriber.onComplete(MonoSingle.java:180)
	at reactor.core.publisher.MonoFlatMapMany$FlatMapManyInner.onComplete(MonoFlatMapMany.java:261)
	at reactor.core.publisher.FluxContextWrite$ContextWriteSubscriber.onComplete(FluxContextWrite.java:126)
	at reactor.core.publisher.MonoUsing$MonoUsingSubscriber.onNext(MonoUsing.java:232)
	at reactor.core.publisher.FluxMap$MapSubscriber.onNext(FluxMap.java:122)
	at reactor.core.publisher.FluxSwitchIfEmpty$SwitchIfEmptySubscriber.onNext(FluxSwitchIfEmpty.java:74)
	at reactor.core.publisher.FluxHandle$HandleSubscriber.onNext(FluxHandle.java:129)
	at reactor.core.publisher.FluxMap$MapConditionalSubscriber.onNext(FluxMap.java:224)
	at reactor.core.publisher.FluxDoFinally$DoFinallySubscriber.onNext(FluxDoFinally.java:113)
	at reactor.core.publisher.FluxHandleFuseable$HandleFuseableSubscriber.onNext(FluxHandleFuseable.java:194)
	at reactor.core.publisher.FluxContextWrite$ContextWriteSubscriber.onNext(FluxContextWrite.java:107)
	at reactor.core.publisher.Operators$BaseFluxToMonoOperator.completePossiblyEmpty(Operators.java:2096)
	at reactor.core.publisher.MonoCollectList$MonoCollectListSubscriber.onComplete(MonoCollectList.java:118)
	at reactor.core.publisher.FluxPeek$PeekSubscriber.onComplete(FluxPeek.java:260)
	at reactor.core.publisher.FluxMap$MapSubscriber.onComplete(FluxMap.java:144)
	at reactor.netty.channel.FluxReceive.onInboundComplete(FluxReceive.java:413)
	at reactor.netty.channel.ChannelOperations.onInboundComplete(ChannelOperations.java:455)
	at reactor.netty.channel.ChannelOperations.terminate(ChannelOperations.java:509)
	at reactor.netty.http.client.HttpClientOperations.onInboundNext(HttpClientOperations.java:846)
	at reactor.netty.channel.ChannelOperationsHandler.channelRead(ChannelOperationsHandler.java:115)
	at io.netty.channel.AbstractChannelHandlerContext.fireChannelRead(AbstractChannelHandlerContext.java:356)
	at com.azure.core.http.netty.implementation.AzureSdkHandler.channelRead(AzureSdkHandler.java:224)
	at io.netty.channel.AbstractChannelHandlerContext.fireChannelRead(AbstractChannelHandlerContext.java:354)
	at io.netty.channel.CombinedChannelDuplexHandler$DelegatingChannelHandlerContext.fireChannelRead(CombinedChannelDuplexHandler.java:434)
	at io.netty.handler.codec.ByteToMessageDecoder.fireChannelRead(ByteToMessageDecoder.java:346)
	at io.netty.handler.codec.ByteToMessageDecoder.channelRead(ByteToMessageDecoder.java:318)
	at io.netty.channel.CombinedChannelDuplexHandler.channelRead(CombinedChannelDuplexHandler.java:249)
	at io.netty.channel.AbstractChannelHandlerContext.fireChannelRead(AbstractChannelHandlerContext.java:354)
	at io.netty.handler.ssl.SslHandler.unwrap(SslHandler.java:1540)
	at io.netty.handler.ssl.SslHandler.decodeJdkCompatible(SslHandler.java:1398)
	at io.netty.handler.ssl.SslHandler.decode(SslHandler.java:1449)
	at io.netty.handler.codec.ByteToMessageDecoder.decodeRemovalReentryProtection(ByteToMessageDecoder.java:530)
	at io.netty.handler.codec.ByteToMessageDecoder.callDecode(ByteToMessageDecoder.java:469)
	at io.netty.handler.codec.ByteToMessageDecoder.channelRead(ByteToMessageDecoder.java:290)
	at io.netty.channel.AbstractChannelHandlerContext.fireChannelRead(AbstractChannelHandlerContext.java:356)
	at io.netty.channel.DefaultChannelPipeline$HeadContext.channelRead(DefaultChannelPipeline.java:1429)
	at io.netty.channel.DefaultChannelPipeline.fireChannelRead(DefaultChannelPipeline.java:918)
	at io.netty.channel.nio.AbstractNioByteChannel$NioByteUnsafe.read(AbstractNioByteChannel.java:167)
	at io.netty.channel.nio.AbstractNioChannel$AbstractNioUnsafe.handle(AbstractNioChannel.java:445)
	at io.netty.channel.nio.NioIoHandler$DefaultNioRegistration.handle(NioIoHandler.java:381)
	at io.netty.channel.nio.NioIoHandler.processSelectedKey(NioIoHandler.java:575)
	at io.netty.channel.nio.NioIoHandler.processSelectedKeysOptimized(NioIoHandler.java:550)
	at io.netty.channel.nio.NioIoHandler.processSelectedKeys(NioIoHandler.java:491)
	at io.netty.channel.nio.NioIoHandler.run(NioIoHandler.java:468)
	at io.netty.channel.SingleThreadIoEventLoop.runIo(SingleThreadIoEventLoop.java:207)
	at io.netty.channel.SingleThreadIoEventLoop.run(SingleThreadIoEventLoop.java:178)
	at io.netty.util.concurrent.SingleThreadEventExecutor$5.run(SingleThreadEventExecutor.java:1073)
	at io.netty.util.internal.ThreadExecutorMap$2.run(ThreadExecutorMap.java:74)
	at io.netty.util.concurrent.FastThreadLocalRunnable.run(FastThreadLocalRunnable.java:30)
	at java.base/java.lang.Thread.run(Thread.java:1447)
2025-11-21 21:50:19.745+02:00 WARN  c.a.c.i.s.HttpResponseBodyDecoder - Failed to deserialize the error entity.
Unsupported text Content-Type Type: class com.azure.monitor.opentelemetry.autoconfigure.implementation.quickpulse.swagger.models.ServiceError
2025-11-21 21:51:00.281+02:00 WARN  c.a.c.i.s.HttpResponseBodyDecoder - Failed to deserialize the error entity.
Unsupported text Content-Type Type: class com.azure.monitor.opentelemetry.autoconfigure.implementation.quickpulse.swagger.models.ServiceError
2025-11-21 21:51:22.244+02:00 WARN  c.a.c.i.s.HttpResponseBodyDecoder - Failed to deserialize the error entity.
Unsupported text Content-Type Type: class com.azure.monitor.opentelemetry.autoconfigure.implementation.quickpulse.swagger.models.ServiceError
2025-11-21 21:52:06.317+02:00 WARN  c.a.c.i.s.HttpResponseBodyDecoder - Failed to deserialize the error entity.
Unsupported text Content-Type Type: class com.azure.monitor.opentelemetry.autoconfigure.implementation.quickpulse.swagger.models.ServiceError
2025-11-21 21:52:12.554+02:00 WARN  c.a.c.i.s.HttpResponseBodyDecoder - Failed to deserialize the error entity.
Unsupported text Content-Type Type: class com.azure.monitor.opentelemetry.autoconfigure.implementation.quickpulse.swagger.models.ServiceError
2025-11-21 21:52:39.897+02:00 WARN  c.a.c.i.s.HttpResponseBodyDecoder - Failed to deserialize the error entity.
Unsupported text Content-Type Type: class com.azure.monitor.opentelemetry.autoconfigure.implementation.quickpulse.swagger.models.ServiceError
2025-11-21 21:52:58.046+02:00 WARN  c.a.c.i.s.HttpResponseBodyDecoder - Failed to deserialize the error entity.
Unsupported text Content-Type Type: class com.azure.monitor.opentelemetry.autoconfigure.implementation.quickpulse.swagger.models.ServiceError
2025-11-21 21:53:46.840+02:00 WARN  c.a.c.i.s.HttpResponseBodyDecoder - Failed to deserialize the error entity.
Unsupported text Content-Type Type: class com.azure.monitor.opentelemetry.autoconfigure.implementation.quickpulse.swagger.models.ServiceError
2025-11-21 21:54:32.379+02:00 WARN  c.a.c.i.s.HttpResponseBodyDecoder - Failed to deserialize the error entity.
Unsupported text Content-Type Type: class com.azure.monitor.opentelemetry.autoconfigure.implementation.quickpulse.swagger.models.ServiceError
2025-11-21 21:54:59.721+02:00 WARN  c.a.c.i.s.HttpResponseBodyDecoder - Failed to deserialize the error entity.
Unsupported text Content-Type Type: class com.azure.monitor.opentelemetry.autoconfigure.implementation.quickpulse.swagger.models.ServiceError
2025-11-21 21:55:08.399+02:00 WARN  c.a.m.o.a.i.q.QuickPulsePingSender - In the last 5 minutes, the following operation has failed 10 times (out of 83): Pinging live metrics endpoint:
 * Unsupported text Content-Type Type: class com.azure.monitor.opentelemetry.autoconfigure.implementation.quickpulse.swagger.models.ServiceError (10 times)
2025-11-21 21:55:26.938+02:00 WARN  c.a.c.i.s.HttpResponseBodyDecoder - Failed to deserialize the error entity.
Unsupported text Content-Type Type: class com.azure.monitor.opentelemetry.autoconfigure.implementation.quickpulse.swagger.models.ServiceError
2025-11-21 21:56:11.516+02:00 WARN  c.a.c.i.s.HttpResponseBodyDecoder - Failed to deserialize the error entity.
Unsupported text Content-Type Type: class com.azure.monitor.opentelemetry.autoconfigure.implementation.quickpulse.swagger.models.ServiceError
2025-11-21 21:56:46.653+02:00 WARN  c.a.c.i.s.HttpResponseBodyDecoder - Failed to deserialize the error entity.
Unsupported text Content-Type Type: class com.azure.monitor.opentelemetry.autoconfigure.implementation.quickpulse.swagger.models.ServiceError
2025-11-21 21:57:34.782+02:00 WARN  c.a.c.i.s.HttpResponseBodyDecoder - Failed to deserialize the error entity.
Unsupported text Content-Type Type: class com.azure.monitor.opentelemetry.autoconfigure.implementation.quickpulse.swagger.models.ServiceError
2025-11-21 22:00:08.401+02:00 WARN  c.a.m.o.a.i.q.QuickPulsePingSender - In the last 5 minutes, the following operation has failed 4 times (out of 43): Pinging live metrics endpoint:
 * Unsupported text Content-Type Type: class com.azure.monitor.opentelemetry.autoconfigure.implementation.quickpulse.swagger.models.ServiceError (4 times)
2025-11-21 22:07:48.581+02:00 WARN  c.a.c.i.s.HttpResponseBodyDecoder - Failed to deserialize the error entity.
Unsupported text Content-Type Type: class com.azure.monitor.opentelemetry.autoconfigure.implementation.quickpulse.swagger.models.ServiceError
2025-11-21 22:09:47.674+02:00 WARN  c.a.c.i.s.HttpResponseBodyDecoder - Failed to deserialize the error entity.
Unsupported text Content-Type Type: class com.azure.monitor.opentelemetry.autoconfigure.implementation.quickpulse.swagger.models.ServiceError
2025-11-21 22:10:08.420+02:00 WARN  c.a.m.o.a.i.q.QuickPulsePingSender - In the last 5 minutes, the following operation has failed 2 times (out of 47): Pinging live metrics endpoint:
 * Unsupported text Content-Type Type: class com.azure.monitor.opentelemetry.autoconfigure.implementation.quickpulse.swagger.models.ServiceError (2 times)
2025-11-21 22:23:48.753+02:00 ERROR c.a.m.o.a.i.p.TelemetryPipeline - 
*************************
Failed to connect to https://westeurope-5.in.applicationinsights.azure.com/v2.1/track
*************************

Description:
Unable to resolve host in url

Action:
Please update your network configuration so that the host in this url can be resolved: https://westeurope-5.in.applicationinsights.azure.com/v2.1/track
Learn more about troubleshooting unknown host exception here: https://go.microsoft.com/fwlink/?linkid=2185830

Note:
This message is only logged the first time it occurs after startup.

2025-11-21 22:23:48.790+02:00 ERROR c.a.m.o.a.i.q.QuickPulsePingSender - 
*************************
Failed to connect to https://westeurope.livediagnostics.monitor.azure.com/
*************************

Description:
Unable to resolve host in url

Action:
Please update your network configuration so that the host in this url can be resolved: https://westeurope.livediagnostics.monitor.azure.com/
Learn more about troubleshooting unknown host exception here: https://go.microsoft.com/fwlink/?linkid=2185830

Note:
This message is only logged the first time it occurs after startup.

2025-11-21 22:25:08.450+02:00 WARN  c.a.m.o.a.i.q.QuickPulsePingSender - In the last 5 minutes, the following operation has failed 1 times (out of 38): Pinging live metrics endpoint:
 * Connection reset (1 times)
2025-11-21 22:45:38.689+02:00 WARN  c.m.a.a.i.c.ConfigurationBuilder - "Sampling overrides" is no longer in preview and it has been GA since 3.5.0 GA,
2025-11-21 22:45:40.068+02:00 INFO  c.m.applicationinsights.agent - Application Insights Java Agent 3.7.5 started successfully (PID 60420, JVM running for 3.348 s)
2025-11-21 22:45:40.073+02:00 INFO  c.m.applicationinsights.agent - Java version: 24.0.2, vendor: Oracle Corporation, home: C:\Users\SuperD\.jdks\openjdk-24.0.2
2025-11-21 22:46:49.242+02:00 ERROR c.a.c.h.netty.NettyAsyncHttpClient - io.netty.channel.ConnectTimeoutException: connection timed out after 10000 ms: /169.254.169.254:80
2025-11-21 23:26:05.629+02:00 WARN  c.a.m.o.a.i.q.QuickPulsePingSender - Pinging live metrics endpoint: Connection reset (future warnings will be aggregated and logged once every 5 minutes)
java.net.SocketException: Connection reset
	at java.base/sun.nio.ch.SocketChannelImpl.throwConnectionReset(SocketChannelImpl.java:399)
	at java.base/sun.nio.ch.SocketChannelImpl.implRead(SocketChannelImpl.java:431)
	at java.base/sun.nio.ch.SocketChannelImpl.read(SocketChannelImpl.java:489)
	at io.netty.buffer.AdaptivePoolingAllocator$AdaptiveByteBuf.setBytes(AdaptivePoolingAllocator.java:1816)
	at io.netty.buffer.AbstractByteBuf.writeBytes(AbstractByteBuf.java:1139)
	at io.netty.channel.socket.nio.NioSocketChannel.doReadBytes(NioSocketChannel.java:350)
	at io.netty.channel.nio.AbstractNioByteChannel$NioByteUnsafe.read(AbstractNioByteChannel.java:152)
	at io.netty.channel.nio.AbstractNioChannel$AbstractNioUnsafe.handle(AbstractNioChannel.java:445)
	at io.netty.channel.nio.NioIoHandler$DefaultNioRegistration.handle(NioIoHandler.java:381)
	at io.netty.channel.nio.NioIoHandler.processSelectedKey(NioIoHandler.java:575)
	at io.netty.channel.nio.NioIoHandler.processSelectedKeysOptimized(NioIoHandler.java:550)
	at io.netty.channel.nio.NioIoHandler.processSelectedKeys(NioIoHandler.java:491)
	at io.netty.channel.nio.NioIoHandler.run(NioIoHandler.java:468)
	at io.netty.channel.SingleThreadIoEventLoop.runIo(SingleThreadIoEventLoop.java:207)
	at io.netty.channel.SingleThreadIoEventLoop.run(SingleThreadIoEventLoop.java:178)
	at io.netty.util.concurrent.SingleThreadEventExecutor$5.run(SingleThreadEventExecutor.java:1073)
	at io.netty.util.internal.ThreadExecutorMap$2.run(ThreadExecutorMap.java:74)
	at io.netty.util.concurrent.FastThreadLocalRunnable.run(FastThreadLocalRunnable.java:30)
	at java.base/java.lang.Thread.run(Thread.java:1447)
2025-11-21 23:26:06.401+02:00 ERROR c.a.m.o.a.i.p.TelemetryPipeline - 
*************************
Failed to connect to https://westeurope-5.in.applicationinsights.azure.com/v2.1/track
*************************

Description:
Unable to resolve host in url

Action:
Please update your network configuration so that the host in this url can be resolved: https://westeurope-5.in.applicationinsights.azure.com/v2.1/track
Learn more about troubleshooting unknown host exception here: https://go.microsoft.com/fwlink/?linkid=2185830

Note:
This message is only logged the first time it occurs after startup.

2025-11-21 23:26:10.690+02:00 ERROR c.a.m.o.a.i.q.QuickPulsePingSender - 
*************************
Failed to connect to https://westeurope.livediagnostics.monitor.azure.com/
*************************

Description:
Unable to resolve host in url

Action:
Please update your network configuration so that the host in this url can be resolved: https://westeurope.livediagnostics.monitor.azure.com/
Learn more about troubleshooting unknown host exception here: https://go.microsoft.com/fwlink/?linkid=2185830

Note:
This message is only logged the first time it occurs after startup.

2025-11-21 23:27:10.657+02:00 WARN  c.a.m.o.a.i.p.TelemetryPipeline - Sending telemetry to the ingestion service (retry from disk): Connection reset (https://westeurope-5.in.applicationinsights.azure.com/v2.1/track) (will be retried again) (future warnings will be aggregated and logged once every 5 minutes)
java.net.SocketException: Connection reset
	at java.base/sun.nio.ch.SocketChannelImpl.throwConnectionReset(SocketChannelImpl.java:399)
	at java.base/sun.nio.ch.SocketChannelImpl.implRead(SocketChannelImpl.java:431)
	at java.base/sun.nio.ch.SocketChannelImpl.read(SocketChannelImpl.java:489)
	at io.netty.buffer.AdaptivePoolingAllocator$AdaptiveByteBuf.setBytes(AdaptivePoolingAllocator.java:1816)
	at io.netty.buffer.AbstractByteBuf.writeBytes(AbstractByteBuf.java:1139)
	at io.netty.channel.socket.nio.NioSocketChannel.doReadBytes(NioSocketChannel.java:350)
	at io.netty.channel.nio.AbstractNioByteChannel$NioByteUnsafe.read(AbstractNioByteChannel.java:152)
	at io.netty.channel.nio.AbstractNioChannel$AbstractNioUnsafe.handle(AbstractNioChannel.java:445)
	at io.netty.channel.nio.NioIoHandler$DefaultNioRegistration.handle(NioIoHandler.java:381)
	at io.netty.channel.nio.NioIoHandler.processSelectedKey(NioIoHandler.java:575)
	at io.netty.channel.nio.NioIoHandler.processSelectedKeysOptimized(NioIoHandler.java:550)
	at io.netty.channel.nio.NioIoHandler.processSelectedKeys(NioIoHandler.java:491)
	at io.netty.channel.nio.NioIoHandler.run(NioIoHandler.java:468)
	at io.netty.channel.SingleThreadIoEventLoop.runIo(SingleThreadIoEventLoop.java:207)
	at io.netty.channel.SingleThreadIoEventLoop.run(SingleThreadIoEventLoop.java:178)
	at io.netty.util.concurrent.SingleThreadEventExecutor$5.run(SingleThreadEventExecutor.java:1073)
	at io.netty.util.internal.ThreadExecutorMap$2.run(ThreadExecutorMap.java:74)
	at io.netty.util.concurrent.FastThreadLocalRunnable.run(FastThreadLocalRunnable.java:30)
	at java.base/java.lang.Thread.run(Thread.java:1447)
2025-11-21 23:50:15.457+02:00 WARN  c.a.c.i.s.HttpResponseBodyDecoder - Failed to deserialize the error entity.
Unsupported text Content-Type Type: class com.azure.monitor.opentelemetry.autoconfigure.implementation.quickpulse.swagger.models.ServiceError
2025-11-21 23:51:05.781+02:00 WARN  c.a.m.o.a.i.q.QuickPulsePingSender - In the last 5 minutes, the following operation has failed 3 times (out of 32): Pinging live metrics endpoint:
 * Channel response timed out after 60000 milliseconds. (1 times)
 * Unsupported text Content-Type Type: class com.azure.monitor.opentelemetry.autoconfigure.implementation.quickpulse.swagger.models.ServiceError (1 times)
 * connection timed out after 10000 ms: westeurope.livediagnostics.monitor.azure.com/40.113.178.33:443 (1 times)
2025-11-21 23:56:05.794+02:00 WARN  c.a.m.o.a.i.q.QuickPulsePingSender - In the last 5 minutes, the following operation has failed 1 times (out of 59): Pinging live metrics endpoint:
 * Connection reset (1 times)
2025-11-22 00:06:05.840+02:00 WARN  c.a.m.o.a.i.q.QuickPulsePingSender - In the last 5 minutes, the following operation has failed 1 times (out of 39): Pinging live metrics endpoint:
 * Connection reset (1 times)
2025-11-22 08:22:41.222+02:00 WARN  c.a.m.o.a.i.q.QuickPulsePingSender - In the last 5 minutes, the following operation has failed 1 times (out of 11): Pinging live metrics endpoint:
 * Connection prematurely closed BEFORE response (1 times)
2025-11-22 08:37:41.276+02:00 WARN  c.a.m.o.a.i.q.QuickPulsePingSender - In the last 5 minutes, the following operation has failed 1 times (out of 49): Pinging live metrics endpoint:
 * Connection reset (1 times)
2025-11-22 12:36:13.771+02:00 WARN  c.m.a.a.i.c.ConfigurationBuilder - "Sampling overrides" is no longer in preview and it has been GA since 3.5.0 GA,
2025-11-22 12:36:15.320+02:00 INFO  c.m.applicationinsights.agent - Application Insights Java Agent 3.7.5 started successfully (PID 3268, JVM running for 6.332 s)
2025-11-22 12:36:15.326+02:00 INFO  c.m.applicationinsights.agent - Java version: 24.0.2, vendor: Oracle Corporation, home: C:\Users\SuperD\.jdks\openjdk-24.0.2
2025-11-22 12:37:24.436+02:00 ERROR c.a.c.h.netty.NettyAsyncHttpClient - io.netty.channel.ConnectTimeoutException: connection timed out after 10000 ms: /169.254.169.254:80
2025-11-22 12:42:47.317+02:00 WARN  c.m.a.a.i.c.ConfigurationBuilder - "Sampling overrides" is no longer in preview and it has been GA since 3.5.0 GA,
2025-11-22 12:42:50.086+02:00 INFO  c.m.applicationinsights.agent - Application Insights Java Agent 3.7.5 started successfully (PID 79640, JVM running for 5.367 s)
2025-11-22 12:42:50.090+02:00 INFO  c.m.applicationinsights.agent - Java version: 24.0.2, vendor: Oracle Corporation, home: C:\Users\SuperD\.jdks\openjdk-24.0.2
2025-11-22 12:43:58.336+02:00 ERROR c.a.c.h.netty.NettyAsyncHttpClient - io.netty.channel.ConnectTimeoutException: connection timed out after 10000 ms: /169.254.169.254:80
2025-11-22 18:23:04.038+02:00 ERROR c.a.m.o.a.i.q.QuickPulsePingSender - 
*************************
Failed to connect to https://westeurope.livediagnostics.monitor.azure.com/
*************************

Description:
Unable to resolve host in url

Action:
Please update your network configuration so that the host in this url can be resolved: https://westeurope.livediagnostics.monitor.azure.com/
Learn more about troubleshooting unknown host exception here: https://go.microsoft.com/fwlink/?linkid=2185830

Note:
This message is only logged the first time it occurs after startup.

2025-11-22 18:25:18.543+02:00 WARN  c.a.m.o.a.i.q.QuickPulsePingSender - Pinging live metrics endpoint: Connection reset (future warnings will be aggregated and logged once every 5 minutes)
java.net.SocketException: Connection reset
	at java.base/sun.nio.ch.SocketChannelImpl.throwConnectionReset(SocketChannelImpl.java:399)
	at java.base/sun.nio.ch.SocketChannelImpl.implRead(SocketChannelImpl.java:431)
	at java.base/sun.nio.ch.SocketChannelImpl.read(SocketChannelImpl.java:489)
	at io.netty.buffer.AdaptivePoolingAllocator$AdaptiveByteBuf.setBytes(AdaptivePoolingAllocator.java:1816)
	at io.netty.buffer.AbstractByteBuf.writeBytes(AbstractByteBuf.java:1139)
	at io.netty.channel.socket.nio.NioSocketChannel.doReadBytes(NioSocketChannel.java:350)
	at io.netty.channel.nio.AbstractNioByteChannel$NioByteUnsafe.read(AbstractNioByteChannel.java:152)
	at io.netty.channel.nio.AbstractNioChannel$AbstractNioUnsafe.handle(AbstractNioChannel.java:445)
	at io.netty.channel.nio.NioIoHandler$DefaultNioRegistration.handle(NioIoHandler.java:381)
	at io.netty.channel.nio.NioIoHandler.processSelectedKey(NioIoHandler.java:575)
	at io.netty.channel.nio.NioIoHandler.processSelectedKeysOptimized(NioIoHandler.java:550)
	at io.netty.channel.nio.NioIoHandler.processSelectedKeys(NioIoHandler.java:491)
	at io.netty.channel.nio.NioIoHandler.run(NioIoHandler.java:468)
	at io.netty.channel.SingleThreadIoEventLoop.runIo(SingleThreadIoEventLoop.java:207)
	at io.netty.channel.SingleThreadIoEventLoop.run(SingleThreadIoEventLoop.java:178)
	at io.netty.util.concurrent.SingleThreadEventExecutor$5.run(SingleThreadEventExecutor.java:1073)
	at io.netty.util.internal.ThreadExecutorMap$2.run(ThreadExecutorMap.java:74)
	at io.netty.util.concurrent.FastThreadLocalRunnable.run(FastThreadLocalRunnable.java:30)
	at java.base/java.lang.Thread.run(Thread.java:1447)
2025-11-22 18:25:36.112+02:00 ERROR c.a.m.o.a.i.p.TelemetryPipeline - 
*************************
Failed to connect to https://westeurope-5.in.applicationinsights.azure.com/v2.1/track
*************************

Description:
Unable to resolve host in url

Action:
Please update your network configuration so that the host in this url can be resolved: https://westeurope-5.in.applicationinsights.azure.com/v2.1/track
Learn more about troubleshooting unknown host exception here: https://go.microsoft.com/fwlink/?linkid=2185830

Note:
This message is only logged the first time it occurs after startup.

2025-11-22 18:58:27.787+02:00 WARN  c.m.a.a.i.c.ConfigurationBuilder - "Sampling overrides" is no longer in preview and it has been GA since 3.5.0 GA,
2025-11-22 18:58:29.094+02:00 INFO  c.m.applicationinsights.agent - Application Insights Java Agent 3.7.5 started successfully (PID 23444, JVM running for 11.834 s)
2025-11-22 18:58:29.096+02:00 INFO  c.m.applicationinsights.agent - Java version: 24.0.2, vendor: Oracle Corporation, home: C:\Users\SuperD\.jdks\openjdk-24.0.2
2025-11-22 18:59:38.300+02:00 ERROR c.a.c.h.netty.NettyAsyncHttpClient - io.netty.channel.ConnectTimeoutException: connection timed out after 10000 ms: /169.254.169.254:80
2025-11-22 19:28:24.636+02:00 WARN  c.m.a.a.i.c.ConfigurationBuilder - "Sampling overrides" is no longer in preview and it has been GA since 3.5.0 GA,
2025-11-22 19:28:25.887+02:00 INFO  c.m.applicationinsights.agent - Application Insights Java Agent 3.7.5 started successfully (PID 23852, JVM running for 4.305 s)
2025-11-22 19:28:25.889+02:00 INFO  c.m.applicationinsights.agent - Java version: 24.0.2, vendor: Oracle Corporation, home: C:\Users\SuperD\.jdks\openjdk-24.0.2
2025-11-22 19:29:35.136+02:00 ERROR c.a.c.h.netty.NettyAsyncHttpClient - io.netty.channel.ConnectTimeoutException: connection timed out after 10000 ms: /169.254.169.254:80
2025-11-23 12:07:14.359+02:00 WARN  c.m.a.a.i.c.ConfigurationBuilder - "Sampling overrides" is no longer in preview and it has been GA since 3.5.0 GA,
2025-11-23 12:07:16.983+02:00 INFO  c.m.applicationinsights.agent - Application Insights Java Agent 3.7.5 started successfully (PID 36688, JVM running for 10.871 s)
2025-11-23 12:07:16.989+02:00 INFO  c.m.applicationinsights.agent - Java version: 24.0.2, vendor: Oracle Corporation, home: C:\Users\SuperD\.jdks\openjdk-24.0.2
2025-11-23 12:08:25.406+02:00 ERROR c.a.c.h.netty.NettyAsyncHttpClient - io.netty.channel.ConnectTimeoutException: connection timed out after 10000 ms: /169.254.169.254:80
2025-11-23 13:51:01.352+02:00 WARN  c.m.a.a.i.c.ConfigurationBuilder - "Sampling overrides" is no longer in preview and it has been GA since 3.5.0 GA,
2025-11-23 13:51:03.874+02:00 INFO  c.m.applicationinsights.agent - Application Insights Java Agent 3.7.5 started successfully (PID 52824, JVM running for 9.505 s)
2025-11-23 13:51:03.879+02:00 INFO  c.m.applicationinsights.agent - Java version: 24.0.2, vendor: Oracle Corporation, home: C:\Users\SuperD\.jdks\openjdk-24.0.2
2025-11-23 13:52:12.280+02:00 ERROR c.a.c.h.netty.NettyAsyncHttpClient - io.netty.channel.ConnectTimeoutException: connection timed out after 10000 ms: /169.254.169.254:80
2025-11-23 15:22:38.725+02:00 WARN  c.m.a.a.i.c.ConfigurationBuilder - "Sampling overrides" is no longer in preview and it has been GA since 3.5.0 GA,
2025-11-23 15:22:41.123+02:00 INFO  c.m.applicationinsights.agent - Application Insights Java Agent 3.7.5 started successfully (PID 47028, JVM running for 8.455 s)
2025-11-23 15:22:41.128+02:00 INFO  c.m.applicationinsights.agent - Java version: 24.0.2, vendor: Oracle Corporation, home: C:\Users\SuperD\.jdks\openjdk-24.0.2
2025-11-23 15:23:49.685+02:00 ERROR c.a.c.h.netty.NettyAsyncHttpClient - io.netty.channel.ConnectTimeoutException: connection timed out after 10000 ms: /169.254.169.254:80
2025-11-23 16:20:35.104+02:00 WARN  c.a.m.o.a.i.q.QuickPulsePingSender - Pinging live metrics endpoint: Connection reset (future warnings will be aggregated and logged once every 5 minutes)
java.net.SocketException: Connection reset
	at java.base/sun.nio.ch.SocketChannelImpl.throwConnectionReset(SocketChannelImpl.java:399)
	at java.base/sun.nio.ch.SocketChannelImpl.implRead(SocketChannelImpl.java:431)
	at java.base/sun.nio.ch.SocketChannelImpl.read(SocketChannelImpl.java:489)
	at io.netty.buffer.AdaptivePoolingAllocator$AdaptiveByteBuf.setBytes(AdaptivePoolingAllocator.java:1816)
	at io.netty.buffer.AbstractByteBuf.writeBytes(AbstractByteBuf.java:1139)
	at io.netty.channel.socket.nio.NioSocketChannel.doReadBytes(NioSocketChannel.java:350)
	at io.netty.channel.nio.AbstractNioByteChannel$NioByteUnsafe.read(AbstractNioByteChannel.java:152)
	at io.netty.channel.nio.AbstractNioChannel$AbstractNioUnsafe.handle(AbstractNioChannel.java:445)
	at io.netty.channel.nio.NioIoHandler$DefaultNioRegistration.handle(NioIoHandler.java:381)
	at io.netty.channel.nio.NioIoHandler.processSelectedKey(NioIoHandler.java:575)
	at io.netty.channel.nio.NioIoHandler.processSelectedKeysOptimized(NioIoHandler.java:550)
	at io.netty.channel.nio.NioIoHandler.processSelectedKeys(NioIoHandler.java:491)
	at io.netty.channel.nio.NioIoHandler.run(NioIoHandler.java:468)
	at io.netty.channel.SingleThreadIoEventLoop.runIo(SingleThreadIoEventLoop.java:207)
	at io.netty.channel.SingleThreadIoEventLoop.run(SingleThreadIoEventLoop.java:178)
	at io.netty.util.concurrent.SingleThreadEventExecutor$5.run(SingleThreadEventExecutor.java:1073)
	at io.netty.util.internal.ThreadExecutorMap$2.run(ThreadExecutorMap.java:74)
	at io.netty.util.concurrent.FastThreadLocalRunnable.run(FastThreadLocalRunnable.java:30)
	at java.base/java.lang.Thread.run(Thread.java:1447)
2025-11-23 16:20:40.154+02:00 ERROR c.a.m.o.a.i.q.QuickPulsePingSender - 
*************************
Failed to connect to https://westeurope.livediagnostics.monitor.azure.com/
*************************

Description:
Unable to resolve host in url

Action:
Please update your network configuration so that the host in this url can be resolved: https://westeurope.livediagnostics.monitor.azure.com/
Learn more about troubleshooting unknown host exception here: https://go.microsoft.com/fwlink/?linkid=2185830

Note:
This message is only logged the first time it occurs after startup.

2025-11-23 16:39:05.480+02:00 WARN  c.m.a.a.i.c.ConfigurationBuilder - "Sampling overrides" is no longer in preview and it has been GA since 3.5.0 GA,
2025-11-23 16:39:07.046+02:00 INFO  c.m.applicationinsights.agent - Application Insights Java Agent 3.7.5 started successfully (PID 43732, JVM running for 5.275 s)
2025-11-23 16:39:07.051+02:00 INFO  c.m.applicationinsights.agent - Java version: 24.0.2, vendor: Oracle Corporation, home: C:\Users\SuperD\.jdks\openjdk-24.0.2
2025-11-23 16:41:01.222+02:00 WARN  c.m.a.a.i.c.ConfigurationBuilder - "Sampling overrides" is no longer in preview and it has been GA since 3.5.0 GA,
2025-11-23 16:41:02.653+02:00 INFO  c.m.applicationinsights.agent - Application Insights Java Agent 3.7.5 started successfully (PID 53116, JVM running for 3.281 s)
2025-11-23 16:41:02.653+02:00 INFO  c.m.applicationinsights.agent - Java version: 24.0.2, vendor: Oracle Corporation, home: C:\Users\SuperD\.jdks\openjdk-24.0.2
2025-11-23 16:59:17.667+02:00 WARN  c.m.a.a.i.c.ConfigurationBuilder - "Sampling overrides" is no longer in preview and it has been GA since 3.5.0 GA,
2025-11-23 16:59:20.151+02:00 INFO  c.m.applicationinsights.agent - Application Insights Java Agent 3.7.5 started successfully (PID 43168, JVM running for 6.081 s)
2025-11-23 16:59:20.157+02:00 INFO  c.m.applicationinsights.agent - Java version: 24.0.2, vendor: Oracle Corporation, home: C:\Users\SuperD\.jdks\openjdk-24.0.2
2025-11-23 17:11:10.400+02:00 WARN  c.m.a.a.i.c.ConfigurationBuilder - "Sampling overrides" is no longer in preview and it has been GA since 3.5.0 GA,
2025-11-23 17:11:13.510+02:00 INFO  c.m.applicationinsights.agent - Application Insights Java Agent 3.7.5 started successfully (PID 16100, JVM running for 9.773 s)
2025-11-23 17:11:13.514+02:00 INFO  c.m.applicationinsights.agent - Java version: 24.0.2, vendor: Oracle Corporation, home: C:\Users\SuperD\.jdks\openjdk-24.0.2
2025-11-23 17:45:59.752+02:00 WARN  c.m.a.a.i.c.ConfigurationBuilder - "Sampling overrides" is no longer in preview and it has been GA since 3.5.0 GA,
2025-11-23 17:46:01.857+02:00 INFO  c.m.applicationinsights.agent - Application Insights Java Agent 3.7.5 started successfully (PID 62904, JVM running for 4.613 s)
2025-11-23 17:46:01.861+02:00 INFO  c.m.applicationinsights.agent - Java version: 24.0.2, vendor: Oracle Corporation, home: C:\Users\SuperD\.jdks\openjdk-24.0.2
2025-11-23 17:47:10.538+02:00 ERROR c.a.c.h.netty.NettyAsyncHttpClient - io.netty.channel.ConnectTimeoutException: connection timed out after 10000 ms: /169.254.169.254:80
2025-11-23 18:28:00.368+02:00 WARN  c.m.a.a.i.c.ConfigurationBuilder - "Sampling overrides" is no longer in preview and it has been GA since 3.5.0 GA,
2025-11-23 18:28:02.662+02:00 INFO  c.m.applicationinsights.agent - Application Insights Java Agent 3.7.5 started successfully (PID 55820, JVM running for 8.007 s)
2025-11-23 18:28:02.668+02:00 INFO  c.m.applicationinsights.agent - Java version: 24.0.2, vendor: Oracle Corporation, home: C:\Users\SuperD\.jdks\openjdk-24.0.2
2025-11-23 18:29:11.332+02:00 ERROR c.a.c.h.netty.NettyAsyncHttpClient - io.netty.channel.ConnectTimeoutException: connection timed out after 10000 ms: /169.254.169.254:80
2025-11-23 19:10:47.572+02:00 WARN  c.m.a.a.i.c.ConfigurationBuilder - "Sampling overrides" is no longer in preview and it has been GA since 3.5.0 GA,
2025-11-23 19:10:50.000+02:00 INFO  c.m.applicationinsights.agent - Application Insights Java Agent 3.7.5 started successfully (PID 18264, JVM running for 6.047 s)
2025-11-23 19:10:50.004+02:00 INFO  c.m.applicationinsights.agent - Java version: 24.0.2, vendor: Oracle Corporation, home: C:\Users\SuperD\.jdks\openjdk-24.0.2
2025-11-23 19:11:58.620+02:00 ERROR c.a.c.h.netty.NettyAsyncHttpClient - io.netty.channel.ConnectTimeoutException: connection timed out after 10000 ms: /169.254.169.254:80
2025-11-23 19:28:42.618+02:00 WARN  c.m.a.a.i.c.ConfigurationBuilder - "Sampling overrides" is no longer in preview and it has been GA since 3.5.0 GA,
2025-11-23 19:28:45.054+02:00 INFO  c.m.applicationinsights.agent - Application Insights Java Agent 3.7.5 started successfully (PID 33388, JVM running for 6.629 s)
2025-11-23 19:28:45.058+02:00 INFO  c.m.applicationinsights.agent - Java version: 24.0.2, vendor: Oracle Corporation, home: C:\Users\SuperD\.jdks\openjdk-24.0.2
2025-11-23 19:29:53.556+02:00 ERROR c.a.c.h.netty.NettyAsyncHttpClient - io.netty.channel.ConnectTimeoutException: connection timed out after 10000 ms: /169.254.169.254:80
2025-11-23 23:26:35.426+02:00 WARN  c.a.m.o.a.i.q.QuickPulsePingSender - Pinging live metrics endpoint: Connection prematurely closed BEFORE response (future warnings will be aggregated and logged once every 5 minutes)
reactor.netty.http.client.PrematureCloseException: Connection prematurely closed BEFORE response
Caused by: java.io.IOException: An established connection was aborted by the software in your host machine
2025-11-24 07:44:33.486+02:00 ERROR c.a.m.o.a.i.q.QuickPulsePingSender - 
*************************
Failed to connect to https://westeurope.livediagnostics.monitor.azure.com/
*************************

Description:
Unable to resolve host in url

Action:
Please update your network configuration so that the host in this url can be resolved: https://westeurope.livediagnostics.monitor.azure.com/
Learn more about troubleshooting unknown host exception here: https://go.microsoft.com/fwlink/?linkid=2185830

Note:
This message is only logged the first time it occurs after startup.

2025-11-24 07:48:10.529+02:00 ERROR c.a.m.o.a.i.p.TelemetryPipeline - 
*************************
Failed to connect to https://westeurope-5.in.applicationinsights.azure.com/v2.1/track
*************************

Description:
Unable to resolve host in url

Action:
Please update your network configuration so that the host in this url can be resolved: https://westeurope-5.in.applicationinsights.azure.com/v2.1/track
Learn more about troubleshooting unknown host exception here: https://go.microsoft.com/fwlink/?linkid=2185830

Note:
This message is only logged the first time it occurs after startup.

2025-11-24 07:49:28.411+02:00 WARN  c.a.m.o.a.i.q.QuickPulsePingSender - In the last 5 minutes, the following operation has failed 1 times (out of 2828): Pinging live metrics endpoint:
 * Connection reset (1 times)
2025-11-24 12:10:13.666+02:00 WARN  c.m.a.a.i.c.ConfigurationBuilder - "Sampling overrides" is no longer in preview and it has been GA since 3.5.0 GA,
2025-11-24 12:10:16.101+02:00 INFO  c.m.applicationinsights.agent - Application Insights Java Agent 3.7.5 started successfully (PID 29480, JVM running for 8.82 s)
2025-11-24 12:10:16.107+02:00 INFO  c.m.applicationinsights.agent - Java version: 24.0.2, vendor: Oracle Corporation, home: C:\Users\SuperD\.jdks\openjdk-24.0.2
2025-11-24 12:16:40.405+02:00 WARN  c.m.a.a.i.c.ConfigurationBuilder - "Sampling overrides" is no longer in preview and it has been GA since 3.5.0 GA,
2025-11-24 12:16:42.849+02:00 INFO  c.m.applicationinsights.agent - Application Insights Java Agent 3.7.5 started successfully (PID 31456, JVM running for 6.55 s)
2025-11-24 12:16:42.851+02:00 INFO  c.m.applicationinsights.agent - Java version: 24.0.2, vendor: Oracle Corporation, home: C:\Users\SuperD\.jdks\openjdk-24.0.2
2025-11-24 12:47:36.424+02:00 WARN  c.m.a.a.i.c.ConfigurationBuilder - "Sampling overrides" is no longer in preview and it has been GA since 3.5.0 GA,
2025-11-24 12:47:38.781+02:00 INFO  c.m.applicationinsights.agent - Application Insights Java Agent 3.7.5 started successfully (PID 58136, JVM running for 6.66 s)
2025-11-24 12:47:38.785+02:00 INFO  c.m.applicationinsights.agent - Java version: 24.0.2, vendor: Oracle Corporation, home: C:\Users\SuperD\.jdks\openjdk-24.0.2
2025-11-24 12:48:47.332+02:00 ERROR c.a.c.h.netty.NettyAsyncHttpClient - io.netty.channel.ConnectTimeoutException: connection timed out after 10000 ms: /169.254.169.254:80
2025-11-24 14:24:05.511+02:00 WARN  c.m.a.a.i.c.ConfigurationBuilder - "Sampling overrides" is no longer in preview and it has been GA since 3.5.0 GA,
2025-11-24 14:24:07.205+02:00 INFO  c.m.applicationinsights.agent - Application Insights Java Agent 3.7.5 started successfully (PID 81792, JVM running for 16.09 s)
2025-11-24 14:24:07.209+02:00 INFO  c.m.applicationinsights.agent - Java version: 24.0.2, vendor: Oracle Corporation, home: C:\Users\SuperD\.jdks\openjdk-24.0.2
2025-11-24 14:25:16.466+02:00 ERROR c.a.c.h.netty.NettyAsyncHttpClient - io.netty.channel.ConnectTimeoutException: connection timed out after 10000 ms: /169.254.169.254:80
2025-11-24 14:47:33.877+02:00 WARN  c.m.a.a.i.c.ConfigurationBuilder - "Sampling overrides" is no longer in preview and it has been GA since 3.5.0 GA,
2025-11-24 14:47:35.234+02:00 INFO  c.m.applicationinsights.agent - Application Insights Java Agent 3.7.5 started successfully (PID 80324, JVM running for 3.944 s)
2025-11-24 14:47:35.235+02:00 INFO  c.m.applicationinsights.agent - Java version: 24.0.2, vendor: Oracle Corporation, home: C:\Users\SuperD\.jdks\openjdk-24.0.2
2025-11-24 14:48:44.400+02:00 ERROR c.a.c.h.netty.NettyAsyncHttpClient - io.netty.channel.ConnectTimeoutException: connection timed out after 10000 ms: /169.254.169.254:80
2025-11-24 15:07:26.599+02:00 WARN  c.m.a.a.i.c.ConfigurationBuilder - "Sampling overrides" is no longer in preview and it has been GA since 3.5.0 GA,
2025-11-24 15:07:28.114+02:00 INFO  c.m.applicationinsights.agent - Application Insights Java Agent 3.7.5 started successfully (PID 82524, JVM running for 3.537 s)
2025-11-24 15:07:28.116+02:00 INFO  c.m.applicationinsights.agent - Java version: 24.0.2, vendor: Oracle Corporation, home: C:\Users\SuperD\.jdks\openjdk-24.0.2
2025-11-24 15:08:37.094+02:00 ERROR c.a.c.h.netty.NettyAsyncHttpClient - io.netty.channel.ConnectTimeoutException: connection timed out after 10000 ms: /169.254.169.254:80
2025-11-24 18:38:14.833+02:00 WARN  c.m.a.a.i.c.ConfigurationBuilder - "Sampling overrides" is no longer in preview and it has been GA since 3.5.0 GA,
2025-11-24 18:38:16.121+02:00 INFO  c.m.applicationinsights.agent - Application Insights Java Agent 3.7.5 started successfully (PID 84512, JVM running for 3.54 s)
2025-11-24 18:38:16.123+02:00 INFO  c.m.applicationinsights.agent - Java version: 24.0.2, vendor: Oracle Corporation, home: C:\Users\SuperD\.jdks\openjdk-24.0.2
2025-11-24 18:39:25.333+02:00 ERROR c.a.c.h.netty.NettyAsyncHttpClient - io.netty.channel.ConnectTimeoutException: connection timed out after 10000 ms: /169.254.169.254:80
2025-11-24 18:46:18.073+02:00 WARN  c.m.a.a.i.c.ConfigurationBuilder - "Sampling overrides" is no longer in preview and it has been GA since 3.5.0 GA,
2025-11-24 18:46:20.289+02:00 INFO  c.m.applicationinsights.agent - Application Insights Java Agent 3.7.5 started successfully (PID 28080, JVM running for 5.054 s)
2025-11-24 18:46:20.290+02:00 INFO  c.m.applicationinsights.agent - Java version: 24.0.2, vendor: Oracle Corporation, home: C:\Users\SuperD\.jdks\openjdk-24.0.2
2025-11-24 18:47:28.898+02:00 ERROR c.a.c.h.netty.NettyAsyncHttpClient - io.netty.channel.ConnectTimeoutException: connection timed out after 10000 ms: /169.254.169.254:80
2025-11-24 18:50:24.460+02:00 WARN  c.m.a.a.i.c.ConfigurationBuilder - "Sampling overrides" is no longer in preview and it has been GA since 3.5.0 GA,
2025-11-24 18:50:25.705+02:00 INFO  c.m.applicationinsights.agent - Application Insights Java Agent 3.7.5 started successfully (PID 70468, JVM running for 3.018 s)
2025-11-24 18:50:25.707+02:00 INFO  c.m.applicationinsights.agent - Java version: 24.0.2, vendor: Oracle Corporation, home: C:\Users\SuperD\.jdks\openjdk-24.0.2
2025-11-24 18:51:34.948+02:00 ERROR c.a.c.h.netty.NettyAsyncHttpClient - io.netty.channel.ConnectTimeoutException: connection timed out after 10000 ms: /169.254.169.254:80
2025-11-24 20:16:14.720+02:00 WARN  c.m.a.a.i.c.ConfigurationBuilder - "Sampling overrides" is no longer in preview and it has been GA since 3.5.0 GA,
2025-11-24 20:16:16.578+02:00 INFO  c.m.applicationinsights.agent - Application Insights Java Agent 3.7.5 started successfully (PID 89668, JVM running for 4.698 s)
2025-11-24 20:16:16.580+02:00 INFO  c.m.applicationinsights.agent - Java version: 24.0.2, vendor: Oracle Corporation, home: C:\Users\SuperD\.jdks\openjdk-24.0.2
2025-11-24 20:17:25.695+02:00 ERROR c.a.c.h.netty.NettyAsyncHttpClient - io.netty.channel.ConnectTimeoutException: connection timed out after 10000 ms: /169.254.169.254:80
2025-11-24 20:26:29.618+02:00 WARN  c.m.a.a.i.c.ConfigurationBuilder - "Sampling overrides" is no longer in preview and it has been GA since 3.5.0 GA,
2025-11-24 20:26:33.126+02:00 INFO  c.m.applicationinsights.agent - Application Insights Java Agent 3.7.5 started successfully (PID 85208, JVM running for 7.715 s)
2025-11-24 20:26:33.129+02:00 INFO  c.m.applicationinsights.agent - Java version: 24.0.2, vendor: Oracle Corporation, home: C:\Users\SuperD\.jdks\openjdk-24.0.2
2025-11-24 20:27:40.711+02:00 ERROR c.a.c.h.netty.NettyAsyncHttpClient - io.netty.channel.ConnectTimeoutException: connection timed out after 10000 ms: /169.254.169.254:80
2025-11-24 20:42:15.253+02:00 WARN  c.m.a.a.i.c.ConfigurationBuilder - "Sampling overrides" is no longer in preview and it has been GA since 3.5.0 GA,
2025-11-24 20:42:16.586+02:00 INFO  c.m.applicationinsights.agent - Application Insights Java Agent 3.7.5 started successfully (PID 16800, JVM running for 3.605 s)
2025-11-24 20:42:16.588+02:00 INFO  c.m.applicationinsights.agent - Java version: 24.0.2, vendor: Oracle Corporation, home: C:\Users\SuperD\.jdks\openjdk-24.0.2
2025-11-24 20:43:25.786+02:00 ERROR c.a.c.h.netty.NettyAsyncHttpClient - io.netty.channel.ConnectTimeoutException: connection timed out after 10000 ms: /169.254.169.254:80
2025-11-25 00:47:10.091+02:00 WARN  c.m.a.a.i.c.ConfigurationBuilder - "Sampling overrides" is no longer in preview and it has been GA since 3.5.0 GA,
2025-11-25 00:47:12.496+02:00 INFO  c.m.applicationinsights.agent - Application Insights Java Agent 3.7.5 started successfully (PID 90844, JVM running for 6.283 s)
2025-11-25 00:47:12.498+02:00 INFO  c.m.applicationinsights.agent - Java version: 24.0.2, vendor: Oracle Corporation, home: C:\Users\SuperD\.jdks\openjdk-24.0.2
2025-11-25 00:54:54.464+02:00 WARN  c.m.a.a.i.c.ConfigurationBuilder - "Sampling overrides" is no longer in preview and it has been GA since 3.5.0 GA,
2025-11-25 00:54:55.689+02:00 INFO  c.m.applicationinsights.agent - Application Insights Java Agent 3.7.5 started successfully (PID 1196, JVM running for 3.188 s)
2025-11-25 00:54:55.691+02:00 INFO  c.m.applicationinsights.agent - Java version: 24.0.2, vendor: Oracle Corporation, home: C:\Users\SuperD\.jdks\openjdk-24.0.2
2025-11-25 00:56:05.318+02:00 ERROR c.a.c.h.netty.NettyAsyncHttpClient - io.netty.channel.ConnectTimeoutException: connection timed out after 10000 ms: /169.254.169.254:80
2025-11-25 08:14:32.969+02:00 WARN  c.m.a.a.i.c.ConfigurationBuilder - "Sampling overrides" is no longer in preview and it has been GA since 3.5.0 GA,
2025-11-25 08:14:34.633+02:00 INFO  c.m.applicationinsights.agent - Application Insights Java Agent 3.7.5 started successfully (PID 46640, JVM running for 4.593 s)
2025-11-25 08:14:34.640+02:00 INFO  c.m.applicationinsights.agent - Java version: 24.0.2, vendor: Oracle Corporation, home: C:\Users\SuperD\.jdks\openjdk-24.0.2
2025-11-25 08:15:51.095+02:00 ERROR c.a.c.h.netty.NettyAsyncHttpClient - io.netty.channel.ConnectTimeoutException: connection timed out after 10000 ms: /169.254.169.254:80
2025-11-25 08:20:12.113+02:00 WARN  c.m.a.a.i.c.ConfigurationBuilder - "Sampling overrides" is no longer in preview and it has been GA since 3.5.0 GA,
2025-11-25 08:20:13.443+02:00 INFO  c.m.applicationinsights.agent - Application Insights Java Agent 3.7.5 started successfully (PID 70824, JVM running for 3.598 s)
2025-11-25 08:20:13.449+02:00 INFO  c.m.applicationinsights.agent - Java version: 24.0.2, vendor: Oracle Corporation, home: C:\Users\SuperD\.jdks\openjdk-24.0.2
2025-11-25 08:21:22.668+02:00 ERROR c.a.c.h.netty.NettyAsyncHttpClient - io.netty.channel.ConnectTimeoutException: connection timed out after 10000 ms: /169.254.169.254:80
2025-11-25 08:30:50.634+02:00 WARN  c.m.a.a.i.c.ConfigurationBuilder - "Sampling overrides" is no longer in preview and it has been GA since 3.5.0 GA,
2025-11-25 08:30:53.484+02:00 INFO  c.m.applicationinsights.agent - Application Insights Java Agent 3.7.5 started successfully (PID 26088, JVM running for 7.479 s)
2025-11-25 08:30:53.489+02:00 INFO  c.m.applicationinsights.agent - Java version: 24.0.2, vendor: Oracle Corporation, home: C:\Users\SuperD\.jdks\openjdk-24.0.2
2025-11-25 08:32:02.032+02:00 ERROR c.a.c.h.netty.NettyAsyncHttpClient - io.netty.channel.ConnectTimeoutException: connection timed out after 10000 ms: /169.254.169.254:80
2025-11-25 09:00:00.366+02:00 WARN  c.m.a.a.i.c.ConfigurationBuilder - "Sampling overrides" is no longer in preview and it has been GA since 3.5.0 GA,
2025-11-25 09:00:02.085+02:00 INFO  c.m.applicationinsights.agent - Application Insights Java Agent 3.7.5 started successfully (PID 45324, JVM running for 5.163 s)
2025-11-25 09:00:02.091+02:00 INFO  c.m.applicationinsights.agent - Java version: 24.0.2, vendor: Oracle Corporation, home: C:\Users\SuperD\.jdks\openjdk-24.0.2
2025-11-25 09:01:11.211+02:00 ERROR c.a.c.h.netty.NettyAsyncHttpClient - io.netty.channel.ConnectTimeoutException: connection timed out after 10000 ms: /169.254.169.254:80
2025-11-25 09:06:22.475+02:00 WARN  c.m.a.a.i.c.ConfigurationBuilder - "Sampling overrides" is no longer in preview and it has been GA since 3.5.0 GA,
2025-11-25 09:06:24.517+02:00 INFO  c.m.applicationinsights.agent - Application Insights Java Agent 3.7.5 started successfully (PID 78716, JVM running for 5.75 s)
2025-11-25 09:06:24.521+02:00 INFO  c.m.applicationinsights.agent - Java version: 24.0.2, vendor: Oracle Corporation, home: C:\Users\SuperD\.jdks\openjdk-24.0.2
2025-11-25 09:07:33.116+02:00 ERROR c.a.c.h.netty.NettyAsyncHttpClient - io.netty.channel.ConnectTimeoutException: connection timed out after 10000 ms: /169.254.169.254:80
2025-11-25 09:13:25.072+02:00 WARN  c.m.a.a.i.c.ConfigurationBuilder - "Sampling overrides" is no longer in preview and it has been GA since 3.5.0 GA,
2025-11-25 09:13:26.734+02:00 INFO  c.m.applicationinsights.agent - Application Insights Java Agent 3.7.5 started successfully (PID 60632, JVM running for 6.914 s)
2025-11-25 09:13:26.740+02:00 INFO  c.m.applicationinsights.agent - Java version: 24.0.2, vendor: Oracle Corporation, home: C:\Users\SuperD\.jdks\openjdk-24.0.2
2025-11-25 09:14:35.779+02:00 ERROR c.a.c.h.netty.NettyAsyncHttpClient - io.netty.channel.ConnectTimeoutException: connection timed out after 10000 ms: /169.254.169.254:80
2025-11-25 09:34:57.633+02:00 WARN  c.m.a.a.i.c.ConfigurationBuilder - "Sampling overrides" is no longer in preview and it has been GA since 3.5.0 GA,
2025-11-25 09:34:59.695+02:00 INFO  c.m.applicationinsights.agent - Application Insights Java Agent 3.7.5 started successfully (PID 78992, JVM running for 5.72 s)
2025-11-25 09:34:59.700+02:00 INFO  c.m.applicationinsights.agent - Java version: 24.0.2, vendor: Oracle Corporation, home: C:\Users\SuperD\.jdks\openjdk-24.0.2
2025-11-25 09:36:08.493+02:00 ERROR c.a.c.h.netty.NettyAsyncHttpClient - io.netty.channel.ConnectTimeoutException: connection timed out after 10000 ms: /169.254.169.254:80
2025-11-25 11:32:04.867+02:00 WARN  c.m.a.a.i.c.ConfigurationBuilder - "Sampling overrides" is no longer in preview and it has been GA since 3.5.0 GA,
2025-11-25 11:32:07.543+02:00 INFO  c.m.applicationinsights.agent - Application Insights Java Agent 3.7.5 started successfully (PID 31184, JVM running for 8.487 s)
2025-11-25 11:32:07.549+02:00 INFO  c.m.applicationinsights.agent - Java version: 24.0.2, vendor: Oracle Corporation, home: C:\Users\SuperD\.jdks\openjdk-24.0.2
2025-11-25 11:33:15.807+02:00 ERROR c.a.c.h.netty.NettyAsyncHttpClient - io.netty.channel.ConnectTimeoutException: connection timed out after 10000 ms: /169.254.169.254:80
2025-11-25 12:44:57.165+02:00 WARN  c.m.a.a.i.c.ConfigurationBuilder - "Sampling overrides" is no longer in preview and it has been GA since 3.5.0 GA,
2025-11-25 12:44:59.195+02:00 INFO  c.m.applicationinsights.agent - Application Insights Java Agent 3.7.5 started successfully (PID 86436, JVM running for 5.631 s)
2025-11-25 12:44:59.201+02:00 INFO  c.m.applicationinsights.agent - Java version: 24.0.2, vendor: Oracle Corporation, home: C:\Users\SuperD\.jdks\openjdk-24.0.2
2025-11-25 12:46:08.012+02:00 ERROR c.a.c.h.netty.NettyAsyncHttpClient - io.netty.channel.ConnectTimeoutException: connection timed out after 10000 ms: /169.254.169.254:80
2025-11-25 15:05:14.261+02:00 WARN  c.m.a.a.i.c.ConfigurationBuilder - "Sampling overrides" is no longer in preview and it has been GA since 3.5.0 GA,
2025-11-25 15:05:16.019+02:00 INFO  c.m.applicationinsights.agent - Application Insights Java Agent 3.7.5 started successfully (PID 32812, JVM running for 5.178 s)
2025-11-25 15:05:16.023+02:00 INFO  c.m.applicationinsights.agent - Java version: 24.0.2, vendor: Oracle Corporation, home: C:\Users\SuperD\.jdks\openjdk-24.0.2
2025-11-25 15:06:25.097+02:00 ERROR c.a.c.h.netty.NettyAsyncHttpClient - io.netty.channel.ConnectTimeoutException: connection timed out after 10000 ms: /169.254.169.254:80
2025-11-25 15:14:27.026+02:00 WARN  c.m.a.a.i.c.ConfigurationBuilder - "Sampling overrides" is no longer in preview and it has been GA since 3.5.0 GA,
2025-11-25 15:14:29.074+02:00 INFO  c.m.applicationinsights.agent - Application Insights Java Agent 3.7.5 started successfully (PID 30892, JVM running for 5.755 s)
2025-11-25 15:14:29.078+02:00 INFO  c.m.applicationinsights.agent - Java version: 24.0.2, vendor: Oracle Corporation, home: C:\Users\SuperD\.jdks\openjdk-24.0.2
2025-11-25 15:15:37.848+02:00 ERROR c.a.c.h.netty.NettyAsyncHttpClient - io.netty.channel.ConnectTimeoutException: connection timed out after 10000 ms: /169.254.169.254:80
2025-11-25 15:33:25.434+02:00 WARN  c.m.a.a.i.c.ConfigurationBuilder - "Sampling overrides" is no longer in preview and it has been GA since 3.5.0 GA,
2025-11-25 15:33:26.812+02:00 INFO  c.m.applicationinsights.agent - Application Insights Java Agent 3.7.5 started successfully (PID 22352, JVM running for 3.969 s)
2025-11-25 15:33:26.819+02:00 INFO  c.m.applicationinsights.agent - Java version: 24.0.2, vendor: Oracle Corporation, home: C:\Users\SuperD\.jdks\openjdk-24.0.2
2025-11-25 15:34:55.458+02:00 WARN  c.m.a.a.i.c.ConfigurationBuilder - "Sampling overrides" is no longer in preview and it has been GA since 3.5.0 GA,
2025-11-25 15:34:56.778+02:00 INFO  c.m.applicationinsights.agent - Application Insights Java Agent 3.7.5 started successfully (PID 43544, JVM running for 3.094 s)
2025-11-25 15:34:56.779+02:00 INFO  c.m.applicationinsights.agent - Java version: 24.0.2, vendor: Oracle Corporation, home: C:\Users\SuperD\.jdks\openjdk-24.0.2
2025-11-25 15:36:05.950+02:00 ERROR c.a.c.h.netty.NettyAsyncHttpClient - io.netty.channel.ConnectTimeoutException: connection timed out after 10000 ms: /169.254.169.254:80
2025-11-25 22:16:22.402+02:00 WARN  c.a.m.o.a.i.q.QuickPulsePingSender - Pinging live metrics endpoint: Connection reset (future warnings will be aggregated and logged once every 5 minutes)
java.net.SocketException: Connection reset
	at java.base/sun.nio.ch.SocketChannelImpl.throwConnectionReset(SocketChannelImpl.java:399)
	at java.base/sun.nio.ch.SocketChannelImpl.implRead(SocketChannelImpl.java:431)
	at java.base/sun.nio.ch.SocketChannelImpl.read(SocketChannelImpl.java:489)
	at io.netty.buffer.AdaptivePoolingAllocator$AdaptiveByteBuf.setBytes(AdaptivePoolingAllocator.java:1816)
	at io.netty.buffer.AbstractByteBuf.writeBytes(AbstractByteBuf.java:1139)
	at io.netty.channel.socket.nio.NioSocketChannel.doReadBytes(NioSocketChannel.java:350)
	at io.netty.channel.nio.AbstractNioByteChannel$NioByteUnsafe.read(AbstractNioByteChannel.java:152)
	at io.netty.channel.nio.AbstractNioChannel$AbstractNioUnsafe.handle(AbstractNioChannel.java:445)
	at io.netty.channel.nio.NioIoHandler$DefaultNioRegistration.handle(NioIoHandler.java:381)
	at io.netty.channel.nio.NioIoHandler.processSelectedKey(NioIoHandler.java:575)
	at io.netty.channel.nio.NioIoHandler.processSelectedKeysOptimized(NioIoHandler.java:550)
	at io.netty.channel.nio.NioIoHandler.processSelectedKeys(NioIoHandler.java:491)
	at io.netty.channel.nio.NioIoHandler.run(NioIoHandler.java:468)
	at io.netty.channel.SingleThreadIoEventLoop.runIo(SingleThreadIoEventLoop.java:207)
	at io.netty.channel.SingleThreadIoEventLoop.run(SingleThreadIoEventLoop.java:178)
	at io.netty.util.concurrent.SingleThreadEventExecutor$5.run(SingleThreadEventExecutor.java:1073)
	at io.netty.util.internal.ThreadExecutorMap$2.run(ThreadExecutorMap.java:74)
	at io.netty.util.concurrent.FastThreadLocalRunnable.run(FastThreadLocalRunnable.java:30)
	at java.base/java.lang.Thread.run(Thread.java:1447)
2025-11-25 22:16:27.815+02:00 ERROR c.a.m.o.a.i.q.QuickPulsePingSender - 
*************************
Failed to connect to https://westeurope.livediagnostics.monitor.azure.com/
*************************

Description:
Unable to resolve host in url

Action:
Please update your network configuration so that the host in this url can be resolved: https://westeurope.livediagnostics.monitor.azure.com/
Learn more about troubleshooting unknown host exception here: https://go.microsoft.com/fwlink/?linkid=2185830

Note:
This message is only logged the first time it occurs after startup.

2025-11-25 22:16:58.375+02:00 ERROR c.a.m.o.a.i.p.TelemetryPipeline - 
*************************
Failed to connect to https://westeurope-5.in.applicationinsights.azure.com/v2.1/track
*************************

Description:
Unable to resolve host in url

Action:
Please update your network configuration so that the host in this url can be resolved: https://westeurope-5.in.applicationinsights.azure.com/v2.1/track
Learn more about troubleshooting unknown host exception here: https://go.microsoft.com/fwlink/?linkid=2185830

Note:
This message is only logged the first time it occurs after startup.

2025-11-25 22:17:01.619+02:00 WARN  c.a.m.o.a.i.p.TelemetryPipeline - Sending telemetry to the ingestion service (retry from disk): Connection reset (https://westeurope-5.in.applicationinsights.azure.com/v2.1/track) (will be retried again) (future warnings will be aggregated and logged once every 5 minutes)
java.net.SocketException: Connection reset
	at java.base/sun.nio.ch.SocketChannelImpl.throwConnectionReset(SocketChannelImpl.java:399)
	at java.base/sun.nio.ch.SocketChannelImpl.implRead(SocketChannelImpl.java:431)
	at java.base/sun.nio.ch.SocketChannelImpl.read(SocketChannelImpl.java:489)
	at io.netty.buffer.AdaptivePoolingAllocator$AdaptiveByteBuf.setBytes(AdaptivePoolingAllocator.java:1816)
	at io.netty.buffer.AbstractByteBuf.writeBytes(AbstractByteBuf.java:1139)
	at io.netty.channel.socket.nio.NioSocketChannel.doReadBytes(NioSocketChannel.java:350)
	at io.netty.channel.nio.AbstractNioByteChannel$NioByteUnsafe.read(AbstractNioByteChannel.java:152)
	at io.netty.channel.nio.AbstractNioChannel$AbstractNioUnsafe.handle(AbstractNioChannel.java:445)
	at io.netty.channel.nio.NioIoHandler$DefaultNioRegistration.handle(NioIoHandler.java:381)
	at io.netty.channel.nio.NioIoHandler.processSelectedKey(NioIoHandler.java:575)
	at io.netty.channel.nio.NioIoHandler.processSelectedKeysOptimized(NioIoHandler.java:550)
	at io.netty.channel.nio.NioIoHandler.processSelectedKeys(NioIoHandler.java:491)
	at io.netty.channel.nio.NioIoHandler.run(NioIoHandler.java:468)
	at io.netty.channel.SingleThreadIoEventLoop.runIo(SingleThreadIoEventLoop.java:207)
	at io.netty.channel.SingleThreadIoEventLoop.run(SingleThreadIoEventLoop.java:178)
	at io.netty.util.concurrent.SingleThreadEventExecutor$5.run(SingleThreadEventExecutor.java:1073)
	at io.netty.util.internal.ThreadExecutorMap$2.run(ThreadExecutorMap.java:74)
	at io.netty.util.concurrent.FastThreadLocalRunnable.run(FastThreadLocalRunnable.java:30)
	at java.base/java.lang.Thread.run(Thread.java:1447)
2025-11-26 07:28:43.824+02:00 WARN  c.a.m.o.a.i.q.QuickPulsePingSender - In the last 5 minutes, the following operation has failed 1 times (out of 48): Pinging live metrics endpoint:
 * Connection prematurely closed BEFORE response (1 times)
2025-11-26 10:58:52.461+02:00 WARN  c.m.a.a.i.c.ConfigurationBuilder - "Sampling overrides" is no longer in preview and it has been GA since 3.5.0 GA,
2025-11-26 10:58:53.952+02:00 INFO  c.m.applicationinsights.agent - Application Insights Java Agent 3.7.5 started successfully (PID 105784, JVM running for 4.585 s)
2025-11-26 10:58:53.956+02:00 INFO  c.m.applicationinsights.agent - Java version: 24.0.2, vendor: Oracle Corporation, home: C:\Users\SuperD\.jdks\openjdk-24.0.2
2025-11-26 11:00:03.038+02:00 ERROR c.a.c.h.netty.NettyAsyncHttpClient - io.netty.channel.ConnectTimeoutException: connection timed out after 10000 ms: /169.254.169.254:80
2025-11-26 12:17:00.847+02:00 WARN  c.m.a.a.i.c.ConfigurationBuilder - "Sampling overrides" is no longer in preview and it has been GA since 3.5.0 GA,
2025-11-26 12:17:03.611+02:00 INFO  c.m.applicationinsights.agent - Application Insights Java Agent 3.7.5 started successfully (PID 161492, JVM running for 7.862 s)
2025-11-26 12:17:03.617+02:00 INFO  c.m.applicationinsights.agent - Java version: 24.0.2, vendor: Oracle Corporation, home: C:\Users\SuperD\.jdks\openjdk-24.0.2
2025-11-26 12:18:11.442+02:00 WARN  c.m.a.a.i.c.ConfigurationBuilder - "Sampling overrides" is no longer in preview and it has been GA since 3.5.0 GA,
2025-11-26 12:18:13.290+02:00 INFO  c.m.applicationinsights.agent - Application Insights Java Agent 3.7.5 started successfully (PID 162544, JVM running for 5.455 s)
2025-11-26 12:18:13.295+02:00 INFO  c.m.applicationinsights.agent - Java version: 24.0.2, vendor: Oracle Corporation, home: C:\Users\SuperD\.jdks\openjdk-24.0.2
2025-11-26 12:19:22.212+02:00 ERROR c.a.c.h.netty.NettyAsyncHttpClient - io.netty.channel.ConnectTimeoutException: connection timed out after 10000 ms: /169.254.169.254:80
2025-11-26 12:20:49.512+02:00 WARN  c.m.a.a.i.c.ConfigurationBuilder - "Sampling overrides" is no longer in preview and it has been GA since 3.5.0 GA,
2025-11-26 12:20:51.339+02:00 INFO  c.m.applicationinsights.agent - Application Insights Java Agent 3.7.5 started successfully (PID 159800, JVM running for 7.93 s)
2025-11-26 12:20:51.344+02:00 INFO  c.m.applicationinsights.agent - Java version: 24.0.2, vendor: Oracle Corporation, home: C:\Users\SuperD\.jdks\openjdk-24.0.2
2025-11-26 12:22:00.266+02:00 ERROR c.a.c.h.netty.NettyAsyncHttpClient - io.netty.channel.ConnectTimeoutException: connection timed out after 10000 ms: /169.254.169.254:80
2025-11-26 12:53:08.363+02:00 WARN  c.m.a.a.i.c.ConfigurationBuilder - "Sampling overrides" is no longer in preview and it has been GA since 3.5.0 GA,
2025-11-26 12:53:11.028+02:00 INFO  c.m.applicationinsights.agent - Application Insights Java Agent 3.7.5 started successfully (PID 165204, JVM running for 7.201 s)
2025-11-26 12:53:11.033+02:00 INFO  c.m.applicationinsights.agent - Java version: 24.0.2, vendor: Oracle Corporation, home: C:\Users\SuperD\.jdks\openjdk-24.0.2
2025-11-26 12:54:19.425+02:00 ERROR c.a.c.h.netty.NettyAsyncHttpClient - io.netty.channel.ConnectTimeoutException: connection timed out after 10000 ms: /169.254.169.254:80
2025-11-26 13:32:36.629+02:00 WARN  c.m.a.a.i.c.ConfigurationBuilder - "Sampling overrides" is no longer in preview and it has been GA since 3.5.0 GA,
2025-11-26 13:32:40.637+02:00 INFO  c.m.applicationinsights.agent - Application Insights Java Agent 3.7.5 started successfully (PID 159216, JVM running for 12.488 s)
2025-11-26 13:32:40.642+02:00 INFO  c.m.applicationinsights.agent - Java version: 24.0.2, vendor: Oracle Corporation, home: C:\Users\SuperD\.jdks\openjdk-24.0.2
2025-11-26 13:33:48.019+02:00 ERROR c.a.c.h.netty.NettyAsyncHttpClient - io.netty.channel.ConnectTimeoutException: connection timed out after 10000 ms: /169.254.169.254:80
2025-11-26 13:53:53.024+02:00 WARN  c.m.a.a.i.c.ConfigurationBuilder - "Sampling overrides" is no longer in preview and it has been GA since 3.5.0 GA,
2025-11-26 13:53:54.816+02:00 INFO  c.m.applicationinsights.agent - Application Insights Java Agent 3.7.5 started successfully (PID 139536, JVM running for 8.347 s)
2025-11-26 13:53:54.820+02:00 INFO  c.m.applicationinsights.agent - Java version: 24.0.2, vendor: Oracle Corporation, home: C:\Users\SuperD\.jdks\openjdk-24.0.2
2025-11-26 13:55:03.757+02:00 ERROR c.a.c.h.netty.NettyAsyncHttpClient - io.netty.channel.ConnectTimeoutException: connection timed out after 10000 ms: /169.254.169.254:80
2025-11-26 14:48:24.349+02:00 WARN  c.a.m.o.a.i.q.QuickPulsePingSender - Pinging live metrics endpoint: Connection prematurely closed BEFORE response (future warnings will be aggregated and logged once every 5 minutes)
reactor.netty.http.client.PrematureCloseException: Connection prematurely closed BEFORE response
Caused by: java.io.IOException: An established connection was aborted by the software in your host machine
2025-11-26 19:21:08.224+02:00 ERROR c.a.m.o.a.i.q.QuickPulsePingSender - 
*************************
Failed to connect to https://westeurope.livediagnostics.monitor.azure.com/
*************************

Description:
Unable to resolve host in url

Action:
Please update your network configuration so that the host in this url can be resolved: https://westeurope.livediagnostics.monitor.azure.com/
Learn more about troubleshooting unknown host exception here: https://go.microsoft.com/fwlink/?linkid=2185830

Note:
This message is only logged the first time it occurs after startup.

2025-11-26 19:37:16.932+02:00 WARN  c.m.a.a.i.c.ConfigurationBuilder - "Sampling overrides" is no longer in preview and it has been GA since 3.5.0 GA,
2025-11-26 19:37:18.297+02:00 INFO  c.m.applicationinsights.agent - Application Insights Java Agent 3.7.5 started successfully (PID 81024, JVM running for 4.264 s)
2025-11-26 19:37:18.302+02:00 INFO  c.m.applicationinsights.agent - Java version: 24.0.2, vendor: Oracle Corporation, home: C:\Users\SuperD\.jdks\openjdk-24.0.2
2025-11-26 19:38:27.511+02:00 ERROR c.a.c.h.netty.NettyAsyncHttpClient - io.netty.channel.ConnectTimeoutException: connection timed out after 10000 ms: /169.254.169.254:80
2025-11-26 20:40:46.516+02:00 WARN  c.m.a.a.i.c.ConfigurationBuilder - "Sampling overrides" is no longer in preview and it has been GA since 3.5.0 GA,
2025-11-26 20:40:48.547+02:00 INFO  c.m.applicationinsights.agent - Application Insights Java Agent 3.7.5 started successfully (PID 54236, JVM running for 5.709 s)
2025-11-26 20:40:48.552+02:00 INFO  c.m.applicationinsights.agent - Java version: 24.0.2, vendor: Oracle Corporation, home: C:\Users\SuperD\.jdks\openjdk-24.0.2
2025-11-26 20:41:57.377+02:00 ERROR c.a.c.h.netty.NettyAsyncHttpClient - io.netty.channel.ConnectTimeoutException: connection timed out after 10000 ms: /169.254.169.254:80
2025-11-26 21:40:56.528+02:00 WARN  c.m.a.a.i.c.ConfigurationBuilder - "Sampling overrides" is no longer in preview and it has been GA since 3.5.0 GA,
2025-11-26 21:40:57.866+02:00 INFO  c.m.applicationinsights.agent - Application Insights Java Agent 3.7.5 started successfully (PID 121020, JVM running for 3.381 s)
2025-11-26 21:40:57.870+02:00 INFO  c.m.applicationinsights.agent - Java version: 24.0.2, vendor: Oracle Corporation, home: C:\Users\SuperD\.jdks\openjdk-24.0.2
2025-11-26 21:42:07.093+02:00 ERROR c.a.c.h.netty.NettyAsyncHttpClient - io.netty.channel.ConnectTimeoutException: connection timed out after 10000 ms: /169.254.169.254:80
2025-11-26 22:17:32.815+02:00 WARN  c.m.a.a.i.c.ConfigurationBuilder - "Sampling overrides" is no longer in preview and it has been GA since 3.5.0 GA,
2025-11-26 22:17:34.746+02:00 INFO  c.m.applicationinsights.agent - Application Insights Java Agent 3.7.5 started successfully (PID 61616, JVM running for 4.69 s)
2025-11-26 22:17:34.749+02:00 INFO  c.m.applicationinsights.agent - Java version: 24.0.2, vendor: Oracle Corporation, home: C:\Users\SuperD\.jdks\openjdk-24.0.2
2025-11-26 22:18:43.542+02:00 ERROR c.a.c.h.netty.NettyAsyncHttpClient - io.netty.channel.ConnectTimeoutException: connection timed out after 10000 ms: /169.254.169.254:80
2025-11-26 22:28:09.823+02:00 WARN  c.m.a.a.i.c.ConfigurationBuilder - "Sampling overrides" is no longer in preview and it has been GA since 3.5.0 GA,
2025-11-26 22:28:11.369+02:00 INFO  c.m.applicationinsights.agent - Application Insights Java Agent 3.7.5 started successfully (PID 61148, JVM running for 3.769 s)
2025-11-26 22:28:11.373+02:00 INFO  c.m.applicationinsights.agent - Java version: 24.0.2, vendor: Oracle Corporation, home: C:\Users\SuperD\.jdks\openjdk-24.0.2
2025-11-26 22:29:20.409+02:00 ERROR c.a.c.h.netty.NettyAsyncHttpClient - io.netty.channel.ConnectTimeoutException: connection timed out after 10000 ms: /169.254.169.254:80
2025-11-26 22:38:44.355+02:00 WARN  c.m.a.a.i.c.ConfigurationBuilder - "Sampling overrides" is no longer in preview and it has been GA since 3.5.0 GA,
2025-11-26 22:38:45.417+02:00 WARN  c.m.a.a.i.c.ConfigurationBuilder - "Sampling overrides" is no longer in preview and it has been GA since 3.5.0 GA,
2025-11-26 22:38:46.524+02:00 INFO  c.m.applicationinsights.agent - Application Insights Java Agent 3.7.5 started successfully (PID 111396, JVM running for 5.407 s)
2025-11-26 22:38:46.531+02:00 INFO  c.m.applicationinsights.agent - Java version: 24.0.2, vendor: Oracle Corporation, home: C:\Users\SuperD\.jdks\openjdk-24.0.2
2025-11-26 22:38:47.644+02:00 INFO  c.m.applicationinsights.agent - Application Insights Java Agent 3.7.5 started successfully (PID 23996, JVM running for 4.787 s)
2025-11-26 22:38:47.645+02:00 INFO  c.m.applicationinsights.agent - Java version: 24.0.2, vendor: Oracle Corporation, home: C:\Users\SuperD\.jdks\openjdk-24.0.2
2025-11-26 22:39:20.714+02:00 WARN  c.m.a.a.i.c.ConfigurationBuilder - "Sampling overrides" is no longer in preview and it has been GA since 3.5.0 GA,
2025-11-26 22:39:22.220+02:00 INFO  c.m.applicationinsights.agent - Application Insights Java Agent 3.7.5 started successfully (PID 162944, JVM running for 3.446 s)
2025-11-26 22:39:22.221+02:00 INFO  c.m.applicationinsights.agent - Java version: 24.0.2, vendor: Oracle Corporation, home: C:\Users\SuperD\.jdks\openjdk-24.0.2
2025-11-26 22:40:31.311+02:00 ERROR c.a.c.h.netty.NettyAsyncHttpClient - io.netty.channel.ConnectTimeoutException: connection timed out after 10000 ms: /169.254.169.254:80
2025-11-27 10:01:31.169+02:00 WARN  c.m.a.a.i.c.ConfigurationBuilder - "Sampling overrides" is no longer in preview and it has been GA since 3.5.0 GA,
2025-11-27 10:01:35.374+02:00 INFO  c.m.applicationinsights.agent - Application Insights Java Agent 3.7.5 started successfully (PID 53240, JVM running for 28.092 s)
2025-11-27 10:01:35.381+02:00 INFO  c.m.applicationinsights.agent - Java version: 24.0.2, vendor: Oracle Corporation, home: C:\Users\SuperD\.jdks\openjdk-24.0.2
2025-11-27 10:02:42.210+02:00 ERROR c.a.c.h.netty.NettyAsyncHttpClient - io.netty.channel.ConnectTimeoutException: connection timed out after 10000 ms: /169.254.169.254:80
2025-11-27 10:22:59.329+02:00 WARN  c.m.a.a.i.c.ConfigurationBuilder - "Sampling overrides" is no longer in preview and it has been GA since 3.5.0 GA,
2025-11-27 10:23:01.818+02:00 INFO  c.m.applicationinsights.agent - Application Insights Java Agent 3.7.5 started successfully (PID 141480, JVM running for 7.181 s)
2025-11-27 10:23:01.823+02:00 INFO  c.m.applicationinsights.agent - Java version: 24.0.2, vendor: Oracle Corporation, home: C:\Users\SuperD\.jdks\openjdk-24.0.2
2025-11-27 10:24:10.281+02:00 ERROR c.a.c.h.netty.NettyAsyncHttpClient - io.netty.channel.ConnectTimeoutException: connection timed out after 10000 ms: /169.254.169.254:80
2025-11-27 12:28:24.620+02:00 WARN  c.m.a.a.i.c.ConfigurationBuilder - "Sampling overrides" is no longer in preview and it has been GA since 3.5.0 GA,
2025-11-27 12:28:26.859+02:00 INFO  c.m.applicationinsights.agent - Application Insights Java Agent 3.7.5 started successfully (PID 62520, JVM running for 15.282 s)
2025-11-27 12:28:26.864+02:00 INFO  c.m.applicationinsights.agent - Java version: 24.0.2, vendor: Oracle Corporation, home: C:\Users\SuperD\.jdks\openjdk-24.0.2
2025-11-27 12:29:35.511+02:00 ERROR c.a.c.h.netty.NettyAsyncHttpClient - io.netty.channel.ConnectTimeoutException: connection timed out after 10000 ms: /169.254.169.254:80
2025-11-27 12:30:04.975+02:00 WARN  c.m.a.a.i.c.ConfigurationBuilder - "Sampling overrides" is no longer in preview and it has been GA since 3.5.0 GA,
2025-11-27 12:30:07.227+02:00 INFO  c.m.applicationinsights.agent - Application Insights Java Agent 3.7.5 started successfully (PID 26432, JVM running for 5.027 s)
2025-11-27 12:30:07.228+02:00 INFO  c.m.applicationinsights.agent - Java version: 24.0.2, vendor: Oracle Corporation, home: C:\Users\SuperD\.jdks\openjdk-24.0.2
2025-11-27 12:31:15.808+02:00 ERROR c.a.c.h.netty.NettyAsyncHttpClient - io.netty.channel.ConnectTimeoutException: connection timed out after 10000 ms: /169.254.169.254:80
2025-11-27 12:42:15.415+02:00 WARN  c.m.a.a.i.c.ConfigurationBuilder - "Sampling overrides" is no longer in preview and it has been GA since 3.5.0 GA,
2025-11-27 12:42:17.499+02:00 INFO  c.m.applicationinsights.agent - Application Insights Java Agent 3.7.5 started successfully (PID 146164, JVM running for 5.033 s)
2025-11-27 12:42:17.504+02:00 INFO  c.m.applicationinsights.agent - Java version: 24.0.2, vendor: Oracle Corporation, home: C:\Users\SuperD\.jdks\openjdk-24.0.2
2025-11-27 12:44:27.830+02:00 WARN  c.m.a.a.i.c.ConfigurationBuilder - "Sampling overrides" is no longer in preview and it has been GA since 3.5.0 GA,
2025-11-27 12:44:30.026+02:00 INFO  c.m.applicationinsights.agent - Application Insights Java Agent 3.7.5 started successfully (PID 83104, JVM running for 5.168 s)
2025-11-27 12:44:30.028+02:00 INFO  c.m.applicationinsights.agent - Java version: 24.0.2, vendor: Oracle Corporation, home: C:\Users\SuperD\.jdks\openjdk-24.0.2
2025-11-27 12:45:38.637+02:00 ERROR c.a.c.h.netty.NettyAsyncHttpClient - io.netty.channel.ConnectTimeoutException: connection timed out after 10000 ms: /169.254.169.254:80
2025-11-28 10:12:46.575+02:00 WARN  c.m.a.a.i.c.ConfigurationBuilder - "Sampling overrides" is no longer in preview and it has been GA since 3.5.0 GA,
2025-11-28 10:12:49.415+02:00 INFO  c.m.applicationinsights.agent - Application Insights Java Agent 3.7.5 started successfully (PID 136732, JVM running for 9.008 s)
2025-11-28 10:12:49.420+02:00 INFO  c.m.applicationinsights.agent - Java version: 24.0.2, vendor: Oracle Corporation, home: C:\Users\SuperD\.jdks\openjdk-24.0.2
2025-11-28 10:13:57.526+02:00 ERROR c.a.c.h.netty.NettyAsyncHttpClient - io.netty.channel.ConnectTimeoutException: connection timed out after 10000 ms: /169.254.169.254:80
2025-11-28 10:40:31.655+02:00 WARN  c.m.a.a.i.c.ConfigurationBuilder - "Sampling overrides" is no longer in preview and it has been GA since 3.5.0 GA,
2025-11-28 10:40:34.018+02:00 INFO  c.m.applicationinsights.agent - Application Insights Java Agent 3.7.5 started successfully (PID 94900, JVM running for 6.962 s)
2025-11-28 10:40:34.025+02:00 INFO  c.m.applicationinsights.agent - Java version: 24.0.2, vendor: Oracle Corporation, home: C:\Users\SuperD\.jdks\openjdk-24.0.2
2025-11-28 10:41:42.587+02:00 ERROR c.a.c.h.netty.NettyAsyncHttpClient - io.netty.channel.ConnectTimeoutException: connection timed out after 10000 ms: /169.254.169.254:80
2025-11-28 11:11:28.693+02:00 WARN  c.m.a.a.i.c.ConfigurationBuilder - "Sampling overrides" is no longer in preview and it has been GA since 3.5.0 GA,
2025-11-28 11:11:31.157+02:00 INFO  c.m.applicationinsights.agent - Application Insights Java Agent 3.7.5 started successfully (PID 154100, JVM running for 6.345 s)
2025-11-28 11:11:31.161+02:00 INFO  c.m.applicationinsights.agent - Java version: 24.0.2, vendor: Oracle Corporation, home: C:\Users\SuperD\.jdks\openjdk-24.0.2
2025-11-28 11:12:40.200+02:00 ERROR c.a.c.h.netty.NettyAsyncHttpClient - io.netty.channel.ConnectTimeoutException: connection timed out after 10000 ms: /169.254.169.254:80
2025-11-28 20:01:26.792+02:00 WARN  c.a.m.o.a.i.q.QuickPulsePingSender - Pinging live metrics endpoint: Connection reset (future warnings will be aggregated and logged once every 5 minutes)
java.net.SocketException: Connection reset
	at java.base/sun.nio.ch.SocketChannelImpl.throwConnectionReset(SocketChannelImpl.java:399)
	at java.base/sun.nio.ch.SocketChannelImpl.implRead(SocketChannelImpl.java:431)
	at java.base/sun.nio.ch.SocketChannelImpl.read(SocketChannelImpl.java:489)
	at io.netty.buffer.AdaptivePoolingAllocator$AdaptiveByteBuf.setBytes(AdaptivePoolingAllocator.java:1816)
	at io.netty.buffer.AbstractByteBuf.writeBytes(AbstractByteBuf.java:1139)
	at io.netty.channel.socket.nio.NioSocketChannel.doReadBytes(NioSocketChannel.java:350)
	at io.netty.channel.nio.AbstractNioByteChannel$NioByteUnsafe.read(AbstractNioByteChannel.java:152)
	at io.netty.channel.nio.AbstractNioChannel$AbstractNioUnsafe.handle(AbstractNioChannel.java:445)
	at io.netty.channel.nio.NioIoHandler$DefaultNioRegistration.handle(NioIoHandler.java:381)
	at io.netty.channel.nio.NioIoHandler.processSelectedKey(NioIoHandler.java:575)
	at io.netty.channel.nio.NioIoHandler.processSelectedKeysOptimized(NioIoHandler.java:550)
	at io.netty.channel.nio.NioIoHandler.processSelectedKeys(NioIoHandler.java:491)
	at io.netty.channel.nio.NioIoHandler.run(NioIoHandler.java:468)
	at io.netty.channel.SingleThreadIoEventLoop.runIo(SingleThreadIoEventLoop.java:207)
	at io.netty.channel.SingleThreadIoEventLoop.run(SingleThreadIoEventLoop.java:178)
	at io.netty.util.concurrent.SingleThreadEventExecutor$5.run(SingleThreadEventExecutor.java:1073)
	at io.netty.util.internal.ThreadExecutorMap$2.run(ThreadExecutorMap.java:74)
	at io.netty.util.concurrent.FastThreadLocalRunnable.run(FastThreadLocalRunnable.java:30)
	at java.base/java.lang.Thread.run(Thread.java:1447)
2025-11-28 20:01:32.021+02:00 ERROR c.a.m.o.a.i.q.QuickPulsePingSender - 
*************************
Failed to connect to https://westeurope.livediagnostics.monitor.azure.com/
*************************

Description:
Unable to resolve host in url

Action:
Please update your network configuration so that the host in this url can be resolved: https://westeurope.livediagnostics.monitor.azure.com/
Learn more about troubleshooting unknown host exception here: https://go.microsoft.com/fwlink/?linkid=2185830

Note:
This message is only logged the first time it occurs after startup.

2025-11-28 20:01:43.061+02:00 ERROR c.a.m.o.a.i.p.TelemetryPipeline - 
*************************
Failed to connect to https://westeurope-5.in.applicationinsights.azure.com/v2.1/track
*************************

Description:
Unable to resolve host in url

Action:
Please update your network configuration so that the host in this url can be resolved: https://westeurope-5.in.applicationinsights.azure.com/v2.1/track
Learn more about troubleshooting unknown host exception here: https://go.microsoft.com/fwlink/?linkid=2185830

Note:
This message is only logged the first time it occurs after startup.

2025-11-29 10:23:43.934+02:00 WARN  c.m.a.a.i.c.ConfigurationBuilder - "Sampling overrides" is no longer in preview and it has been GA since 3.5.0 GA,
2025-11-29 10:23:48.815+02:00 INFO  c.m.applicationinsights.agent - Application Insights Java Agent 3.7.5 started successfully (PID 20904, JVM running for 17.778 s)
2025-11-29 10:23:48.817+02:00 INFO  c.m.applicationinsights.agent - Java version: 24.0.2, vendor: Oracle Corporation, home: C:\Users\SuperD\.jdks\openjdk-24.0.2
2025-11-29 10:24:54.962+02:00 ERROR c.a.c.h.netty.NettyAsyncHttpClient - io.netty.channel.ConnectTimeoutException: connection timed out after 10000 ms: /169.254.169.254:80
2025-11-29 10:59:37.875+02:00 ERROR c.a.m.o.a.i.q.QuickPulsePingSender - 
*************************
Failed to connect to https://westeurope.livediagnostics.monitor.azure.com/
*************************

Description:
Unable to resolve host in url

Action:
Please update your network configuration so that the host in this url can be resolved: https://westeurope.livediagnostics.monitor.azure.com/
Learn more about troubleshooting unknown host exception here: https://go.microsoft.com/fwlink/?linkid=2185830

Note:
This message is only logged the first time it occurs after startup.

2025-11-29 10:59:45.593+02:00 ERROR c.a.m.o.a.i.p.TelemetryPipeline - 
*************************
Failed to connect to https://westeurope-5.in.applicationinsights.azure.com/v2.1/track
*************************

Description:
Unable to resolve host in url

Action:
Please update your network configuration so that the host in this url can be resolved: https://westeurope-5.in.applicationinsights.azure.com/v2.1/track
Learn more about troubleshooting unknown host exception here: https://go.microsoft.com/fwlink/?linkid=2185830

Note:
This message is only logged the first time it occurs after startup.

2025-11-29 12:38:35.038+02:00 WARN  c.m.a.a.i.c.ConfigurationBuilder - "Sampling overrides" is no longer in preview and it has been GA since 3.5.0 GA,
2025-11-29 12:38:37.288+02:00 INFO  c.m.applicationinsights.agent - Application Insights Java Agent 3.7.5 started successfully (PID 26272, JVM running for 7.283 s)
2025-11-29 12:38:37.291+02:00 INFO  c.m.applicationinsights.agent - Java version: 24.0.2, vendor: Oracle Corporation, home: C:\Users\SuperD\.jdks\openjdk-24.0.2
2025-11-29 12:39:45.916+02:00 ERROR c.a.c.h.netty.NettyAsyncHttpClient - io.netty.channel.ConnectTimeoutException: connection timed out after 10000 ms: /169.254.169.254:80
2025-11-29 12:53:33.742+02:00 WARN  c.m.a.a.i.c.ConfigurationBuilder - "Sampling overrides" is no longer in preview and it has been GA since 3.5.0 GA,
2025-11-29 12:53:36.006+02:00 INFO  c.m.applicationinsights.agent - Application Insights Java Agent 3.7.5 started successfully (PID 33908, JVM running for 5.222 s)
2025-11-29 12:53:36.009+02:00 INFO  c.m.applicationinsights.agent - Java version: 24.0.2, vendor: Oracle Corporation, home: C:\Users\SuperD\.jdks\openjdk-24.0.2
2025-11-29 12:54:45.068+02:00 ERROR c.a.c.h.netty.NettyAsyncHttpClient - io.netty.channel.ConnectTimeoutException: connection timed out after 10000 ms: /169.254.169.254:80
2025-11-29 13:10:03.694+02:00 WARN  c.m.a.a.i.c.ConfigurationBuilder - "Sampling overrides" is no longer in preview and it has been GA since 3.5.0 GA,
2025-11-29 13:10:05.904+02:00 INFO  c.m.applicationinsights.agent - Application Insights Java Agent 3.7.5 started successfully (PID 41012, JVM running for 5.866 s)
2025-11-29 13:10:05.905+02:00 INFO  c.m.applicationinsights.agent - Java version: 24.0.2, vendor: Oracle Corporation, home: C:\Users\SuperD\.jdks\openjdk-24.0.2
2025-11-29 13:11:14.524+02:00 ERROR c.a.c.h.netty.NettyAsyncHttpClient - io.netty.channel.ConnectTimeoutException: connection timed out after 10000 ms: /169.254.169.254:80
2025-11-29 13:23:25.138+02:00 WARN  c.a.m.o.a.i.q.QuickPulsePingSender - Pinging live metrics endpoint: Connection prematurely closed BEFORE response (future warnings will be aggregated and logged once every 5 minutes)
reactor.netty.http.client.PrematureCloseException: Connection prematurely closed BEFORE response
Caused by: java.io.IOException: An established connection was aborted by the software in your host machine
2025-11-29 19:31:14.759+02:00 WARN  c.m.a.a.i.c.ConfigurationBuilder - "Sampling overrides" is no longer in preview and it has been GA since 3.5.0 GA,
2025-11-29 19:31:17.257+02:00 INFO  c.m.applicationinsights.agent - Application Insights Java Agent 3.7.5 started successfully (PID 47100, JVM running for 10.409 s)
2025-11-29 19:31:17.264+02:00 INFO  c.m.applicationinsights.agent - Java version: 24.0.2, vendor: Oracle Corporation, home: C:\Users\SuperD\.jdks\openjdk-24.0.2
2025-11-29 19:32:25.837+02:00 ERROR c.a.c.h.netty.NettyAsyncHttpClient - io.netty.channel.ConnectTimeoutException: connection timed out after 10000 ms: /169.254.169.254:80
2025-11-29 19:59:19.222+02:00 ERROR c.a.m.o.a.i.p.TelemetryPipeline - 
*************************
Failed to connect to https://westeurope-5.in.applicationinsights.azure.com/v2.1/track
*************************

Description:
Unable to resolve host in url

Action:
Please update your network configuration so that the host in this url can be resolved: https://westeurope-5.in.applicationinsights.azure.com/v2.1/track
Learn more about troubleshooting unknown host exception here: https://go.microsoft.com/fwlink/?linkid=2185830

Note:
This message is only logged the first time it occurs after startup.

2025-11-29 19:59:19.778+02:00 ERROR c.a.m.o.a.i.q.QuickPulsePingSender - 
*************************
Failed to connect to https://westeurope.livediagnostics.monitor.azure.com/
*************************

Description:
Unable to resolve host in url

Action:
Please update your network configuration so that the host in this url can be resolved: https://westeurope.livediagnostics.monitor.azure.com/
Learn more about troubleshooting unknown host exception here: https://go.microsoft.com/fwlink/?linkid=2185830

Note:
This message is only logged the first time it occurs after startup.

2025-11-29 21:05:26.346+02:00 WARN  c.a.m.o.a.i.q.QuickPulsePingSender - Pinging live metrics endpoint: Connection prematurely closed BEFORE response (future warnings will be aggregated and logged once every 5 minutes)
reactor.netty.http.client.PrematureCloseException: Connection prematurely closed BEFORE response
Caused by: java.io.IOException: An established connection was aborted by the software in your host machine
2025-11-29 21:05:53.831+02:00 WARN  c.a.m.o.a.i.p.TelemetryPipeline - Sending telemetry to the ingestion service (retry from disk): Connection reset (https://westeurope-5.in.applicationinsights.azure.com/v2.1/track) (will be retried again) (future warnings will be aggregated and logged once every 5 minutes)
java.net.SocketException: Connection reset
	at java.base/sun.nio.ch.SocketChannelImpl.throwConnectionReset(SocketChannelImpl.java:399)
	at java.base/sun.nio.ch.SocketChannelImpl.implRead(SocketChannelImpl.java:431)
	at java.base/sun.nio.ch.SocketChannelImpl.read(SocketChannelImpl.java:489)
	at io.netty.buffer.AdaptivePoolingAllocator$AdaptiveByteBuf.setBytes(AdaptivePoolingAllocator.java:1816)
	at io.netty.buffer.AbstractByteBuf.writeBytes(AbstractByteBuf.java:1139)
	at io.netty.channel.socket.nio.NioSocketChannel.doReadBytes(NioSocketChannel.java:350)
	at io.netty.channel.nio.AbstractNioByteChannel$NioByteUnsafe.read(AbstractNioByteChannel.java:152)
	at io.netty.channel.nio.AbstractNioChannel$AbstractNioUnsafe.handle(AbstractNioChannel.java:445)
	at io.netty.channel.nio.NioIoHandler$DefaultNioRegistration.handle(NioIoHandler.java:381)
	at io.netty.channel.nio.NioIoHandler.processSelectedKey(NioIoHandler.java:575)
	at io.netty.channel.nio.NioIoHandler.processSelectedKeysOptimized(NioIoHandler.java:550)
	at io.netty.channel.nio.NioIoHandler.processSelectedKeys(NioIoHandler.java:491)
	at io.netty.channel.nio.NioIoHandler.run(NioIoHandler.java:468)
	at io.netty.channel.SingleThreadIoEventLoop.runIo(SingleThreadIoEventLoop.java:207)
	at io.netty.channel.SingleThreadIoEventLoop.run(SingleThreadIoEventLoop.java:178)
	at io.netty.util.concurrent.SingleThreadEventExecutor$5.run(SingleThreadEventExecutor.java:1073)
	at io.netty.util.internal.ThreadExecutorMap$2.run(ThreadExecutorMap.java:74)
	at io.netty.util.concurrent.FastThreadLocalRunnable.run(FastThreadLocalRunnable.java:30)
	at java.base/java.lang.Thread.run(Thread.java:1447)
2025-11-30 13:50:22.990+02:00 WARN  c.a.m.o.a.i.q.QuickPulsePingSender - In the last 5 minutes, the following operation has failed 2 times (out of 36): Pinging live metrics endpoint:
 * Connection prematurely closed BEFORE response (2 times)
2025-11-30 14:57:44.739+02:00 WARN  c.a.m.o.a.i.q.QuickPulsePingSender - In the last 5 minutes, the following operation has failed 1 times (out of 48): Pinging live metrics endpoint:
 * Connection reset (1 times)
2025-11-30 22:08:35.526+02:00 WARN  c.a.m.o.a.i.q.QuickPulsePingSender - In the last 5 minutes, the following operation has failed 1 times (out of 59): Pinging live metrics endpoint:
 * Connection prematurely closed BEFORE response (1 times)
2025-12-01 08:29:58.197+02:00 WARN  c.a.m.o.a.i.q.QuickPulsePingSender - In the last 5 minutes, the following operation has failed 1 times (out of 48): Pinging live metrics endpoint:
 * Connection prematurely closed BEFORE response (1 times)
2025-12-01 12:37:45.517+02:00 WARN  c.a.m.o.a.i.q.QuickPulsePingSender - In the last 5 minutes, the following operation has failed 1 times (out of 58): Pinging live metrics endpoint:
 * Connection reset (1 times)
2025-12-01 13:37:41.984+02:00 WARN  c.m.a.a.i.c.ConfigurationBuilder - "Sampling overrides" is no longer in preview and it has been GA since 3.5.0 GA,
2025-12-01 13:37:44.246+02:00 INFO  c.m.applicationinsights.agent - Application Insights Java Agent 3.7.5 started successfully (PID 5804, JVM running for 8.181 s)
2025-12-01 13:37:44.262+02:00 INFO  c.m.applicationinsights.agent - Java version: 24.0.2, vendor: Oracle Corporation, home: C:\Users\SuperD\.jdks\openjdk-24.0.2
2025-12-01 13:38:53.275+02:00 ERROR c.a.c.h.netty.NettyAsyncHttpClient - io.netty.channel.ConnectTimeoutException: connection timed out after 10000 ms: /169.254.169.254:80
2025-12-01 16:19:20.993+02:00 WARN  c.m.a.a.i.c.ConfigurationBuilder - "Sampling overrides" is no longer in preview and it has been GA since 3.5.0 GA,
2025-12-01 16:19:23.156+02:00 INFO  c.m.applicationinsights.agent - Application Insights Java Agent 3.7.5 started successfully (PID 9008, JVM running for 6.415 s)
2025-12-01 16:19:23.159+02:00 INFO  c.m.applicationinsights.agent - Java version: 24.0.2, vendor: Oracle Corporation, home: C:\Users\SuperD\.jdks\openjdk-24.0.2
2025-12-01 16:27:10.682+02:00 WARN  c.m.a.a.i.c.ConfigurationBuilder - "Sampling overrides" is no longer in preview and it has been GA since 3.5.0 GA,
2025-12-01 16:27:12.732+02:00 INFO  c.m.applicationinsights.agent - Application Insights Java Agent 3.7.5 started successfully (PID 30188, JVM running for 4.397 s)
2025-12-01 16:27:12.733+02:00 INFO  c.m.applicationinsights.agent - Java version: 24.0.2, vendor: Oracle Corporation, home: C:\Users\SuperD\.jdks\openjdk-24.0.2
2025-12-01 16:28:21.428+02:00 ERROR c.a.c.h.netty.NettyAsyncHttpClient - io.netty.channel.ConnectTimeoutException: connection timed out after 10000 ms: /169.254.169.254:80
2025-12-01 16:29:19.649+02:00 WARN  c.m.a.a.i.c.ConfigurationBuilder - "Sampling overrides" is no longer in preview and it has been GA since 3.5.0 GA,
2025-12-01 16:29:21.865+02:00 INFO  c.m.applicationinsights.agent - Application Insights Java Agent 3.7.5 started successfully (PID 32788, JVM running for 5.725 s)
2025-12-01 16:29:21.866+02:00 INFO  c.m.applicationinsights.agent - Java version: 24.0.2, vendor: Oracle Corporation, home: C:\Users\SuperD\.jdks\openjdk-24.0.2
2025-12-01 16:30:16.164+02:00 WARN  c.m.a.a.i.c.ConfigurationBuilder - "Sampling overrides" is no longer in preview and it has been GA since 3.5.0 GA,
2025-12-01 16:30:18.392+02:00 INFO  c.m.applicationinsights.agent - Application Insights Java Agent 3.7.5 started successfully (PID 33628, JVM running for 4.88 s)
2025-12-01 16:30:18.393+02:00 INFO  c.m.applicationinsights.agent - Java version: 24.0.2, vendor: Oracle Corporation, home: C:\Users\SuperD\.jdks\openjdk-24.0.2
2025-12-01 16:31:27.003+02:00 ERROR c.a.c.h.netty.NettyAsyncHttpClient - io.netty.channel.ConnectTimeoutException: connection timed out after 10000 ms: /169.254.169.254:80
2025-12-01 18:15:34.870+02:00 WARN  c.m.a.a.i.c.ConfigurationBuilder - "Sampling overrides" is no longer in preview and it has been GA since 3.5.0 GA,
2025-12-01 18:15:37.803+02:00 INFO  c.m.applicationinsights.agent - Application Insights Java Agent 3.7.5 started successfully (PID 30876, JVM running for 7.547 s)
2025-12-01 18:15:37.806+02:00 INFO  c.m.applicationinsights.agent - Java version: 24.0.2, vendor: Oracle Corporation, home: C:\Users\SuperD\.jdks\openjdk-24.0.2
2025-12-01 18:16:45.869+02:00 ERROR c.a.c.h.netty.NettyAsyncHttpClient - io.netty.channel.ConnectTimeoutException: connection timed out after 10000 ms: /169.254.169.254:80
2025-12-01 18:17:56.071+02:00 WARN  c.a.m.o.a.i.q.QuickPulsePingSender - Pinging live metrics endpoint: Connection prematurely closed BEFORE response (future warnings will be aggregated and logged once every 5 minutes)
reactor.netty.http.client.PrematureCloseException: Connection prematurely closed BEFORE response
Caused by: java.io.IOException: An established connection was aborted by the software in your host machine
2025-12-01 18:23:18.613+02:00 WARN  c.a.m.o.a.i.p.TelemetryPipeline - Sending telemetry to the ingestion service (retry from disk): Connection reset (https://westeurope-5.in.applicationinsights.azure.com/v2.1/track) (will be retried again) (future warnings will be aggregated and logged once every 5 minutes)
java.net.SocketException: Connection reset
	at java.base/sun.nio.ch.SocketChannelImpl.throwConnectionReset(SocketChannelImpl.java:399)
	at java.base/sun.nio.ch.SocketChannelImpl.implRead(SocketChannelImpl.java:431)
	at java.base/sun.nio.ch.SocketChannelImpl.read(SocketChannelImpl.java:489)
	at io.netty.buffer.AdaptivePoolingAllocator$AdaptiveByteBuf.setBytes(AdaptivePoolingAllocator.java:1816)
	at io.netty.buffer.AbstractByteBuf.writeBytes(AbstractByteBuf.java:1139)
	at io.netty.channel.socket.nio.NioSocketChannel.doReadBytes(NioSocketChannel.java:350)
	at io.netty.channel.nio.AbstractNioByteChannel$NioByteUnsafe.read(AbstractNioByteChannel.java:152)
	at io.netty.channel.nio.AbstractNioChannel$AbstractNioUnsafe.handle(AbstractNioChannel.java:445)
	at io.netty.channel.nio.NioIoHandler$DefaultNioRegistration.handle(NioIoHandler.java:381)
	at io.netty.channel.nio.NioIoHandler.processSelectedKey(NioIoHandler.java:575)
	at io.netty.channel.nio.NioIoHandler.processSelectedKeysOptimized(NioIoHandler.java:550)
	at io.netty.channel.nio.NioIoHandler.processSelectedKeys(NioIoHandler.java:491)
	at io.netty.channel.nio.NioIoHandler.run(NioIoHandler.java:468)
	at io.netty.channel.SingleThreadIoEventLoop.runIo(SingleThreadIoEventLoop.java:207)
	at io.netty.channel.SingleThreadIoEventLoop.run(SingleThreadIoEventLoop.java:178)
	at io.netty.util.concurrent.SingleThreadEventExecutor$5.run(SingleThreadEventExecutor.java:1073)
	at io.netty.util.internal.ThreadExecutorMap$2.run(ThreadExecutorMap.java:74)
	at io.netty.util.concurrent.FastThreadLocalRunnable.run(FastThreadLocalRunnable.java:30)
	at java.base/java.lang.Thread.run(Thread.java:1447)
2025-12-01 20:51:32.413+02:00 WARN  c.m.a.a.i.c.ConfigurationBuilder - "Sampling overrides" is no longer in preview and it has been GA since 3.5.0 GA,
2025-12-01 20:51:34.777+02:00 INFO  c.m.applicationinsights.agent - Application Insights Java Agent 3.7.5 started successfully (PID 39244, JVM running for 6.721 s)
2025-12-01 20:51:34.782+02:00 INFO  c.m.applicationinsights.agent - Java version: 24.0.2, vendor: Oracle Corporation, home: C:\Users\SuperD\.jdks\openjdk-24.0.2
2025-12-01 20:52:43.327+02:00 ERROR c.a.c.h.netty.NettyAsyncHttpClient - io.netty.channel.ConnectTimeoutException: connection timed out after 10000 ms: /169.254.169.254:80
2025-12-01 21:02:07.133+02:00 WARN  c.m.a.a.i.c.ConfigurationBuilder - "Sampling overrides" is no longer in preview and it has been GA since 3.5.0 GA,
2025-12-01 21:02:09.648+02:00 INFO  c.m.applicationinsights.agent - Application Insights Java Agent 3.7.5 started successfully (PID 32676, JVM running for 5.869 s)
2025-12-01 21:02:09.649+02:00 INFO  c.m.applicationinsights.agent - Java version: 24.0.2, vendor: Oracle Corporation, home: C:\Users\SuperD\.jdks\openjdk-24.0.2
2025-12-01 21:06:25.178+02:00 WARN  c.m.a.a.i.c.ConfigurationBuilder - "Sampling overrides" is no longer in preview and it has been GA since 3.5.0 GA,
2025-12-01 21:06:27.481+02:00 INFO  c.m.applicationinsights.agent - Application Insights Java Agent 3.7.5 started successfully (PID 32164, JVM running for 5.47 s)
2025-12-01 21:06:27.482+02:00 INFO  c.m.applicationinsights.agent - Java version: 24.0.2, vendor: Oracle Corporation, home: C:\Users\SuperD\.jdks\openjdk-24.0.2
2025-12-01 21:38:55.105+02:00 WARN  c.m.a.a.i.c.ConfigurationBuilder - "Sampling overrides" is no longer in preview and it has been GA since 3.5.0 GA,
2025-12-01 21:38:57.505+02:00 INFO  c.m.applicationinsights.agent - Application Insights Java Agent 3.7.5 started successfully (PID 54712, JVM running for 5.234 s)
2025-12-01 21:38:57.510+02:00 INFO  c.m.applicationinsights.agent - Java version: 24.0.2, vendor: Oracle Corporation, home: C:\Users\SuperD\.jdks\openjdk-24.0.2
2025-12-01 21:42:50.626+02:00 WARN  c.m.a.a.i.c.ConfigurationBuilder - "Sampling overrides" is no longer in preview and it has been GA since 3.5.0 GA,
2025-12-01 21:42:53.040+02:00 INFO  c.m.applicationinsights.agent - Application Insights Java Agent 3.7.5 started successfully (PID 53952, JVM running for 5.057 s)
2025-12-01 21:42:53.045+02:00 INFO  c.m.applicationinsights.agent - Java version: 24.0.2, vendor: Oracle Corporation, home: C:\Users\SuperD\.jdks\openjdk-24.0.2
2025-12-01 21:44:32.054+02:00 WARN  c.m.a.a.i.c.ConfigurationBuilder - "Sampling overrides" is no longer in preview and it has been GA since 3.5.0 GA,
2025-12-01 21:44:34.214+02:00 INFO  c.m.applicationinsights.agent - Application Insights Java Agent 3.7.5 started successfully (PID 53400, JVM running for 4.581 s)
2025-12-01 21:44:34.216+02:00 INFO  c.m.applicationinsights.agent - Java version: 24.0.2, vendor: Oracle Corporation, home: C:\Users\SuperD\.jdks\openjdk-24.0.2
2025-12-01 21:45:34.123+02:00 WARN  c.m.a.a.i.c.ConfigurationBuilder - "Sampling overrides" is no longer in preview and it has been GA since 3.5.0 GA,
2025-12-01 21:45:36.367+02:00 INFO  c.m.applicationinsights.agent - Application Insights Java Agent 3.7.5 started successfully (PID 51524, JVM running for 4.898 s)
2025-12-01 21:45:36.372+02:00 INFO  c.m.applicationinsights.agent - Java version: 24.0.2, vendor: Oracle Corporation, home: C:\Users\SuperD\.jdks\openjdk-24.0.2
2025-12-01 21:46:33.275+02:00 WARN  c.m.a.a.i.c.ConfigurationBuilder - "Sampling overrides" is no longer in preview and it has been GA since 3.5.0 GA,
2025-12-01 21:46:35.398+02:00 INFO  c.m.applicationinsights.agent - Application Insights Java Agent 3.7.5 started successfully (PID 53004, JVM running for 5.03 s)
2025-12-01 21:46:35.398+02:00 INFO  c.m.applicationinsights.agent - Java version: 24.0.2, vendor: Oracle Corporation, home: C:\Users\SuperD\.jdks\openjdk-24.0.2
2025-12-01 21:47:44.090+02:00 ERROR c.a.c.h.netty.NettyAsyncHttpClient - io.netty.channel.ConnectTimeoutException: connection timed out after 10000 ms: /169.254.169.254:80
2025-12-01 22:04:38.645+02:00 WARN  c.m.a.a.i.c.ConfigurationBuilder - "Sampling overrides" is no longer in preview and it has been GA since 3.5.0 GA,
2025-12-01 22:04:40.650+02:00 INFO  c.m.applicationinsights.agent - Application Insights Java Agent 3.7.5 started successfully (PID 56268, JVM running for 4.581 s)
2025-12-01 22:04:40.651+02:00 INFO  c.m.applicationinsights.agent - Java version: 24.0.2, vendor: Oracle Corporation, home: C:\Users\SuperD\.jdks\openjdk-24.0.2
2025-12-01 22:07:51.185+02:00 WARN  c.m.a.a.i.c.ConfigurationBuilder - "Sampling overrides" is no longer in preview and it has been GA since 3.5.0 GA,
2025-12-01 22:07:53.468+02:00 INFO  c.m.applicationinsights.agent - Application Insights Java Agent 3.7.5 started successfully (PID 54052, JVM running for 5.215 s)
2025-12-01 22:07:53.469+02:00 INFO  c.m.applicationinsights.agent - Java version: 24.0.2, vendor: Oracle Corporation, home: C:\Users\SuperD\.jdks\openjdk-24.0.2
2025-12-01 22:09:02.013+02:00 ERROR c.a.c.h.netty.NettyAsyncHttpClient - io.netty.channel.ConnectTimeoutException: connection timed out after 10000 ms: /169.254.169.254:80
2025-12-01 22:09:05.781+02:00 WARN  c.m.a.a.i.c.ConfigurationBuilder - "Sampling overrides" is no longer in preview and it has been GA since 3.5.0 GA,
2025-12-01 22:09:07.753+02:00 INFO  c.m.applicationinsights.agent - Application Insights Java Agent 3.7.5 started successfully (PID 49364, JVM running for 4.425 s)
2025-12-01 22:09:07.753+02:00 INFO  c.m.applicationinsights.agent - Java version: 24.0.2, vendor: Oracle Corporation, home: C:\Users\SuperD\.jdks\openjdk-24.0.2
2025-12-01 22:13:06.607+02:00 WARN  c.m.a.a.i.c.ConfigurationBuilder - "Sampling overrides" is no longer in preview and it has been GA since 3.5.0 GA,
2025-12-01 22:13:08.870+02:00 INFO  c.m.applicationinsights.agent - Application Insights Java Agent 3.7.5 started successfully (PID 14404, JVM running for 4.848 s)
2025-12-01 22:13:08.872+02:00 INFO  c.m.applicationinsights.agent - Java version: 24.0.2, vendor: Oracle Corporation, home: C:\Users\SuperD\.jdks\openjdk-24.0.2
2025-12-01 22:14:17.456+02:00 ERROR c.a.c.h.netty.NettyAsyncHttpClient - io.netty.channel.ConnectTimeoutException: connection timed out after 10000 ms: /169.254.169.254:80
2025-12-02 09:32:15.882+02:00 WARN  c.a.m.o.a.i.q.QuickPulsePingSender - Pinging live metrics endpoint: Connection prematurely closed BEFORE response (future warnings will be aggregated and logged once every 5 minutes)
reactor.netty.http.client.PrematureCloseException: Connection prematurely closed BEFORE response
Caused by: java.io.IOException: An established connection was aborted by the software in your host machine
2025-12-02 17:01:23.226+02:00 WARN  c.m.a.a.i.c.ConfigurationBuilder - "Sampling overrides" is no longer in preview and it has been GA since 3.5.0 GA,
2025-12-02 17:01:25.502+02:00 INFO  c.m.applicationinsights.agent - Application Insights Java Agent 3.7.5 started successfully (PID 26236, JVM running for 15.255 s)
2025-12-02 17:01:25.505+02:00 INFO  c.m.applicationinsights.agent - Java version: 24.0.2, vendor: Oracle Corporation, home: C:\Users\SuperD\.jdks\openjdk-24.0.2
2025-12-02 17:02:34.150+02:00 ERROR c.a.c.h.netty.NettyAsyncHttpClient - io.netty.channel.ConnectTimeoutException: connection timed out after 10000 ms: /169.254.169.254:80
2025-12-02 17:40:43.896+02:00 WARN  c.m.a.a.i.c.ConfigurationBuilder - "Sampling overrides" is no longer in preview and it has been GA since 3.5.0 GA,
2025-12-02 17:40:46.264+02:00 INFO  c.m.applicationinsights.agent - Application Insights Java Agent 3.7.5 started successfully (PID 39600, JVM running for 5.509 s)
2025-12-02 17:40:46.269+02:00 INFO  c.m.applicationinsights.agent - Java version: 24.0.2, vendor: Oracle Corporation, home: C:\Users\SuperD\.jdks\openjdk-24.0.2
2025-12-02 17:41:54.846+02:00 ERROR c.a.c.h.netty.NettyAsyncHttpClient - io.netty.channel.ConnectTimeoutException: connection timed out after 10000 ms: /169.254.169.254:80
2025-12-02 17:53:44.090+02:00 WARN  c.m.a.a.i.c.ConfigurationBuilder - "Sampling overrides" is no longer in preview and it has been GA since 3.5.0 GA,
2025-12-02 17:53:46.304+02:00 INFO  c.m.applicationinsights.agent - Application Insights Java Agent 3.7.5 started successfully (PID 36100, JVM running for 4.953 s)
2025-12-02 17:53:46.306+02:00 INFO  c.m.applicationinsights.agent - Java version: 24.0.2, vendor: Oracle Corporation, home: C:\Users\SuperD\.jdks\openjdk-24.0.2
2025-12-02 17:54:54.908+02:00 ERROR c.a.c.h.netty.NettyAsyncHttpClient - io.netty.channel.ConnectTimeoutException: connection timed out after 10000 ms: /169.254.169.254:80
2025-12-02 17:56:13.129+02:00 WARN  c.m.a.a.i.c.ConfigurationBuilder - "Sampling overrides" is no longer in preview and it has been GA since 3.5.0 GA,
2025-12-02 17:56:15.283+02:00 INFO  c.m.applicationinsights.agent - Application Insights Java Agent 3.7.5 started successfully (PID 39112, JVM running for 4.964 s)
2025-12-02 17:56:15.284+02:00 INFO  c.m.applicationinsights.agent - Java version: 24.0.2, vendor: Oracle Corporation, home: C:\Users\SuperD\.jdks\openjdk-24.0.2
2025-12-02 17:57:23.954+02:00 ERROR c.a.c.h.netty.NettyAsyncHttpClient - io.netty.channel.ConnectTimeoutException: connection timed out after 10000 ms: /169.254.169.254:80
2025-12-02 19:46:00.442+02:00 WARN  c.a.m.o.a.i.q.QuickPulsePingSender - Pinging live metrics endpoint: Connection prematurely closed BEFORE response (future warnings will be aggregated and logged once every 5 minutes)
reactor.netty.http.client.PrematureCloseException: Connection prematurely closed BEFORE response
Caused by: java.io.IOException: An established connection was aborted by the software in your host machine
2025-12-02 22:04:16.609+02:00 WARN  c.m.a.a.i.c.ConfigurationBuilder - "Sampling overrides" is no longer in preview and it has been GA since 3.5.0 GA,
2025-12-02 22:04:18.968+02:00 INFO  c.m.applicationinsights.agent - Application Insights Java Agent 3.7.5 started successfully (PID 27240, JVM running for 8.623 s)
2025-12-02 22:04:18.973+02:00 INFO  c.m.applicationinsights.agent - Java version: 24.0.2, vendor: Oracle Corporation, home: C:\Users\SuperD\.jdks\openjdk-24.0.2
2025-12-02 22:04:53.865+02:00 WARN  c.a.m.o.a.i.q.QuickPulsePingSender - Pinging live metrics endpoint: Connection prematurely closed BEFORE response (future warnings will be aggregated and logged once every 5 minutes)
reactor.netty.http.client.PrematureCloseException: Connection prematurely closed BEFORE response
Caused by: java.io.IOException: An established connection was aborted by the software in your host machine
2025-12-02 22:19:40.565+02:00 WARN  c.m.a.a.i.c.ConfigurationBuilder - "Sampling overrides" is no longer in preview and it has been GA since 3.5.0 GA,
2025-12-02 22:19:42.873+02:00 INFO  c.m.applicationinsights.agent - Application Insights Java Agent 3.7.5 started successfully (PID 52540, JVM running for 17.417 s)
2025-12-02 22:19:42.876+02:00 INFO  c.m.applicationinsights.agent - Java version: 24.0.2, vendor: Oracle Corporation, home: C:\Users\SuperD\.jdks\openjdk-24.0.2
2025-12-02 22:39:16.549+02:00 WARN  c.m.a.a.i.c.ConfigurationBuilder - "Sampling overrides" is no longer in preview and it has been GA since 3.5.0 GA,
2025-12-02 22:39:18.926+02:00 INFO  c.m.applicationinsights.agent - Application Insights Java Agent 3.7.5 started successfully (PID 14912, JVM running for 6.123 s)
2025-12-02 22:39:18.930+02:00 INFO  c.m.applicationinsights.agent - Java version: 24.0.2, vendor: Oracle Corporation, home: C:\Users\SuperD\.jdks\openjdk-24.0.2
2025-12-02 22:42:24.319+02:00 WARN  c.m.a.a.i.c.ConfigurationBuilder - "Sampling overrides" is no longer in preview and it has been GA since 3.5.0 GA,
2025-12-02 22:42:26.537+02:00 INFO  c.m.applicationinsights.agent - Application Insights Java Agent 3.7.5 started successfully (PID 48720, JVM running for 4.953 s)
2025-12-02 22:42:26.538+02:00 INFO  c.m.applicationinsights.agent - Java version: 24.0.2, vendor: Oracle Corporation, home: C:\Users\SuperD\.jdks\openjdk-24.0.2
2025-12-02 23:10:53.317+02:00 WARN  c.m.a.a.i.c.ConfigurationBuilder - "Sampling overrides" is no longer in preview and it has been GA since 3.5.0 GA,
2025-12-02 23:10:55.753+02:00 INFO  c.m.applicationinsights.agent - Application Insights Java Agent 3.7.5 started successfully (PID 19624, JVM running for 6.817 s)
2025-12-02 23:10:55.757+02:00 INFO  c.m.applicationinsights.agent - Java version: 24.0.2, vendor: Oracle Corporation, home: C:\Users\SuperD\.jdks\openjdk-24.0.2
2025-12-02 23:12:06.322+02:00 WARN  c.m.a.a.i.c.ConfigurationBuilder - "Sampling overrides" is no longer in preview and it has been GA since 3.5.0 GA,
2025-12-02 23:12:08.478+02:00 INFO  c.m.applicationinsights.agent - Application Insights Java Agent 3.7.5 started successfully (PID 42968, JVM running for 4.829 s)
2025-12-02 23:12:08.479+02:00 INFO  c.m.applicationinsights.agent - Java version: 24.0.2, vendor: Oracle Corporation, home: C:\Users\SuperD\.jdks\openjdk-24.0.2
2025-12-02 23:15:21.501+02:00 WARN  c.m.a.a.i.c.ConfigurationBuilder - "Sampling overrides" is no longer in preview and it has been GA since 3.5.0 GA,
2025-12-02 23:15:23.834+02:00 INFO  c.m.applicationinsights.agent - Application Insights Java Agent 3.7.5 started successfully (PID 44716, JVM running for 4.989 s)
2025-12-02 23:15:23.836+02:00 INFO  c.m.applicationinsights.agent - Java version: 24.0.2, vendor: Oracle Corporation, home: C:\Users\SuperD\.jdks\openjdk-24.0.2
2025-12-02 23:16:22.393+02:00 ERROR c.a.c.h.netty.NettyAsyncHttpClient - io.netty.channel.AbstractChannel$AnnotatedSocketException: Network is unreachable: getsockopt: /169.254.169.254:80
2025-12-02 23:17:49.977+02:00 WARN  c.m.a.a.i.c.ConfigurationBuilder - "Sampling overrides" is no longer in preview and it has been GA since 3.5.0 GA,
2025-12-02 23:17:52.298+02:00 INFO  c.m.applicationinsights.agent - Application Insights Java Agent 3.7.5 started successfully (PID 58732, JVM running for 5.669 s)
2025-12-02 23:17:52.299+02:00 INFO  c.m.applicationinsights.agent - Java version: 24.0.2, vendor: Oracle Corporation, home: C:\Users\SuperD\.jdks\openjdk-24.0.2
2025-12-02 23:18:50.816+02:00 ERROR c.a.c.h.netty.NettyAsyncHttpClient - io.netty.channel.AbstractChannel$AnnotatedSocketException: Network is unreachable: getsockopt: /169.254.169.254:80
2025-12-02 23:24:56.398+02:00 WARN  c.m.a.a.i.c.ConfigurationBuilder - "Sampling overrides" is no longer in preview and it has been GA since 3.5.0 GA,
2025-12-02 23:24:58.683+02:00 INFO  c.m.applicationinsights.agent - Application Insights Java Agent 3.7.5 started successfully (PID 63628, JVM running for 5.13 s)
2025-12-02 23:24:58.689+02:00 INFO  c.m.applicationinsights.agent - Java version: 24.0.2, vendor: Oracle Corporation, home: C:\Users\SuperD\.jdks\openjdk-24.0.2
2025-12-02 23:25:57.276+02:00 ERROR c.a.c.h.netty.NettyAsyncHttpClient - io.netty.channel.AbstractChannel$AnnotatedSocketException: Network is unreachable: getsockopt: /169.254.169.254:80
2025-12-02 23:54:23.958+02:00 WARN  c.a.m.o.a.i.q.QuickPulsePingSender - Pinging live metrics endpoint: Connection reset (future warnings will be aggregated and logged once every 5 minutes)
java.net.SocketException: Connection reset
	at java.base/sun.nio.ch.SocketChannelImpl.throwConnectionReset(SocketChannelImpl.java:399)
	at java.base/sun.nio.ch.SocketChannelImpl.implRead(SocketChannelImpl.java:431)
	at java.base/sun.nio.ch.SocketChannelImpl.read(SocketChannelImpl.java:489)
	at io.netty.buffer.AdaptivePoolingAllocator$AdaptiveByteBuf.setBytes(AdaptivePoolingAllocator.java:1816)
	at io.netty.buffer.AbstractByteBuf.writeBytes(AbstractByteBuf.java:1139)
	at io.netty.channel.socket.nio.NioSocketChannel.doReadBytes(NioSocketChannel.java:350)
	at io.netty.channel.nio.AbstractNioByteChannel$NioByteUnsafe.read(AbstractNioByteChannel.java:152)
	at io.netty.channel.nio.AbstractNioChannel$AbstractNioUnsafe.handle(AbstractNioChannel.java:445)
	at io.netty.channel.nio.NioIoHandler$DefaultNioRegistration.handle(NioIoHandler.java:381)
	at io.netty.channel.nio.NioIoHandler.processSelectedKey(NioIoHandler.java:575)
	at io.netty.channel.nio.NioIoHandler.processSelectedKeysOptimized(NioIoHandler.java:550)
	at io.netty.channel.nio.NioIoHandler.processSelectedKeys(NioIoHandler.java:491)
	at io.netty.channel.nio.NioIoHandler.run(NioIoHandler.java:468)
	at io.netty.channel.SingleThreadIoEventLoop.runIo(SingleThreadIoEventLoop.java:207)
	at io.netty.channel.SingleThreadIoEventLoop.run(SingleThreadIoEventLoop.java:178)
	at io.netty.util.concurrent.SingleThreadEventExecutor$5.run(SingleThreadEventExecutor.java:1073)
	at io.netty.util.internal.ThreadExecutorMap$2.run(ThreadExecutorMap.java:74)
	at io.netty.util.concurrent.FastThreadLocalRunnable.run(FastThreadLocalRunnable.java:30)
	at java.base/java.lang.Thread.run(Thread.java:1447)
2025-12-02 23:54:54.395+02:00 WARN  c.a.m.o.a.i.p.TelemetryPipeline - Sending telemetry to the ingestion service (retry from disk): Connection reset (https://westeurope-5.in.applicationinsights.azure.com/v2.1/track) (will be retried again) (future warnings will be aggregated and logged once every 5 minutes)
java.net.SocketException: Connection reset
	at java.base/sun.nio.ch.SocketChannelImpl.throwConnectionReset(SocketChannelImpl.java:399)
	at java.base/sun.nio.ch.SocketChannelImpl.implRead(SocketChannelImpl.java:431)
	at java.base/sun.nio.ch.SocketChannelImpl.read(SocketChannelImpl.java:489)
	at io.netty.buffer.AdaptivePoolingAllocator$AdaptiveByteBuf.setBytes(AdaptivePoolingAllocator.java:1816)
	at io.netty.buffer.AbstractByteBuf.writeBytes(AbstractByteBuf.java:1139)
	at io.netty.channel.socket.nio.NioSocketChannel.doReadBytes(NioSocketChannel.java:350)
	at io.netty.channel.nio.AbstractNioByteChannel$NioByteUnsafe.read(AbstractNioByteChannel.java:152)
	at io.netty.channel.nio.AbstractNioChannel$AbstractNioUnsafe.handle(AbstractNioChannel.java:445)
	at io.netty.channel.nio.NioIoHandler$DefaultNioRegistration.handle(NioIoHandler.java:381)
	at io.netty.channel.nio.NioIoHandler.processSelectedKey(NioIoHandler.java:575)
	at io.netty.channel.nio.NioIoHandler.processSelectedKeysOptimized(NioIoHandler.java:550)
	at io.netty.channel.nio.NioIoHandler.processSelectedKeys(NioIoHandler.java:491)
	at io.netty.channel.nio.NioIoHandler.run(NioIoHandler.java:468)
	at io.netty.channel.SingleThreadIoEventLoop.runIo(SingleThreadIoEventLoop.java:207)
	at io.netty.channel.SingleThreadIoEventLoop.run(SingleThreadIoEventLoop.java:178)
	at io.netty.util.concurrent.SingleThreadEventExecutor$5.run(SingleThreadEventExecutor.java:1073)
	at io.netty.util.internal.ThreadExecutorMap$2.run(ThreadExecutorMap.java:74)
	at io.netty.util.concurrent.FastThreadLocalRunnable.run(FastThreadLocalRunnable.java:30)
	at java.base/java.lang.Thread.run(Thread.java:1447)
2025-12-03 07:21:58.558+02:00 WARN  c.m.a.a.i.c.ConfigurationBuilder - "Sampling overrides" is no longer in preview and it has been GA since 3.5.0 GA,
2025-12-03 07:21:59.964+02:00 INFO  c.m.applicationinsights.agent - Application Insights Java Agent 3.7.5 started successfully (PID 37280, JVM running for 4.51 s)
2025-12-03 07:21:59.969+02:00 INFO  c.m.applicationinsights.agent - Java version: 24.0.2, vendor: Oracle Corporation, home: C:\Users\SuperD\.jdks\openjdk-24.0.2
2025-12-03 07:22:59.137+02:00 ERROR c.a.c.h.netty.NettyAsyncHttpClient - io.netty.channel.AbstractChannel$AnnotatedSocketException: Network is unreachable: getsockopt: /169.254.169.254:80
2025-12-03 07:23:39.780+02:00 WARN  c.m.a.a.i.c.ConfigurationBuilder - "Sampling overrides" is no longer in preview and it has been GA since 3.5.0 GA,
2025-12-03 07:23:40.985+02:00 INFO  c.m.applicationinsights.agent - Application Insights Java Agent 3.7.5 started successfully (PID 11308, JVM running for 2.69 s)
2025-12-03 07:23:40.986+02:00 INFO  c.m.applicationinsights.agent - Java version: 24.0.2, vendor: Oracle Corporation, home: C:\Users\SuperD\.jdks\openjdk-24.0.2
2025-12-03 07:24:40.230+02:00 ERROR c.a.c.h.netty.NettyAsyncHttpClient - io.netty.channel.AbstractChannel$AnnotatedSocketException: Network is unreachable: getsockopt: /169.254.169.254:80
2025-12-03 07:59:02.542+02:00 WARN  c.m.a.a.i.c.ConfigurationBuilder - "Sampling overrides" is no longer in preview and it has been GA since 3.5.0 GA,
2025-12-03 07:59:05.391+02:00 INFO  c.m.applicationinsights.agent - Application Insights Java Agent 3.7.5 started successfully (PID 67980, JVM running for 6.859 s)
2025-12-03 07:59:05.394+02:00 INFO  c.m.applicationinsights.agent - Java version: 24.0.2, vendor: Oracle Corporation, home: C:\Users\SuperD\.jdks\openjdk-24.0.2
2025-12-03 08:01:25.712+02:00 WARN  c.m.a.a.i.c.ConfigurationBuilder - "Sampling overrides" is no longer in preview and it has been GA since 3.5.0 GA,
2025-12-03 08:01:28.926+02:00 INFO  c.m.applicationinsights.agent - Application Insights Java Agent 3.7.5 started successfully (PID 27316, JVM running for 6.898 s)
2025-12-03 08:01:28.928+02:00 INFO  c.m.applicationinsights.agent - Java version: 24.0.2, vendor: Oracle Corporation, home: C:\Users\SuperD\.jdks\openjdk-24.0.2
2025-12-03 08:02:45.410+02:00 WARN  c.m.a.a.i.c.ConfigurationBuilder - "Sampling overrides" is no longer in preview and it has been GA since 3.5.0 GA,
2025-12-03 08:02:48.284+02:00 INFO  c.m.applicationinsights.agent - Application Insights Java Agent 3.7.5 started successfully (PID 49836, JVM running for 6.498 s)
2025-12-03 08:02:48.285+02:00 INFO  c.m.applicationinsights.agent - Java version: 24.0.2, vendor: Oracle Corporation, home: C:\Users\SuperD\.jdks\openjdk-24.0.2
2025-12-03 08:03:41.772+02:00 WARN  c.m.a.a.i.c.ConfigurationBuilder - "Sampling overrides" is no longer in preview and it has been GA since 3.5.0 GA,
2025-12-03 08:03:44.039+02:00 INFO  c.m.applicationinsights.agent - Application Insights Java Agent 3.7.5 started successfully (PID 68572, JVM running for 5.497 s)
2025-12-03 08:03:44.039+02:00 INFO  c.m.applicationinsights.agent - Java version: 24.0.2, vendor: Oracle Corporation, home: C:\Users\SuperD\.jdks\openjdk-24.0.2
2025-12-03 08:04:42.614+02:00 ERROR c.a.c.h.netty.NettyAsyncHttpClient - io.netty.channel.AbstractChannel$AnnotatedSocketException: Network is unreachable: getsockopt: /169.254.169.254:80
2025-12-03 08:05:40.973+02:00 WARN  c.m.a.a.i.c.ConfigurationBuilder - "Sampling overrides" is no longer in preview and it has been GA since 3.5.0 GA,
2025-12-03 08:05:49.005+02:00 INFO  c.m.applicationinsights.agent - Application Insights Java Agent 3.7.5 started successfully (PID 67512, JVM running for 12.703 s)
2025-12-03 08:05:49.007+02:00 INFO  c.m.applicationinsights.agent - Java version: 24.0.2, vendor: Oracle Corporation, home: C:\Users\SuperD\.jdks\openjdk-24.0.2
2025-12-03 08:06:49.671+02:00 WARN  c.m.a.a.i.c.ConfigurationBuilder - "Sampling overrides" is no longer in preview and it has been GA since 3.5.0 GA,
2025-12-03 08:06:52.721+02:00 INFO  c.m.applicationinsights.agent - Application Insights Java Agent 3.7.5 started successfully (PID 52360, JVM running for 6.88 s)
2025-12-03 08:06:52.723+02:00 INFO  c.m.applicationinsights.agent - Java version: 24.0.2, vendor: Oracle Corporation, home: C:\Users\SuperD\.jdks\openjdk-24.0.2
2025-12-03 08:07:50.778+02:00 ERROR c.a.c.h.netty.NettyAsyncHttpClient - io.netty.channel.AbstractChannel$AnnotatedSocketException: Network is unreachable: getsockopt: /169.254.169.254:80
2025-12-03 08:37:31.114+02:00 WARN  c.m.a.a.i.c.ConfigurationBuilder - "Sampling overrides" is no longer in preview and it has been GA since 3.5.0 GA,
2025-12-03 08:37:34.351+02:00 INFO  c.m.applicationinsights.agent - Application Insights Java Agent 3.7.5 started successfully (PID 67576, JVM running for 7.583 s)
2025-12-03 08:37:34.353+02:00 INFO  c.m.applicationinsights.agent - Java version: 24.0.2, vendor: Oracle Corporation, home: C:\Users\SuperD\.jdks\openjdk-24.0.2
2025-12-03 08:38:32.377+02:00 ERROR c.a.c.h.netty.NettyAsyncHttpClient - io.netty.channel.AbstractChannel$AnnotatedSocketException: Network is unreachable: getsockopt: /169.254.169.254:80
2025-12-03 08:41:05.928+02:00 WARN  c.m.a.a.i.c.ConfigurationBuilder - "Sampling overrides" is no longer in preview and it has been GA since 3.5.0 GA,
2025-12-03 08:41:08.523+02:00 INFO  c.m.applicationinsights.agent - Application Insights Java Agent 3.7.5 started successfully (PID 67612, JVM running for 5.871 s)
2025-12-03 08:41:08.526+02:00 INFO  c.m.applicationinsights.agent - Java version: 24.0.2, vendor: Oracle Corporation, home: C:\Users\SuperD\.jdks\openjdk-24.0.2
2025-12-03 08:42:11.021+02:00 ERROR c.a.c.h.netty.NettyAsyncHttpClient - io.netty.channel.AbstractChannel$AnnotatedSocketException: Network is unreachable: getsockopt: /169.254.169.254:80
2025-12-03 10:29:35.906+02:00 WARN  c.m.a.a.i.c.ConfigurationBuilder - "Sampling overrides" is no longer in preview and it has been GA since 3.5.0 GA,
2025-12-03 10:29:38.986+02:00 INFO  c.m.applicationinsights.agent - Application Insights Java Agent 3.7.5 started successfully (PID 72024, JVM running for 7.145 s)
2025-12-03 10:29:38.989+02:00 INFO  c.m.applicationinsights.agent - Java version: 24.0.2, vendor: Oracle Corporation, home: C:\Users\SuperD\.jdks\openjdk-24.0.2
2025-12-03 10:30:37.377+02:00 ERROR c.a.c.h.netty.NettyAsyncHttpClient - io.netty.channel.AbstractChannel$AnnotatedSocketException: Network is unreachable: getsockopt: /169.254.169.254:80
2025-12-03 10:44:33.418+02:00 WARN  c.m.a.a.i.c.ConfigurationBuilder - "Sampling overrides" is no longer in preview and it has been GA since 3.5.0 GA,
2025-12-03 10:44:37.175+02:00 INFO  c.m.applicationinsights.agent - Application Insights Java Agent 3.7.5 started successfully (PID 74148, JVM running for 9.133 s)
2025-12-03 10:44:37.178+02:00 INFO  c.m.applicationinsights.agent - Java version: 24.0.2, vendor: Oracle Corporation, home: C:\Users\SuperD\.jdks\openjdk-24.0.2
2025-12-03 10:45:34.910+02:00 ERROR c.a.c.h.netty.NettyAsyncHttpClient - io.netty.channel.AbstractChannel$AnnotatedSocketException: Network is unreachable: getsockopt: /169.254.169.254:80
2025-12-03 10:50:59.022+02:00 WARN  c.m.a.a.i.c.ConfigurationBuilder - "Sampling overrides" is no longer in preview and it has been GA since 3.5.0 GA,
2025-12-03 10:51:01.801+02:00 INFO  c.m.applicationinsights.agent - Application Insights Java Agent 3.7.5 started successfully (PID 61160, JVM running for 6.28 s)
2025-12-03 10:51:01.804+02:00 INFO  c.m.applicationinsights.agent - Java version: 24.0.2, vendor: Oracle Corporation, home: C:\Users\SuperD\.jdks\openjdk-24.0.2
2025-12-03 10:52:00.132+02:00 ERROR c.a.c.h.netty.NettyAsyncHttpClient - io.netty.channel.AbstractChannel$AnnotatedSocketException: Network is unreachable: getsockopt: /169.254.169.254:80
2025-12-03 10:54:48.977+02:00 WARN  c.m.a.a.i.c.ConfigurationBuilder - "Sampling overrides" is no longer in preview and it has been GA since 3.5.0 GA,
2025-12-03 10:54:51.811+02:00 INFO  c.m.applicationinsights.agent - Application Insights Java Agent 3.7.5 started successfully (PID 45484, JVM running for 6.462 s)
2025-12-03 10:54:51.814+02:00 INFO  c.m.applicationinsights.agent - Java version: 24.0.2, vendor: Oracle Corporation, home: C:\Users\SuperD\.jdks\openjdk-24.0.2
2025-12-03 10:55:50.073+02:00 ERROR c.a.c.h.netty.NettyAsyncHttpClient - io.netty.channel.AbstractChannel$AnnotatedSocketException: Network is unreachable: getsockopt: /169.254.169.254:80
2025-12-03 12:11:53.951+02:00 WARN  c.m.a.a.i.c.ConfigurationBuilder - "Sampling overrides" is no longer in preview and it has been GA since 3.5.0 GA,
2025-12-03 12:11:56.324+02:00 INFO  c.m.applicationinsights.agent - Application Insights Java Agent 3.7.5 started successfully (PID 22980, JVM running for 9.487 s)
2025-12-03 12:11:56.327+02:00 INFO  c.m.applicationinsights.agent - Java version: 24.0.2, vendor: Oracle Corporation, home: C:\Users\SuperD\.jdks\openjdk-24.0.2
2025-12-03 12:12:59.922+02:00 WARN  c.m.a.a.i.c.ConfigurationBuilder - "Sampling overrides" is no longer in preview and it has been GA since 3.5.0 GA,
2025-12-03 12:13:02.507+02:00 INFO  c.m.applicationinsights.agent - Application Insights Java Agent 3.7.5 started successfully (PID 35708, JVM running for 7.029 s)
2025-12-03 12:13:02.510+02:00 INFO  c.m.applicationinsights.agent - Java version: 24.0.2, vendor: Oracle Corporation, home: C:\Users\SuperD\.jdks\openjdk-24.0.2
2025-12-03 12:14:42.544+02:00 WARN  c.m.a.a.i.c.ConfigurationBuilder - "Sampling overrides" is no longer in preview and it has been GA since 3.5.0 GA,
2025-12-03 12:14:44.934+02:00 INFO  c.m.applicationinsights.agent - Application Insights Java Agent 3.7.5 started successfully (PID 85640, JVM running for 17.531 s)
2025-12-03 12:14:44.936+02:00 INFO  c.m.applicationinsights.agent - Java version: 24.0.2, vendor: Oracle Corporation, home: C:\Users\SuperD\.jdks\openjdk-24.0.2
2025-12-03 12:15:45.498+02:00 ERROR c.a.c.h.netty.NettyAsyncHttpClient - io.netty.channel.AbstractChannel$AnnotatedSocketException: Network is unreachable: getsockopt: /169.254.169.254:80
2025-12-03 14:59:29.162+02:00 WARN  c.m.a.a.i.c.ConfigurationBuilder - "Sampling overrides" is no longer in preview and it has been GA since 3.5.0 GA,
2025-12-03 14:59:31.507+02:00 INFO  c.m.applicationinsights.agent - Application Insights Java Agent 3.7.5 started successfully (PID 22072, JVM running for 15.855 s)
2025-12-03 14:59:31.509+02:00 INFO  c.m.applicationinsights.agent - Java version: 24.0.2, vendor: Oracle Corporation, home: C:\Users\SuperD\.jdks\openjdk-24.0.2
2025-12-03 15:00:30.287+02:00 ERROR c.a.c.h.netty.NettyAsyncHttpClient - io.netty.channel.AbstractChannel$AnnotatedSocketException: Network is unreachable: getsockopt: /169.254.169.254:80
2025-12-03 16:45:55.645+02:00 WARN  c.a.m.o.a.i.q.QuickPulsePingSender - Pinging live metrics endpoint: Connection prematurely closed BEFORE response (future warnings will be aggregated and logged once every 5 minutes)
reactor.netty.http.client.PrematureCloseException: Connection prematurely closed BEFORE response
Caused by: java.io.IOException: An established connection was aborted by the software in your host machine
2025-12-03 16:46:00.659+02:00 ERROR c.a.m.o.a.i.q.QuickPulsePingSender - 
*************************
Failed to connect to https://westeurope.livediagnostics.monitor.azure.com/
*************************

Description:
Unable to resolve host in url

Action:
Please update your network configuration so that the host in this url can be resolved: https://westeurope.livediagnostics.monitor.azure.com/
Learn more about troubleshooting unknown host exception here: https://go.microsoft.com/fwlink/?linkid=2185830

Note:
This message is only logged the first time it occurs after startup.

2025-12-03 16:46:03.963+02:00 WARN  c.a.m.o.a.i.p.TelemetryPipeline - Sending telemetry to the ingestion service (retry from disk): Connection reset (https://westeurope-5.in.applicationinsights.azure.com/v2.1/track) (will be retried again) (future warnings will be aggregated and logged once every 5 minutes)
java.net.SocketException: Connection reset
	at java.base/sun.nio.ch.SocketChannelImpl.throwConnectionReset(SocketChannelImpl.java:399)
	at java.base/sun.nio.ch.SocketChannelImpl.implRead(SocketChannelImpl.java:431)
	at java.base/sun.nio.ch.SocketChannelImpl.read(SocketChannelImpl.java:489)
	at io.netty.buffer.AdaptivePoolingAllocator$AdaptiveByteBuf.setBytes(AdaptivePoolingAllocator.java:1816)
	at io.netty.buffer.AbstractByteBuf.writeBytes(AbstractByteBuf.java:1139)
	at io.netty.channel.socket.nio.NioSocketChannel.doReadBytes(NioSocketChannel.java:350)
	at io.netty.channel.nio.AbstractNioByteChannel$NioByteUnsafe.read(AbstractNioByteChannel.java:152)
	at io.netty.channel.nio.AbstractNioChannel$AbstractNioUnsafe.handle(AbstractNioChannel.java:445)
	at io.netty.channel.nio.NioIoHandler$DefaultNioRegistration.handle(NioIoHandler.java:381)
	at io.netty.channel.nio.NioIoHandler.processSelectedKey(NioIoHandler.java:575)
	at io.netty.channel.nio.NioIoHandler.processSelectedKeysOptimized(NioIoHandler.java:550)
	at io.netty.channel.nio.NioIoHandler.processSelectedKeys(NioIoHandler.java:491)
	at io.netty.channel.nio.NioIoHandler.run(NioIoHandler.java:468)
	at io.netty.channel.SingleThreadIoEventLoop.runIo(SingleThreadIoEventLoop.java:207)
	at io.netty.channel.SingleThreadIoEventLoop.run(SingleThreadIoEventLoop.java:178)
	at io.netty.util.concurrent.SingleThreadEventExecutor$5.run(SingleThreadEventExecutor.java:1073)
	at io.netty.util.internal.ThreadExecutorMap$2.run(ThreadExecutorMap.java:74)
	at io.netty.util.concurrent.FastThreadLocalRunnable.run(FastThreadLocalRunnable.java:30)
	at java.base/java.lang.Thread.run(Thread.java:1447)
2025-12-03 20:23:41.095+02:00 WARN  c.a.m.o.a.i.q.QuickPulsePingSender - In the last 5 minutes, the following operation has failed 1 times (out of 55): Pinging live metrics endpoint:
 * Connection prematurely closed BEFORE response (1 times)
2025-12-03 20:23:46.270+02:00 WARN  c.a.m.o.a.i.p.TelemetryPipeline - In the last 5 minutes, the following operation has failed 1 times (out of 3): Sending telemetry to the ingestion service (retry from disk):
 * Connection reset (https://westeurope-5.in.applicationinsights.azure.com/v2.1/track) (will be retried again) (1 times)
2025-12-04 08:28:24.075+02:00 WARN  c.a.m.o.a.i.q.QuickPulsePingSender - In the last 5 minutes, the following operation has failed 1 times (out of 47): Pinging live metrics endpoint:
 * Connection prematurely closed BEFORE response (1 times)
2025-12-04 08:41:47.203+02:00 WARN  c.m.a.a.i.c.ConfigurationBuilder - "Sampling overrides" is no longer in preview and it has been GA since 3.5.0 GA,
2025-12-04 08:41:49.841+02:00 INFO  c.m.applicationinsights.agent - Application Insights Java Agent 3.7.5 started successfully (PID 39280, JVM running for 12.102 s)
2025-12-04 08:41:49.845+02:00 INFO  c.m.applicationinsights.agent - Java version: 24.0.2, vendor: Oracle Corporation, home: C:\Users\SuperD\.jdks\openjdk-24.0.2
2025-12-04 08:42:48.130+02:00 ERROR c.a.c.h.netty.NettyAsyncHttpClient - io.netty.channel.AbstractChannel$AnnotatedSocketException: Network is unreachable: getsockopt: /169.254.169.254:80
2025-12-04 10:55:54.068+02:00 WARN  c.m.a.a.i.c.ConfigurationBuilder - "Sampling overrides" is no longer in preview and it has been GA since 3.5.0 GA,
2025-12-04 10:55:56.502+02:00 INFO  c.m.applicationinsights.agent - Application Insights Java Agent 3.7.5 started successfully (PID 74948, JVM running for 8.7 s)
2025-12-04 10:55:56.506+02:00 INFO  c.m.applicationinsights.agent - Java version: 24.0.2, vendor: Oracle Corporation, home: C:\Users\SuperD\.jdks\openjdk-24.0.2
2025-12-04 10:56:55.006+02:00 ERROR c.a.c.h.netty.NettyAsyncHttpClient - io.netty.channel.AbstractChannel$AnnotatedSocketException: Network is unreachable: getsockopt: /169.254.169.254:80
2025-12-04 11:52:11.703+02:00 WARN  c.m.a.a.i.c.ConfigurationBuilder - "Sampling overrides" is no longer in preview and it has been GA since 3.5.0 GA,
2025-12-04 11:52:14.543+02:00 INFO  c.m.applicationinsights.agent - Application Insights Java Agent 3.7.5 started successfully (PID 68340, JVM running for 21.169 s)
2025-12-04 11:52:14.548+02:00 INFO  c.m.applicationinsights.agent - Java version: 24.0.2, vendor: Oracle Corporation, home: C:\Users\SuperD\.jdks\openjdk-24.0.2
2025-12-04 11:53:13.048+02:00 ERROR c.a.c.h.netty.NettyAsyncHttpClient - io.netty.channel.AbstractChannel$AnnotatedSocketException: Network is unreachable: getsockopt: /169.254.169.254:80
2025-12-04 19:01:25.968+02:00 WARN  c.a.m.o.a.i.q.QuickPulsePingSender - Pinging live metrics endpoint: Connection prematurely closed BEFORE response (future warnings will be aggregated and logged once every 5 minutes)
reactor.netty.http.client.PrematureCloseException: Connection prematurely closed BEFORE response
Caused by: java.io.IOException: An established connection was aborted by the software in your host machine
2025-12-04 21:44:14.456+02:00 ERROR c.a.m.o.a.i.q.QuickPulsePingSender - 
*************************
Failed to connect to https://westeurope.livediagnostics.monitor.azure.com/
*************************

Description:
Unable to resolve host in url

Action:
Please update your network configuration so that the host in this url can be resolved: https://westeurope.livediagnostics.monitor.azure.com/
Learn more about troubleshooting unknown host exception here: https://go.microsoft.com/fwlink/?linkid=2185830

Note:
This message is only logged the first time it occurs after startup.

2025-12-04 21:45:26.991+02:00 WARN  c.a.m.o.a.i.q.QuickPulsePingSender - In the last 5 minutes, the following operation has failed 1 times (out of 47): Pinging live metrics endpoint:
 * Connection prematurely closed BEFORE response (1 times)
2025-12-05 08:44:43.684+02:00 WARN  c.a.m.o.a.i.q.QuickPulsePingSender - In the last 5 minutes, the following operation has failed 1 times (out of 47): Pinging live metrics endpoint:
 * Connection prematurely closed BEFORE response (1 times)
2025-12-05 12:52:40.862+02:00 WARN  c.a.m.o.a.i.q.QuickPulsePingSender - In the last 5 minutes, the following operation has failed 1 times (out of 58): Pinging live metrics endpoint:
 * Connection prematurely closed BEFORE response (1 times)
2025-12-05 16:17:01.674+02:00 ERROR c.a.m.o.a.i.p.TelemetryPipeline - 
*************************
Failed to connect to https://westeurope-5.in.applicationinsights.azure.com/v2.1/track
*************************

Description:
Unable to resolve host in url

Action:
Please update your network configuration so that the host in this url can be resolved: https://westeurope-5.in.applicationinsights.azure.com/v2.1/track
Learn more about troubleshooting unknown host exception here: https://go.microsoft.com/fwlink/?linkid=2185830

Note:
This message is only logged the first time it occurs after startup.

2025-12-05 16:17:41.193+02:00 WARN  c.a.m.o.a.i.q.QuickPulsePingSender - In the last 5 minutes, the following operation has failed 1 times (out of 58): Pinging live metrics endpoint:
 * Connection prematurely closed BEFORE response (1 times)
2025-12-05 19:11:13.594+02:00 WARN  c.a.m.o.a.i.q.QuickPulsePingSender - In the last 5 minutes, the following operation has failed 1 times (out of 58): Pinging live metrics endpoint:
 * Connection prematurely closed BEFORE response (1 times)
2025-12-06 00:01:10.525+02:00 WARN  c.a.m.o.a.i.p.TelemetryPipeline - Sending telemetry to the ingestion service (retry from disk): Connection reset (https://westeurope-5.in.applicationinsights.azure.com/v2.1/track) (will be retried again) (future warnings will be aggregated and logged once every 5 minutes)
java.net.SocketException: Connection reset
	at java.base/sun.nio.ch.SocketChannelImpl.throwConnectionReset(SocketChannelImpl.java:399)
	at java.base/sun.nio.ch.SocketChannelImpl.implRead(SocketChannelImpl.java:431)
	at java.base/sun.nio.ch.SocketChannelImpl.read(SocketChannelImpl.java:489)
	at io.netty.buffer.AdaptivePoolingAllocator$AdaptiveByteBuf.setBytes(AdaptivePoolingAllocator.java:1816)
	at io.netty.buffer.AbstractByteBuf.writeBytes(AbstractByteBuf.java:1139)
	at io.netty.channel.socket.nio.NioSocketChannel.doReadBytes(NioSocketChannel.java:350)
	at io.netty.channel.nio.AbstractNioByteChannel$NioByteUnsafe.read(AbstractNioByteChannel.java:152)
	at io.netty.channel.nio.AbstractNioChannel$AbstractNioUnsafe.handle(AbstractNioChannel.java:445)
	at io.netty.channel.nio.NioIoHandler$DefaultNioRegistration.handle(NioIoHandler.java:381)
	at io.netty.channel.nio.NioIoHandler.processSelectedKey(NioIoHandler.java:575)
	at io.netty.channel.nio.NioIoHandler.processSelectedKeysOptimized(NioIoHandler.java:550)
	at io.netty.channel.nio.NioIoHandler.processSelectedKeys(NioIoHandler.java:491)
	at io.netty.channel.nio.NioIoHandler.run(NioIoHandler.java:468)
	at io.netty.channel.SingleThreadIoEventLoop.runIo(SingleThreadIoEventLoop.java:207)
	at io.netty.channel.SingleThreadIoEventLoop.run(SingleThreadIoEventLoop.java:178)
	at io.netty.util.concurrent.SingleThreadEventExecutor$5.run(SingleThreadEventExecutor.java:1073)
	at io.netty.util.internal.ThreadExecutorMap$2.run(ThreadExecutorMap.java:74)
	at io.netty.util.concurrent.FastThreadLocalRunnable.run(FastThreadLocalRunnable.java:30)
	at java.base/java.lang.Thread.run(Thread.java:1447)
2025-12-06 00:01:14.084+02:00 WARN  c.a.m.o.a.i.q.QuickPulsePingSender - In the last 5 minutes, the following operation has failed 1 times (out of 57): Pinging live metrics endpoint:
 * Connection prematurely closed BEFORE response (1 times)
2025-12-06 09:22:06.331+02:00 WARN  c.a.m.o.a.i.q.QuickPulsePingSender - In the last 5 minutes, the following operation has failed 1 times (out of 53): Pinging live metrics endpoint:
 * Connection reset (1 times)
2025-12-06 16:45:31.493+02:00 WARN  c.m.a.a.i.c.ConfigurationBuilder - "Sampling overrides" is no longer in preview and it has been GA since 3.5.0 GA,
2025-12-06 16:45:34.168+02:00 INFO  c.m.applicationinsights.agent - Application Insights Java Agent 3.7.5 started successfully (PID 16328, JVM running for 20.611 s)
2025-12-06 16:45:34.174+02:00 INFO  c.m.applicationinsights.agent - Java version: 24.0.2, vendor: Oracle Corporation, home: C:\Users\SuperD\.jdks\openjdk-24.0.2
2025-12-06 16:46:32.578+02:00 ERROR c.a.c.h.netty.NettyAsyncHttpClient - io.netty.channel.AbstractChannel$AnnotatedSocketException: Network is unreachable: getsockopt: /169.254.169.254:80
2025-12-06 23:31:33.160+02:00 WARN  c.m.a.a.i.c.ConfigurationBuilder - "Sampling overrides" is no longer in preview and it has been GA since 3.5.0 GA,
2025-12-06 23:31:35.704+02:00 INFO  c.m.applicationinsights.agent - Application Insights Java Agent 3.7.5 started successfully (PID 30652, JVM running for 9.722 s)
2025-12-06 23:31:35.709+02:00 INFO  c.m.applicationinsights.agent - Java version: 24.0.2, vendor: Oracle Corporation, home: C:\Users\SuperD\.jdks\openjdk-24.0.2
2025-12-06 23:32:34.117+02:00 ERROR c.a.c.h.netty.NettyAsyncHttpClient - io.netty.channel.AbstractChannel$AnnotatedSocketException: Network is unreachable: getsockopt: /169.254.169.254:80
2025-12-06 23:34:41.357+02:00 WARN  c.m.a.a.i.c.ConfigurationBuilder - "Sampling overrides" is no longer in preview and it has been GA since 3.5.0 GA,
2025-12-06 23:34:43.501+02:00 INFO  c.m.applicationinsights.agent - Application Insights Java Agent 3.7.5 started successfully (PID 12404, JVM running for 4.821 s)
2025-12-06 23:34:43.502+02:00 INFO  c.m.applicationinsights.agent - Java version: 24.0.2, vendor: Oracle Corporation, home: C:\Users\SuperD\.jdks\openjdk-24.0.2
2025-12-06 23:35:42.164+02:00 ERROR c.a.c.h.netty.NettyAsyncHttpClient - io.netty.channel.AbstractChannel$AnnotatedSocketException: Network is unreachable: getsockopt: /169.254.169.254:80
2025-12-06 23:57:20.077+02:00 WARN  c.a.m.o.a.i.q.QuickPulsePingSender - Pinging live metrics endpoint: Connection prematurely closed BEFORE response (future warnings will be aggregated and logged once every 5 minutes)
reactor.netty.http.client.PrematureCloseException: Connection prematurely closed BEFORE response
Caused by: java.io.IOException: An established connection was aborted by the software in your host machine
2025-12-07 08:11:02.551+02:00 ERROR c.a.m.o.a.i.q.QuickPulsePingSender - 
*************************
Failed to connect to https://westeurope.livediagnostics.monitor.azure.com/
*************************

Description:
Unable to resolve host in url

Action:
Please update your network configuration so that the host in this url can be resolved: https://westeurope.livediagnostics.monitor.azure.com/
Learn more about troubleshooting unknown host exception here: https://go.microsoft.com/fwlink/?linkid=2185830

Note:
This message is only logged the first time it occurs after startup.

2025-12-07 08:11:06.125+02:00 ERROR c.a.m.o.a.i.p.TelemetryPipeline - 
*************************
Failed to connect to https://westeurope-5.in.applicationinsights.azure.com/v2.1/track
*************************

Description:
Unable to resolve host in url

Action:
Please update your network configuration so that the host in this url can be resolved: https://westeurope-5.in.applicationinsights.azure.com/v2.1/track
Learn more about troubleshooting unknown host exception here: https://go.microsoft.com/fwlink/?linkid=2185830

Note:
This message is only logged the first time it occurs after startup.

2025-12-08 16:56:09.801+02:00 WARN  c.m.a.a.i.c.ConfigurationBuilder - "Sampling overrides" is no longer in preview and it has been GA since 3.5.0 GA,
2025-12-08 16:56:12.029+02:00 INFO  c.m.applicationinsights.agent - Application Insights Java Agent 3.7.5 started successfully (PID 29280, JVM running for 16.389 s)
2025-12-08 16:56:12.031+02:00 INFO  c.m.applicationinsights.agent - Java version: 24.0.2, vendor: Oracle Corporation, home: C:\Users\SuperD\.jdks\openjdk-24.0.2
2025-12-08 16:57:10.648+02:00 ERROR c.a.c.h.netty.NettyAsyncHttpClient - io.netty.channel.AbstractChannel$AnnotatedSocketException: Network is unreachable: getsockopt: /169.254.169.254:80
2025-12-08 17:22:38.307+02:00 WARN  c.a.m.o.a.i.q.QuickPulsePingSender - Pinging live metrics endpoint: Connection prematurely closed BEFORE response (future warnings will be aggregated and logged once every 5 minutes)
reactor.netty.http.client.PrematureCloseException: Connection prematurely closed BEFORE response
Caused by: java.io.IOException: An established connection was aborted by the software in your host machine
2025-12-08 17:23:10.982+02:00 WARN  c.a.m.o.a.i.p.TelemetryPipeline - Sending telemetry to the ingestion service (retry from disk): Connection reset (https://westeurope-5.in.applicationinsights.azure.com/v2.1/track) (will be retried again) (future warnings will be aggregated and logged once every 5 minutes)
java.net.SocketException: Connection reset
	at java.base/sun.nio.ch.SocketChannelImpl.throwConnectionReset(SocketChannelImpl.java:399)
	at java.base/sun.nio.ch.SocketChannelImpl.implRead(SocketChannelImpl.java:431)
	at java.base/sun.nio.ch.SocketChannelImpl.read(SocketChannelImpl.java:489)
	at io.netty.buffer.AdaptivePoolingAllocator$AdaptiveByteBuf.setBytes(AdaptivePoolingAllocator.java:1816)
	at io.netty.buffer.AbstractByteBuf.writeBytes(AbstractByteBuf.java:1139)
	at io.netty.channel.socket.nio.NioSocketChannel.doReadBytes(NioSocketChannel.java:350)
	at io.netty.channel.nio.AbstractNioByteChannel$NioByteUnsafe.read(AbstractNioByteChannel.java:152)
	at io.netty.channel.nio.AbstractNioChannel$AbstractNioUnsafe.handle(AbstractNioChannel.java:445)
	at io.netty.channel.nio.NioIoHandler$DefaultNioRegistration.handle(NioIoHandler.java:381)
	at io.netty.channel.nio.NioIoHandler.processSelectedKey(NioIoHandler.java:575)
	at io.netty.channel.nio.NioIoHandler.processSelectedKeysOptimized(NioIoHandler.java:550)
	at io.netty.channel.nio.NioIoHandler.processSelectedKeys(NioIoHandler.java:491)
	at io.netty.channel.nio.NioIoHandler.run(NioIoHandler.java:468)
	at io.netty.channel.SingleThreadIoEventLoop.runIo(SingleThreadIoEventLoop.java:207)
	at io.netty.channel.SingleThreadIoEventLoop.run(SingleThreadIoEventLoop.java:178)
	at io.netty.util.concurrent.SingleThreadEventExecutor$5.run(SingleThreadEventExecutor.java:1073)
	at io.netty.util.internal.ThreadExecutorMap$2.run(ThreadExecutorMap.java:74)
	at io.netty.util.concurrent.FastThreadLocalRunnable.run(FastThreadLocalRunnable.java:30)
	at java.base/java.lang.Thread.run(Thread.java:1447)
2025-12-08 17:23:24.858+02:00 WARN  c.m.a.a.i.c.ConfigurationBuilder - "Sampling overrides" is no longer in preview and it has been GA since 3.5.0 GA,
2025-12-08 17:23:26.264+02:00 INFO  c.m.applicationinsights.agent - Application Insights Java Agent 3.7.5 started successfully (PID 29132, JVM running for 3.972 s)
2025-12-08 17:23:26.271+02:00 INFO  c.m.applicationinsights.agent - Java version: 24.0.2, vendor: Oracle Corporation, home: C:\Users\SuperD\.jdks\openjdk-24.0.2
2025-12-08 17:31:56.395+02:00 ERROR c.a.c.h.netty.NettyAsyncHttpClient - io.netty.channel.AbstractChannel$AnnotatedSocketException: Network is unreachable: getsockopt: /169.254.169.254:80
2025-12-08 21:47:59.434+02:00 WARN  c.a.m.o.a.i.q.QuickPulsePingSender - Pinging live metrics endpoint: Connection prematurely closed BEFORE response (future warnings will be aggregated and logged once every 5 minutes)
reactor.netty.http.client.PrematureCloseException: Connection prematurely closed BEFORE response
Caused by: java.io.IOException: An established connection was aborted by the software in your host machine
2025-12-09 08:57:54.207+02:00 ERROR c.a.m.o.a.i.p.TelemetryPipeline - 
*************************
Failed to connect to https://westeurope-5.in.applicationinsights.azure.com/v2.1/track
*************************

Description:
Unable to resolve host in url

Action:
Please update your network configuration so that the host in this url can be resolved: https://westeurope-5.in.applicationinsights.azure.com/v2.1/track
Learn more about troubleshooting unknown host exception here: https://go.microsoft.com/fwlink/?linkid=2185830

Note:
This message is only logged the first time it occurs after startup.

2025-12-09 08:57:55.959+02:00 ERROR c.a.m.o.a.i.q.QuickPulsePingSender - 
*************************
Failed to connect to https://westeurope.livediagnostics.monitor.azure.com/
*************************

Description:
Unable to resolve host in url

Action:
Please update your network configuration so that the host in this url can be resolved: https://westeurope.livediagnostics.monitor.azure.com/
Learn more about troubleshooting unknown host exception here: https://go.microsoft.com/fwlink/?linkid=2185830

Note:
This message is only logged the first time it occurs after startup.

2025-12-09 08:58:56.569+02:00 WARN  c.a.m.o.a.i.q.QuickPulsePingSender - In the last 5 minutes, the following operation has failed 1 times (out of 48): Pinging live metrics endpoint:
 * Connection prematurely closed BEFORE response (1 times)
2025-12-09 18:41:03.368+02:00 WARN  c.m.a.a.i.c.ConfigurationBuilder - "Sampling overrides" is no longer in preview and it has been GA since 3.5.0 GA,
2025-12-09 18:41:06.599+02:00 INFO  c.m.applicationinsights.agent - Application Insights Java Agent 3.7.5 started successfully (PID 31724, JVM running for 9.723 s)
2025-12-09 18:41:06.605+02:00 INFO  c.m.applicationinsights.agent - Java version: 24.0.2, vendor: Oracle Corporation, home: C:\Users\SuperD\.jdks\openjdk-24.0.2
2025-12-09 18:42:04.348+02:00 ERROR c.a.c.h.netty.NettyAsyncHttpClient - io.netty.channel.AbstractChannel$AnnotatedSocketException: Network is unreachable: getsockopt: /169.254.169.254:80
2025-12-09 21:16:13.775+02:00 WARN  c.m.a.a.i.c.ConfigurationBuilder - "Sampling overrides" is no longer in preview and it has been GA since 3.5.0 GA,
2025-12-09 21:16:16.629+02:00 INFO  c.m.applicationinsights.agent - Application Insights Java Agent 3.7.5 started successfully (PID 4860, JVM running for 5.975 s)
2025-12-09 21:16:16.635+02:00 INFO  c.m.applicationinsights.agent - Java version: 24.0.2, vendor: Oracle Corporation, home: C:\Users\SuperD\.jdks\openjdk-24.0.2
2025-12-09 21:17:14.926+02:00 ERROR c.a.c.h.netty.NettyAsyncHttpClient - io.netty.channel.AbstractChannel$AnnotatedSocketException: Network is unreachable: getsockopt: /169.254.169.254:80
2025-12-09 21:44:45.570+02:00 WARN  c.m.a.a.i.c.ConfigurationBuilder - "Sampling overrides" is no longer in preview and it has been GA since 3.5.0 GA,
2025-12-09 21:44:47.938+02:00 INFO  c.m.applicationinsights.agent - Application Insights Java Agent 3.7.5 started successfully (PID 26448, JVM running for 5.901 s)
2025-12-09 21:44:47.943+02:00 INFO  c.m.applicationinsights.agent - Java version: 24.0.2, vendor: Oracle Corporation, home: C:\Users\SuperD\.jdks\openjdk-24.0.2
2025-12-09 21:45:21.943+02:00 WARN  c.m.a.a.i.c.ConfigurationBuilder - "Sampling overrides" is no longer in preview and it has been GA since 3.5.0 GA,
2025-12-09 21:45:24.149+02:00 INFO  c.m.applicationinsights.agent - Application Insights Java Agent 3.7.5 started successfully (PID 6816, JVM running for 4.862 s)
2025-12-09 21:45:24.151+02:00 INFO  c.m.applicationinsights.agent - Java version: 24.0.2, vendor: Oracle Corporation, home: C:\Users\SuperD\.jdks\openjdk-24.0.2
2025-12-09 21:46:22.796+02:00 ERROR c.a.c.h.netty.NettyAsyncHttpClient - io.netty.channel.AbstractChannel$AnnotatedSocketException: Network is unreachable: getsockopt: /169.254.169.254:80
2025-12-09 22:11:18.312+02:00 WARN  c.m.a.a.i.c.ConfigurationBuilder - "Sampling overrides" is no longer in preview and it has been GA since 3.5.0 GA,
2025-12-09 22:11:20.880+02:00 INFO  c.m.applicationinsights.agent - Application Insights Java Agent 3.7.5 started successfully (PID 7568, JVM running for 10.738 s)
2025-12-09 22:11:20.886+02:00 INFO  c.m.applicationinsights.agent - Java version: 24.0.2, vendor: Oracle Corporation, home: C:\Users\SuperD\.jdks\openjdk-24.0.2
2025-12-09 22:12:19.736+02:00 ERROR c.a.c.h.netty.NettyAsyncHttpClient - io.netty.channel.AbstractChannel$AnnotatedSocketException: Network is unreachable: getsockopt: /169.254.169.254:80
2025-12-09 22:18:26.769+02:00 WARN  c.m.a.a.i.c.ConfigurationBuilder - "Sampling overrides" is no longer in preview and it has been GA since 3.5.0 GA,
2025-12-09 22:18:29.824+02:00 INFO  c.m.applicationinsights.agent - Application Insights Java Agent 3.7.5 started successfully (PID 26720, JVM running for 7.413 s)
2025-12-09 22:18:29.829+02:00 INFO  c.m.applicationinsights.agent - Java version: 24.0.2, vendor: Oracle Corporation, home: C:\Users\SuperD\.jdks\openjdk-24.0.2
2025-12-09 22:19:27.710+02:00 ERROR c.a.c.h.netty.NettyAsyncHttpClient - io.netty.channel.AbstractChannel$AnnotatedSocketException: Network is unreachable: getsockopt: /169.254.169.254:80
2025-12-09 22:22:48.062+02:00 WARN  c.a.m.o.a.i.q.QuickPulsePingSender - Pinging live metrics endpoint: Connection prematurely closed BEFORE response (future warnings will be aggregated and logged once every 5 minutes)
reactor.netty.http.client.PrematureCloseException: Connection prematurely closed BEFORE response
Caused by: java.io.IOException: An established connection was aborted by the software in your host machine
2025-12-10 08:30:29.438+02:00 ERROR c.a.m.o.a.i.q.QuickPulsePingSender - 
*************************
Failed to connect to https://westeurope.livediagnostics.monitor.azure.com/
*************************

Description:
Unable to resolve host in url

Action:
Please update your network configuration so that the host in this url can be resolved: https://westeurope.livediagnostics.monitor.azure.com/
Learn more about troubleshooting unknown host exception here: https://go.microsoft.com/fwlink/?linkid=2185830

Note:
This message is only logged the first time it occurs after startup.

2025-12-10 10:44:23.825+02:00 WARN  c.a.m.o.a.i.p.TelemetryPipeline - Sending telemetry to the ingestion service (retry from disk): Connection reset (https://westeurope-5.in.applicationinsights.azure.com/v2.1/track) (will be retried again) (future warnings will be aggregated and logged once every 5 minutes)
java.net.SocketException: Connection reset
	at java.base/sun.nio.ch.SocketChannelImpl.throwConnectionReset(SocketChannelImpl.java:399)
	at java.base/sun.nio.ch.SocketChannelImpl.implRead(SocketChannelImpl.java:431)
	at java.base/sun.nio.ch.SocketChannelImpl.read(SocketChannelImpl.java:489)
	at io.netty.buffer.AdaptivePoolingAllocator$AdaptiveByteBuf.setBytes(AdaptivePoolingAllocator.java:1816)
	at io.netty.buffer.AbstractByteBuf.writeBytes(AbstractByteBuf.java:1139)
	at io.netty.channel.socket.nio.NioSocketChannel.doReadBytes(NioSocketChannel.java:350)
	at io.netty.channel.nio.AbstractNioByteChannel$NioByteUnsafe.read(AbstractNioByteChannel.java:152)
	at io.netty.channel.nio.AbstractNioChannel$AbstractNioUnsafe.handle(AbstractNioChannel.java:445)
	at io.netty.channel.nio.NioIoHandler$DefaultNioRegistration.handle(NioIoHandler.java:381)
	at io.netty.channel.nio.NioIoHandler.processSelectedKey(NioIoHandler.java:575)
	at io.netty.channel.nio.NioIoHandler.processSelectedKeysOptimized(NioIoHandler.java:550)
	at io.netty.channel.nio.NioIoHandler.processSelectedKeys(NioIoHandler.java:491)
	at io.netty.channel.nio.NioIoHandler.run(NioIoHandler.java:468)
	at io.netty.channel.SingleThreadIoEventLoop.runIo(SingleThreadIoEventLoop.java:207)
	at io.netty.channel.SingleThreadIoEventLoop.run(SingleThreadIoEventLoop.java:178)
	at io.netty.util.concurrent.SingleThreadEventExecutor$5.run(SingleThreadEventExecutor.java:1073)
	at io.netty.util.internal.ThreadExecutorMap$2.run(ThreadExecutorMap.java:74)
	at io.netty.util.concurrent.FastThreadLocalRunnable.run(FastThreadLocalRunnable.java:30)
	at java.base/java.lang.Thread.run(Thread.java:1447)
2025-12-10 10:44:41.171+02:00 WARN  c.a.m.o.a.i.q.QuickPulsePingSender - In the last 5 minutes, the following operation has failed 1 times (out of 57): Pinging live metrics endpoint:
 * Connection prematurely closed BEFORE response (1 times)
2025-12-10 11:42:06.578+02:00 WARN  c.m.a.a.i.c.ConfigurationBuilder - "Sampling overrides" is no longer in preview and it has been GA since 3.5.0 GA,
2025-12-10 11:42:11.238+02:00 INFO  c.m.applicationinsights.agent - Application Insights Java Agent 3.7.5 started successfully (PID 41008, JVM running for 10.612 s)
2025-12-10 11:42:11.253+02:00 INFO  c.m.applicationinsights.agent - Java version: 24.0.2, vendor: Oracle Corporation, home: C:\Users\SuperD\.jdks\openjdk-24.0.2
2025-12-10 11:43:07.804+02:00 ERROR c.a.c.h.netty.NettyAsyncHttpClient - io.netty.channel.AbstractChannel$AnnotatedSocketException: Network is unreachable: getsockopt: /169.254.169.254:80
2025-12-10 11:47:25.536+02:00 WARN  c.m.a.a.i.c.ConfigurationBuilder - "Sampling overrides" is no longer in preview and it has been GA since 3.5.0 GA,
2025-12-10 11:47:27.965+02:00 INFO  c.m.applicationinsights.agent - Application Insights Java Agent 3.7.5 started successfully (PID 3252, JVM running for 6.2 s)
2025-12-10 11:47:27.969+02:00 INFO  c.m.applicationinsights.agent - Java version: 24.0.2, vendor: Oracle Corporation, home: C:\Users\SuperD\.jdks\openjdk-24.0.2
2025-12-10 11:48:26.485+02:00 ERROR c.a.c.h.netty.NettyAsyncHttpClient - io.netty.channel.AbstractChannel$AnnotatedSocketException: Network is unreachable: getsockopt: /169.254.169.254:80
2025-12-10 11:57:53.662+02:00 WARN  c.m.a.a.i.c.ConfigurationBuilder - "Sampling overrides" is no longer in preview and it has been GA since 3.5.0 GA,
2025-12-10 11:58:00.698+02:00 INFO  c.m.applicationinsights.agent - Application Insights Java Agent 3.7.5 started successfully (PID 25968, JVM running for 17.579 s)
2025-12-10 11:58:00.703+02:00 INFO  c.m.applicationinsights.agent - Java version: 24.0.2, vendor: Oracle Corporation, home: C:\Users\SuperD\.jdks\openjdk-24.0.2
2025-12-10 11:58:58.658+02:00 ERROR c.a.c.h.netty.NettyAsyncHttpClient - io.netty.channel.AbstractChannel$AnnotatedSocketException: Network is unreachable: getsockopt: /169.254.169.254:80
2025-12-10 11:59:35.815+02:00 WARN  c.m.a.a.i.c.ConfigurationBuilder - "Sampling overrides" is no longer in preview and it has been GA since 3.5.0 GA,
2025-12-10 11:59:38.274+02:00 INFO  c.m.applicationinsights.agent - Application Insights Java Agent 3.7.5 started successfully (PID 22544, JVM running for 11.235 s)
2025-12-10 11:59:38.280+02:00 INFO  c.m.applicationinsights.agent - Java version: 24.0.2, vendor: Oracle Corporation, home: C:\Users\SuperD\.jdks\openjdk-24.0.2
2025-12-10 12:00:36.797+02:00 ERROR c.a.c.h.netty.NettyAsyncHttpClient - io.netty.channel.AbstractChannel$AnnotatedSocketException: Network is unreachable: getsockopt: /169.254.169.254:80
2025-12-10 12:02:10.466+02:00 WARN  c.m.a.a.i.c.ConfigurationBuilder - "Sampling overrides" is no longer in preview and it has been GA since 3.5.0 GA,
2025-12-10 12:02:12.922+02:00 INFO  c.m.applicationinsights.agent - Application Insights Java Agent 3.7.5 started successfully (PID 3116, JVM running for 7.815 s)
2025-12-10 12:02:12.928+02:00 INFO  c.m.applicationinsights.agent - Java version: 24.0.2, vendor: Oracle Corporation, home: C:\Users\SuperD\.jdks\openjdk-24.0.2
2025-12-10 12:03:11.649+02:00 ERROR c.a.c.h.netty.NettyAsyncHttpClient - io.netty.channel.AbstractChannel$AnnotatedSocketException: Network is unreachable: getsockopt: /169.254.169.254:80
2025-12-10 12:25:17.621+02:00 WARN  c.m.a.a.i.c.ConfigurationBuilder - "Sampling overrides" is no longer in preview and it has been GA since 3.5.0 GA,
2025-12-10 12:25:20.044+02:00 INFO  c.m.applicationinsights.agent - Application Insights Java Agent 3.7.5 started successfully (PID 41272, JVM running for 7.029 s)
2025-12-10 12:25:20.049+02:00 INFO  c.m.applicationinsights.agent - Java version: 24.0.2, vendor: Oracle Corporation, home: C:\Users\SuperD\.jdks\openjdk-24.0.2
2025-12-10 12:26:18.458+02:00 ERROR c.a.c.h.netty.NettyAsyncHttpClient - io.netty.channel.AbstractChannel$AnnotatedSocketException: Network is unreachable: getsockopt: /169.254.169.254:80
2025-12-10 12:27:49.370+02:00 WARN  c.m.a.a.i.c.ConfigurationBuilder - "Sampling overrides" is no longer in preview and it has been GA since 3.5.0 GA,
2025-12-10 12:27:51.792+02:00 INFO  c.m.applicationinsights.agent - Application Insights Java Agent 3.7.5 started successfully (PID 35304, JVM running for 4.635 s)
2025-12-10 12:27:51.796+02:00 INFO  c.m.applicationinsights.agent - Java version: 24.0.2, vendor: Oracle Corporation, home: C:\Users\SuperD\.jdks\openjdk-24.0.2
2025-12-10 12:28:50.271+02:00 ERROR c.a.c.h.netty.NettyAsyncHttpClient - io.netty.channel.AbstractChannel$AnnotatedSocketException: Network is unreachable: getsockopt: /169.254.169.254:80
2025-12-10 13:16:18.624+02:00 WARN  c.m.a.a.i.c.ConfigurationBuilder - "Sampling overrides" is no longer in preview and it has been GA since 3.5.0 GA,
2025-12-10 13:16:20.733+02:00 INFO  c.m.applicationinsights.agent - Application Insights Java Agent 3.7.5 started successfully (PID 49912, JVM running for 5.172 s)
2025-12-10 13:16:20.737+02:00 INFO  c.m.applicationinsights.agent - Java version: 24.0.2, vendor: Oracle Corporation, home: C:\Users\SuperD\.jdks\openjdk-24.0.2
2025-12-10 13:17:19.387+02:00 ERROR c.a.c.h.netty.NettyAsyncHttpClient - io.netty.channel.AbstractChannel$AnnotatedSocketException: Network is unreachable: getsockopt: /169.254.169.254:80
2025-12-10 13:29:34.994+02:00 WARN  c.m.a.a.i.c.ConfigurationBuilder - "Sampling overrides" is no longer in preview and it has been GA since 3.5.0 GA,
2025-12-10 13:29:37.781+02:00 INFO  c.m.applicationinsights.agent - Application Insights Java Agent 3.7.5 started successfully (PID 48232, JVM running for 15.537 s)
2025-12-10 13:29:37.786+02:00 INFO  c.m.applicationinsights.agent - Java version: 24.0.2, vendor: Oracle Corporation, home: C:\Users\SuperD\.jdks\openjdk-24.0.2
2025-12-10 13:30:36.248+02:00 ERROR c.a.c.h.netty.NettyAsyncHttpClient - io.netty.channel.AbstractChannel$AnnotatedSocketException: Network is unreachable: getsockopt: /169.254.169.254:80
2025-12-10 14:12:51.892+02:00 WARN  c.m.a.a.i.c.ConfigurationBuilder - "Sampling overrides" is no longer in preview and it has been GA since 3.5.0 GA,
2025-12-10 14:12:54.602+02:00 INFO  c.m.applicationinsights.agent - Application Insights Java Agent 3.7.5 started successfully (PID 26228, JVM running for 14.664 s)
2025-12-10 14:12:54.609+02:00 INFO  c.m.applicationinsights.agent - Java version: 24.0.2, vendor: Oracle Corporation, home: C:\Users\SuperD\.jdks\openjdk-24.0.2
2025-12-10 14:13:52.891+02:00 ERROR c.a.c.h.netty.NettyAsyncHttpClient - io.netty.channel.AbstractChannel$AnnotatedSocketException: Network is unreachable: getsockopt: /169.254.169.254:80
2025-12-10 16:07:53.974+02:00 WARN  c.a.m.o.a.i.q.QuickPulsePingSender - Pinging live metrics endpoint: Connection prematurely closed BEFORE response (future warnings will be aggregated and logged once every 5 minutes)
reactor.netty.http.client.PrematureCloseException: Connection prematurely closed BEFORE response
Caused by: java.io.IOException: An established connection was aborted by the software in your host machine
2025-12-10 16:08:00.155+02:00 WARN  c.a.m.o.a.i.p.TelemetryPipeline - Sending telemetry to the ingestion service (retry from disk): Connection reset (https://westeurope-5.in.applicationinsights.azure.com/v2.1/track) (will be retried again) (future warnings will be aggregated and logged once every 5 minutes)
java.net.SocketException: Connection reset
	at java.base/sun.nio.ch.SocketChannelImpl.throwConnectionReset(SocketChannelImpl.java:399)
	at java.base/sun.nio.ch.SocketChannelImpl.implRead(SocketChannelImpl.java:431)
	at java.base/sun.nio.ch.SocketChannelImpl.read(SocketChannelImpl.java:489)
	at io.netty.buffer.AdaptivePoolingAllocator$AdaptiveByteBuf.setBytes(AdaptivePoolingAllocator.java:1816)
	at io.netty.buffer.AbstractByteBuf.writeBytes(AbstractByteBuf.java:1139)
	at io.netty.channel.socket.nio.NioSocketChannel.doReadBytes(NioSocketChannel.java:350)
	at io.netty.channel.nio.AbstractNioByteChannel$NioByteUnsafe.read(AbstractNioByteChannel.java:152)
	at io.netty.channel.nio.AbstractNioChannel$AbstractNioUnsafe.handle(AbstractNioChannel.java:445)
	at io.netty.channel.nio.NioIoHandler$DefaultNioRegistration.handle(NioIoHandler.java:381)
	at io.netty.channel.nio.NioIoHandler.processSelectedKey(NioIoHandler.java:575)
	at io.netty.channel.nio.NioIoHandler.processSelectedKeysOptimized(NioIoHandler.java:550)
	at io.netty.channel.nio.NioIoHandler.processSelectedKeys(NioIoHandler.java:491)
	at io.netty.channel.nio.NioIoHandler.run(NioIoHandler.java:468)
	at io.netty.channel.SingleThreadIoEventLoop.runIo(SingleThreadIoEventLoop.java:207)
	at io.netty.channel.SingleThreadIoEventLoop.run(SingleThreadIoEventLoop.java:178)
	at io.netty.util.concurrent.SingleThreadEventExecutor$5.run(SingleThreadEventExecutor.java:1073)
	at io.netty.util.internal.ThreadExecutorMap$2.run(ThreadExecutorMap.java:74)
	at io.netty.util.concurrent.FastThreadLocalRunnable.run(FastThreadLocalRunnable.java:30)
	at java.base/java.lang.Thread.run(Thread.java:1447)
2025-12-10 17:29:36.250+02:00 WARN  c.m.a.a.i.c.ConfigurationBuilder - "Sampling overrides" is no longer in preview and it has been GA since 3.5.0 GA,
2025-12-10 17:29:38.680+02:00 INFO  c.m.applicationinsights.agent - Application Insights Java Agent 3.7.5 started successfully (PID 27856, JVM running for 7.38 s)
2025-12-10 17:29:38.683+02:00 INFO  c.m.applicationinsights.agent - Java version: 24.0.2, vendor: Oracle Corporation, home: C:\Users\SuperD\.jdks\openjdk-24.0.2
2025-12-10 17:30:37.217+02:00 ERROR c.a.c.h.netty.NettyAsyncHttpClient - io.netty.channel.AbstractChannel$AnnotatedSocketException: Network is unreachable: getsockopt: /169.254.169.254:80
2025-12-15 10:12:23.832+02:00 WARN  c.m.a.a.i.c.ConfigurationBuilder - "Sampling overrides" is no longer in preview and it has been GA since 3.5.0 GA,
2025-12-15 10:12:33.168+02:00 INFO  c.m.applicationinsights.agent - Application Insights Java Agent 3.7.5 started successfully (PID 35052, JVM running for 19.691 s)
2025-12-15 10:12:33.173+02:00 INFO  c.m.applicationinsights.agent - Java version: 24.0.2, vendor: Oracle Corporation, home: C:\Users\SuperD\.jdks\openjdk-24.0.2
2025-12-15 10:13:25.223+02:00 ERROR c.a.c.h.netty.NettyAsyncHttpClient - io.netty.channel.AbstractChannel$AnnotatedSocketException: Network is unreachable: getsockopt: /169.254.169.254:80
2025-12-15 10:57:28.264+02:00 WARN  c.m.a.a.i.c.ConfigurationBuilder - "Sampling overrides" is no longer in preview and it has been GA since 3.5.0 GA,
2025-12-15 10:57:29.756+02:00 INFO  c.m.applicationinsights.agent - Application Insights Java Agent 3.7.5 started successfully (PID 4776, JVM running for 4.613 s)
2025-12-15 10:57:29.762+02:00 INFO  c.m.applicationinsights.agent - Java version: 24.0.2, vendor: Oracle Corporation, home: C:\Users\SuperD\.jdks\openjdk-24.0.2
2025-12-15 10:58:28.889+02:00 ERROR c.a.c.h.netty.NettyAsyncHttpClient - io.netty.channel.AbstractChannel$AnnotatedSocketException: Network is unreachable: getsockopt: /169.254.169.254:80
2025-12-15 11:02:55.406+02:00 WARN  c.a.m.o.a.i.q.QuickPulsePingSender - Pinging live metrics endpoint: Connection reset (future warnings will be aggregated and logged once every 5 minutes)
java.net.SocketException: Connection reset
	at java.base/sun.nio.ch.SocketChannelImpl.throwConnectionReset(SocketChannelImpl.java:399)
	at java.base/sun.nio.ch.SocketChannelImpl.implRead(SocketChannelImpl.java:431)
	at java.base/sun.nio.ch.SocketChannelImpl.read(SocketChannelImpl.java:489)
	at io.netty.buffer.AdaptivePoolingAllocator$AdaptiveByteBuf.setBytes(AdaptivePoolingAllocator.java:1816)
	at io.netty.buffer.AbstractByteBuf.writeBytes(AbstractByteBuf.java:1139)
	at io.netty.channel.socket.nio.NioSocketChannel.doReadBytes(NioSocketChannel.java:350)
	at io.netty.channel.nio.AbstractNioByteChannel$NioByteUnsafe.read(AbstractNioByteChannel.java:152)
	at io.netty.channel.nio.AbstractNioChannel$AbstractNioUnsafe.handle(AbstractNioChannel.java:445)
	at io.netty.channel.nio.NioIoHandler$DefaultNioRegistration.handle(NioIoHandler.java:381)
	at io.netty.channel.nio.NioIoHandler.processSelectedKey(NioIoHandler.java:575)
	at io.netty.channel.nio.NioIoHandler.processSelectedKeysOptimized(NioIoHandler.java:550)
	at io.netty.channel.nio.NioIoHandler.processSelectedKeys(NioIoHandler.java:491)
	at io.netty.channel.nio.NioIoHandler.run(NioIoHandler.java:468)
	at io.netty.channel.SingleThreadIoEventLoop.runIo(SingleThreadIoEventLoop.java:207)
	at io.netty.channel.SingleThreadIoEventLoop.run(SingleThreadIoEventLoop.java:178)
	at io.netty.util.concurrent.SingleThreadEventExecutor$5.run(SingleThreadEventExecutor.java:1073)
	at io.netty.util.internal.ThreadExecutorMap$2.run(ThreadExecutorMap.java:74)
	at io.netty.util.concurrent.FastThreadLocalRunnable.run(FastThreadLocalRunnable.java:30)
	at java.base/java.lang.Thread.run(Thread.java:1447)
2025-12-15 11:03:29.054+02:00 WARN  c.a.m.o.a.i.p.TelemetryPipeline - Sending telemetry to the ingestion service (retry from disk): Connection reset (https://westeurope-5.in.applicationinsights.azure.com/v2.1/track) (will be retried again) (future warnings will be aggregated and logged once every 5 minutes)
java.net.SocketException: Connection reset
	at java.base/sun.nio.ch.SocketChannelImpl.throwConnectionReset(SocketChannelImpl.java:399)
	at java.base/sun.nio.ch.SocketChannelImpl.implRead(SocketChannelImpl.java:431)
	at java.base/sun.nio.ch.SocketChannelImpl.read(SocketChannelImpl.java:489)
	at io.netty.buffer.AdaptivePoolingAllocator$AdaptiveByteBuf.setBytes(AdaptivePoolingAllocator.java:1816)
	at io.netty.buffer.AbstractByteBuf.writeBytes(AbstractByteBuf.java:1139)
	at io.netty.channel.socket.nio.NioSocketChannel.doReadBytes(NioSocketChannel.java:350)
	at io.netty.channel.nio.AbstractNioByteChannel$NioByteUnsafe.read(AbstractNioByteChannel.java:152)
	at io.netty.channel.nio.AbstractNioChannel$AbstractNioUnsafe.handle(AbstractNioChannel.java:445)
	at io.netty.channel.nio.NioIoHandler$DefaultNioRegistration.handle(NioIoHandler.java:381)
	at io.netty.channel.nio.NioIoHandler.processSelectedKey(NioIoHandler.java:575)
	at io.netty.channel.nio.NioIoHandler.processSelectedKeysOptimized(NioIoHandler.java:550)
	at io.netty.channel.nio.NioIoHandler.processSelectedKeys(NioIoHandler.java:491)
	at io.netty.channel.nio.NioIoHandler.run(NioIoHandler.java:468)
	at io.netty.channel.SingleThreadIoEventLoop.runIo(SingleThreadIoEventLoop.java:207)
	at io.netty.channel.SingleThreadIoEventLoop.run(SingleThreadIoEventLoop.java:178)
	at io.netty.util.concurrent.SingleThreadEventExecutor$5.run(SingleThreadEventExecutor.java:1073)
	at io.netty.util.internal.ThreadExecutorMap$2.run(ThreadExecutorMap.java:74)
	at io.netty.util.concurrent.FastThreadLocalRunnable.run(FastThreadLocalRunnable.java:30)
	at java.base/java.lang.Thread.run(Thread.java:1447)
2025-12-15 11:33:32.140+02:00 WARN  c.m.a.a.i.c.ConfigurationBuilder - "Sampling overrides" is no longer in preview and it has been GA since 3.5.0 GA,
2025-12-15 11:33:33.536+02:00 INFO  c.m.applicationinsights.agent - Application Insights Java Agent 3.7.5 started successfully (PID 52276, JVM running for 4.881 s)
2025-12-15 11:33:33.542+02:00 INFO  c.m.applicationinsights.agent - Java version: 24.0.2, vendor: Oracle Corporation, home: C:\Users\SuperD\.jdks\openjdk-24.0.2
2025-12-15 11:34:32.730+02:00 ERROR c.a.c.h.netty.NettyAsyncHttpClient - io.netty.channel.AbstractChannel$AnnotatedSocketException: Network is unreachable: getsockopt: /169.254.169.254:80
2025-12-15 11:42:58.825+02:00 WARN  c.m.a.a.i.c.ConfigurationBuilder - "Sampling overrides" is no longer in preview and it has been GA since 3.5.0 GA,
2025-12-15 11:43:00.137+02:00 INFO  c.m.applicationinsights.agent - Application Insights Java Agent 3.7.5 started successfully (PID 49196, JVM running for 7.571 s)
2025-12-15 11:43:00.140+02:00 INFO  c.m.applicationinsights.agent - Java version: 24.0.2, vendor: Oracle Corporation, home: C:\Users\SuperD\.jdks\openjdk-24.0.2
2025-12-15 11:43:59.366+02:00 ERROR c.a.c.h.netty.NettyAsyncHttpClient - io.netty.channel.AbstractChannel$AnnotatedSocketException: Network is unreachable: getsockopt: /169.254.169.254:80
2025-12-15 11:52:36.523+02:00 WARN  c.m.a.a.i.c.ConfigurationBuilder - "Sampling overrides" is no longer in preview and it has been GA since 3.5.0 GA,
2025-12-15 11:52:39.455+02:00 INFO  c.m.applicationinsights.agent - Application Insights Java Agent 3.7.5 started successfully (PID 51480, JVM running for 7.069 s)
2025-12-15 11:52:39.460+02:00 INFO  c.m.applicationinsights.agent - Java version: 24.0.2, vendor: Oracle Corporation, home: C:\Users\SuperD\.jdks\openjdk-24.0.2
2025-12-15 11:53:37.762+02:00 ERROR c.a.c.h.netty.NettyAsyncHttpClient - io.netty.channel.AbstractChannel$AnnotatedSocketException: Network is unreachable: getsockopt: /169.254.169.254:80
2025-12-15 12:01:49.325+02:00 WARN  c.m.a.a.i.c.ConfigurationBuilder - "Sampling overrides" is no longer in preview and it has been GA since 3.5.0 GA,
2025-12-15 12:01:50.578+02:00 INFO  c.m.applicationinsights.agent - Application Insights Java Agent 3.7.5 started successfully (PID 50684, JVM running for 3.872 s)
2025-12-15 12:01:50.585+02:00 INFO  c.m.applicationinsights.agent - Java version: 24.0.2, vendor: Oracle Corporation, home: C:\Users\SuperD\.jdks\openjdk-24.0.2
2025-12-15 12:02:49.885+02:00 ERROR c.a.c.h.netty.NettyAsyncHttpClient - io.netty.channel.AbstractChannel$AnnotatedSocketException: Network is unreachable: getsockopt: /169.254.169.254:80
2025-12-16 21:37:26.219+02:00 WARN  c.m.a.a.i.c.ConfigurationBuilder - "Sampling overrides" is no longer in preview and it has been GA since 3.5.0 GA,
2025-12-16 21:37:28.646+02:00 INFO  c.m.applicationinsights.agent - Application Insights Java Agent 3.7.5 started successfully (PID 21384, JVM running for 10.472 s)
2025-12-16 21:37:28.652+02:00 INFO  c.m.applicationinsights.agent - Java version: 24.0.2, vendor: Oracle Corporation, home: C:\Users\SuperD\.jdks\openjdk-24.0.2
2025-12-16 21:38:27.197+02:00 ERROR c.a.c.h.netty.NettyAsyncHttpClient - io.netty.channel.AbstractChannel$AnnotatedSocketException: Network is unreachable: getsockopt: /169.254.169.254:80
2025-12-17 11:32:20.145+02:00 WARN  c.m.a.a.i.c.ConfigurationBuilder - "Sampling overrides" is no longer in preview and it has been GA since 3.5.0 GA,
2025-12-17 11:32:22.675+02:00 INFO  c.m.applicationinsights.agent - Application Insights Java Agent 3.7.5 started successfully (PID 17356, JVM running for 7.313 s)
2025-12-17 11:32:22.680+02:00 INFO  c.m.applicationinsights.agent - Java version: 24.0.2, vendor: Oracle Corporation, home: C:\Users\SuperD\.jdks\openjdk-24.0.2
2025-12-17 11:33:21.542+02:00 ERROR c.a.c.h.netty.NettyAsyncHttpClient - io.netty.channel.AbstractChannel$AnnotatedSocketException: Network is unreachable: getsockopt: /169.254.169.254:80
2025-12-17 12:43:36.883+02:00 WARN  c.m.a.a.i.c.ConfigurationBuilder - "Sampling overrides" is no longer in preview and it has been GA since 3.5.0 GA,
2025-12-17 12:43:38.471+02:00 INFO  c.m.applicationinsights.agent - Application Insights Java Agent 3.7.5 started successfully (PID 29108, JVM running for 5.363 s)
2025-12-17 12:43:38.474+02:00 INFO  c.m.applicationinsights.agent - Java version: 24.0.2, vendor: Oracle Corporation, home: C:\Users\SuperD\.jdks\openjdk-24.0.2
2025-12-17 12:44:37.537+02:00 ERROR c.a.c.h.netty.NettyAsyncHttpClient - io.netty.channel.AbstractChannel$AnnotatedSocketException: Network is unreachable: getsockopt: /169.254.169.254:80
2025-12-17 13:28:49.345+02:00 WARN  c.m.a.a.i.c.ConfigurationBuilder - "Sampling overrides" is no longer in preview and it has been GA since 3.5.0 GA,
2025-12-17 13:28:51.015+02:00 INFO  c.m.applicationinsights.agent - Application Insights Java Agent 3.7.5 started successfully (PID 2752, JVM running for 4.349 s)
2025-12-17 13:28:51.019+02:00 INFO  c.m.applicationinsights.agent - Java version: 24.0.2, vendor: Oracle Corporation, home: C:\Users\SuperD\.jdks\openjdk-24.0.2
2025-12-17 13:29:50.021+02:00 ERROR c.a.c.h.netty.NettyAsyncHttpClient - io.netty.channel.AbstractChannel$AnnotatedSocketException: Network is unreachable: getsockopt: /169.254.169.254:80
2025-12-17 13:56:37.671+02:00 WARN  c.a.m.o.a.i.q.QuickPulsePingSender - Pinging live metrics endpoint: Connection reset (future warnings will be aggregated and logged once every 5 minutes)
java.net.SocketException: Connection reset
	at java.base/sun.nio.ch.SocketChannelImpl.throwConnectionReset(SocketChannelImpl.java:399)
	at java.base/sun.nio.ch.SocketChannelImpl.implRead(SocketChannelImpl.java:431)
	at java.base/sun.nio.ch.SocketChannelImpl.read(SocketChannelImpl.java:489)
	at io.netty.buffer.AdaptivePoolingAllocator$AdaptiveByteBuf.setBytes(AdaptivePoolingAllocator.java:1816)
	at io.netty.buffer.AbstractByteBuf.writeBytes(AbstractByteBuf.java:1139)
	at io.netty.channel.socket.nio.NioSocketChannel.doReadBytes(NioSocketChannel.java:350)
	at io.netty.channel.nio.AbstractNioByteChannel$NioByteUnsafe.read(AbstractNioByteChannel.java:152)
	at io.netty.channel.nio.AbstractNioChannel$AbstractNioUnsafe.handle(AbstractNioChannel.java:445)
	at io.netty.channel.nio.NioIoHandler$DefaultNioRegistration.handle(NioIoHandler.java:381)
	at io.netty.channel.nio.NioIoHandler.processSelectedKey(NioIoHandler.java:575)
	at io.netty.channel.nio.NioIoHandler.processSelectedKeysOptimized(NioIoHandler.java:550)
	at io.netty.channel.nio.NioIoHandler.processSelectedKeys(NioIoHandler.java:491)
	at io.netty.channel.nio.NioIoHandler.run(NioIoHandler.java:468)
	at io.netty.channel.SingleThreadIoEventLoop.runIo(SingleThreadIoEventLoop.java:207)
	at io.netty.channel.SingleThreadIoEventLoop.run(SingleThreadIoEventLoop.java:178)
	at io.netty.util.concurrent.SingleThreadEventExecutor$5.run(SingleThreadEventExecutor.java:1073)
	at io.netty.util.internal.ThreadExecutorMap$2.run(ThreadExecutorMap.java:74)
	at io.netty.util.concurrent.FastThreadLocalRunnable.run(FastThreadLocalRunnable.java:30)
	at java.base/java.lang.Thread.run(Thread.java:1447)
2025-12-17 13:56:42.754+02:00 ERROR c.a.m.o.a.i.q.QuickPulsePingSender - 
*************************
Failed to connect to https://westeurope.livediagnostics.monitor.azure.com/
*************************

Description:
Unable to resolve host in url

Action:
Please update your network configuration so that the host in this url can be resolved: https://westeurope.livediagnostics.monitor.azure.com/
Learn more about troubleshooting unknown host exception here: https://go.microsoft.com/fwlink/?linkid=2185830

Note:
This message is only logged the first time it occurs after startup.

2025-12-17 13:56:51.980+02:00 ERROR c.a.m.o.a.i.p.TelemetryPipeline - 
*************************
Failed to connect to https://westeurope-5.in.applicationinsights.azure.com/v2.1/track
*************************

Description:
Unable to resolve host in url

Action:
Please update your network configuration so that the host in this url can be resolved: https://westeurope-5.in.applicationinsights.azure.com/v2.1/track
Learn more about troubleshooting unknown host exception here: https://go.microsoft.com/fwlink/?linkid=2185830

Note:
This message is only logged the first time it occurs after startup.

2025-12-17 14:43:41.080+02:00 WARN  c.a.m.o.a.i.q.QuickPulsePingSender - In the last 5 minutes, the following operation has failed 1 times (out of 57): Pinging live metrics endpoint:
 * Connection reset (1 times)
2025-12-17 17:33:41.374+02:00 WARN  c.a.m.o.a.i.q.QuickPulsePingSender - In the last 5 minutes, the following operation has failed 1 times (out of 31): Pinging live metrics endpoint:
 * Connection reset (1 times)
2025-12-28 14:40:14.700+02:00 WARN  c.m.a.a.i.c.ConfigurationBuilder - "Sampling overrides" is no longer in preview and it has been GA since 3.5.0 GA,
2025-12-28 14:40:17.209+02:00 INFO  c.m.applicationinsights.agent - Application Insights Java Agent 3.7.5 started successfully (PID 54772, JVM running for 7.761 s)
2025-12-28 14:40:17.213+02:00 INFO  c.m.applicationinsights.agent - Java version: 24.0.2, vendor: Oracle Corporation, home: C:\Users\SuperD\.jdks\openjdk-24.0.2
2025-12-28 14:41:15.585+02:00 ERROR c.a.c.h.netty.NettyAsyncHttpClient - io.netty.channel.AbstractChannel$AnnotatedSocketException: Network is unreachable: getsockopt: /169.254.169.254:80
2025-12-28 22:02:48.679+02:00 ERROR c.a.m.o.a.i.q.QuickPulsePingSender - 
*************************
Failed to connect to https://westeurope.livediagnostics.monitor.azure.com/
*************************

Description:
Unable to resolve host in url

Action:
Please update your network configuration so that the host in this url can be resolved: https://westeurope.livediagnostics.monitor.azure.com/
Learn more about troubleshooting unknown host exception here: https://go.microsoft.com/fwlink/?linkid=2185830

Note:
This message is only logged the first time it occurs after startup.

2025-12-29 20:57:59.630+02:00 WARN  c.m.a.a.i.c.ConfigurationBuilder - "Sampling overrides" is no longer in preview and it has been GA since 3.5.0 GA,
2025-12-29 20:58:02.070+02:00 INFO  c.m.applicationinsights.agent - Application Insights Java Agent 3.7.5 started successfully (PID 4660, JVM running for 18.841 s)
2025-12-29 20:58:02.075+02:00 INFO  c.m.applicationinsights.agent - Java version: 24.0.2, vendor: Oracle Corporation, home: C:\Users\SuperD\.jdks\openjdk-24.0.2
2025-12-29 20:59:00.590+02:00 ERROR c.a.c.h.netty.NettyAsyncHttpClient - io.netty.channel.AbstractChannel$AnnotatedSocketException: Network is unreachable: getsockopt: /169.254.169.254:80
2025-12-29 21:45:36.808+02:00 WARN  c.m.a.a.i.c.ConfigurationBuilder - "Sampling overrides" is no longer in preview and it has been GA since 3.5.0 GA,
2025-12-29 21:45:38.477+02:00 INFO  c.m.applicationinsights.agent - Application Insights Java Agent 3.7.5 started successfully (PID 28824, JVM running for 7.043 s)
2025-12-29 21:45:38.479+02:00 INFO  c.m.applicationinsights.agent - Java version: 24.0.2, vendor: Oracle Corporation, home: C:\Users\SuperD\.jdks\openjdk-24.0.2
2025-12-29 21:46:37.486+02:00 ERROR c.a.c.h.netty.NettyAsyncHttpClient - io.netty.channel.AbstractChannel$AnnotatedSocketException: Network is unreachable: getsockopt: /169.254.169.254:80
2025-12-29 22:45:25.837+02:00 WARN  c.m.a.a.i.c.ConfigurationBuilder - "Sampling overrides" is no longer in preview and it has been GA since 3.5.0 GA,
2025-12-29 22:45:27.128+02:00 INFO  c.m.applicationinsights.agent - Application Insights Java Agent 3.7.5 started successfully (PID 28052, JVM running for 3.47 s)
2025-12-29 22:45:27.129+02:00 INFO  c.m.applicationinsights.agent - Java version: 24.0.2, vendor: Oracle Corporation, home: C:\Users\SuperD\.jdks\openjdk-24.0.2
2025-12-29 22:46:26.367+02:00 ERROR c.a.c.h.netty.NettyAsyncHttpClient - io.netty.channel.AbstractChannel$AnnotatedSocketException: Network is unreachable: getsockopt: /169.254.169.254:80
2025-12-30 07:49:05.006+02:00 ERROR c.a.m.o.a.i.q.QuickPulsePingSender - 
*************************
Failed to connect to https://westeurope.livediagnostics.monitor.azure.com/
*************************

Description:
Unable to resolve host in url

Action:
Please update your network configuration so that the host in this url can be resolved: https://westeurope.livediagnostics.monitor.azure.com/
Learn more about troubleshooting unknown host exception here: https://go.microsoft.com/fwlink/?linkid=2185830

Note:
This message is only logged the first time it occurs after startup.

2025-12-30 07:49:11.117+02:00 ERROR c.a.m.o.a.i.p.TelemetryPipeline - 
*************************
Failed to connect to https://westeurope-5.in.applicationinsights.azure.com/v2.1/track
*************************

Description:
Unable to resolve host in url

Action:
Please update your network configuration so that the host in this url can be resolved: https://westeurope-5.in.applicationinsights.azure.com/v2.1/track
Learn more about troubleshooting unknown host exception here: https://go.microsoft.com/fwlink/?linkid=2185830

Note:
This message is only logged the first time it occurs after startup.

2025-12-30 09:41:45.269+02:00 WARN  c.m.a.a.i.c.ConfigurationBuilder - "Sampling overrides" is no longer in preview and it has been GA since 3.5.0 GA,
2025-12-30 09:41:47.707+02:00 INFO  c.m.applicationinsights.agent - Application Insights Java Agent 3.7.5 started successfully (PID 13772, JVM running for 15.783 s)
2025-12-30 09:41:47.712+02:00 INFO  c.m.applicationinsights.agent - Java version: 24.0.2, vendor: Oracle Corporation, home: C:\Users\SuperD\.jdks\openjdk-24.0.2
2025-12-30 09:42:46.208+02:00 ERROR c.a.c.h.netty.NettyAsyncHttpClient - io.netty.channel.AbstractChannel$AnnotatedSocketException: Network is unreachable: getsockopt: /169.254.169.254:80
2025-12-30 10:04:17.956+02:00 WARN  c.m.a.a.i.c.ConfigurationBuilder - "Sampling overrides" is no longer in preview and it has been GA since 3.5.0 GA,
2025-12-30 10:04:19.142+02:00 INFO  c.m.applicationinsights.agent - Application Insights Java Agent 3.7.5 started successfully (PID 9640, JVM running for 4.622 s)
2025-12-30 10:04:19.145+02:00 INFO  c.m.applicationinsights.agent - Java version: 24.0.2, vendor: Oracle Corporation, home: C:\Users\SuperD\.jdks\openjdk-24.0.2
2025-12-30 10:05:11.232+02:00 WARN  c.m.a.a.i.c.ConfigurationBuilder - "Sampling overrides" is no longer in preview and it has been GA since 3.5.0 GA,
2025-12-30 10:05:12.638+02:00 INFO  c.m.applicationinsights.agent - Application Insights Java Agent 3.7.5 started successfully (PID 35428, JVM running for 3.267 s)
2025-12-30 10:05:12.639+02:00 INFO  c.m.applicationinsights.agent - Java version: 24.0.2, vendor: Oracle Corporation, home: C:\Users\SuperD\.jdks\openjdk-24.0.2
2025-12-30 10:06:11.725+02:00 ERROR c.a.c.h.netty.NettyAsyncHttpClient - io.netty.channel.AbstractChannel$AnnotatedSocketException: Network is unreachable: getsockopt: /169.254.169.254:80
2025-12-30 10:15:13.401+02:00 WARN  c.m.a.a.i.c.ConfigurationBuilder - "Sampling overrides" is no longer in preview and it has been GA since 3.5.0 GA,
2025-12-30 10:15:14.690+02:00 INFO  c.m.applicationinsights.agent - Application Insights Java Agent 3.7.5 started successfully (PID 25524, JVM running for 3.819 s)
2025-12-30 10:15:14.693+02:00 INFO  c.m.applicationinsights.agent - Java version: 24.0.2, vendor: Oracle Corporation, home: C:\Users\SuperD\.jdks\openjdk-24.0.2
2025-12-30 10:16:13.927+02:00 ERROR c.a.c.h.netty.NettyAsyncHttpClient - io.netty.channel.AbstractChannel$AnnotatedSocketException: Network is unreachable: getsockopt: /169.254.169.254:80
2025-12-30 11:59:17.229+02:00 WARN  c.m.a.a.i.c.ConfigurationBuilder - "Sampling overrides" is no longer in preview and it has been GA since 3.5.0 GA,
2025-12-30 11:59:19.457+02:00 INFO  c.m.applicationinsights.agent - Application Insights Java Agent 3.7.5 started successfully (PID 41772, JVM running for 5.339 s)
2025-12-30 11:59:19.461+02:00 INFO  c.m.applicationinsights.agent - Java version: 24.0.2, vendor: Oracle Corporation, home: C:\Users\SuperD\.jdks\openjdk-24.0.2
2025-12-30 12:00:18.048+02:00 ERROR c.a.c.h.netty.NettyAsyncHttpClient - io.netty.channel.AbstractChannel$AnnotatedSocketException: Network is unreachable: getsockopt: /169.254.169.254:80
2025-12-30 19:39:51.490+02:00 ERROR c.a.m.o.a.i.q.QuickPulsePingSender - 
*************************
Failed to connect to https://westeurope.livediagnostics.monitor.azure.com/
*************************

Description:
Unable to resolve host in url

Action:
Please update your network configuration so that the host in this url can be resolved: https://westeurope.livediagnostics.monitor.azure.com/
Learn more about troubleshooting unknown host exception here: https://go.microsoft.com/fwlink/?linkid=2185830

Note:
This message is only logged the first time it occurs after startup.

2025-12-30 19:39:55.550+02:00 ERROR c.a.m.o.a.i.p.TelemetryPipeline - 
*************************
Failed to connect to https://westeurope-5.in.applicationinsights.azure.com/v2.1/track
*************************

Description:
Unable to resolve host in url

Action:
Please update your network configuration so that the host in this url can be resolved: https://westeurope-5.in.applicationinsights.azure.com/v2.1/track
Learn more about troubleshooting unknown host exception here: https://go.microsoft.com/fwlink/?linkid=2185830

Note:
This message is only logged the first time it occurs after startup.

2026-01-01 08:50:46.772+02:00 WARN  c.a.m.o.a.i.q.QuickPulsePingSender - Pinging live metrics endpoint: Connection prematurely closed BEFORE response (future warnings will be aggregated and logged once every 5 minutes)
reactor.netty.http.client.PrematureCloseException: Connection prematurely closed BEFORE response
Caused by: java.io.IOException: An established connection was aborted by the software in your host machine
2026-01-20 11:21:39.137+02:00 WARN  c.m.a.a.i.c.ConfigurationBuilder - "Sampling overrides" is no longer in preview and it has been GA since 3.5.0 GA,
2026-01-20 11:21:42.943+02:00 INFO  c.m.applicationinsights.agent - Application Insights Java Agent 3.7.5 started successfully (PID 27200, JVM running for 11.038 s)
2026-01-20 11:21:42.946+02:00 INFO  c.m.applicationinsights.agent - Java version: 24.0.2, vendor: Oracle Corporation, home: C:\Users\SuperD\.jdks\openjdk-24.0.2
2026-01-20 11:22:40.947+02:00 ERROR c.a.c.h.netty.NettyAsyncHttpClient - io.netty.channel.AbstractChannel$AnnotatedSocketException: Network is unreachable: getsockopt: /169.254.169.254:80
2026-01-21 09:22:19.979+02:00 WARN  c.m.a.a.i.c.ConfigurationBuilder - "Sampling overrides" is no longer in preview and it has been GA since 3.5.0 GA,
2026-01-21 09:22:25.601+02:00 INFO  c.m.applicationinsights.agent - Application Insights Java Agent 3.7.5 started successfully (PID 65480, JVM running for 36.913 s)
2026-01-21 09:22:25.608+02:00 INFO  c.m.applicationinsights.agent - Java version: 24.0.2, vendor: Oracle Corporation, home: C:\Users\SuperD\.jdks\openjdk-24.0.2
2026-01-21 09:23:23.153+02:00 ERROR c.a.c.h.netty.NettyAsyncHttpClient - io.netty.channel.AbstractChannel$AnnotatedSocketException: Network is unreachable: getsockopt: /169.254.169.254:80
2026-01-21 12:15:19.349+02:00 WARN  c.m.a.a.i.c.ConfigurationBuilder - "Sampling overrides" is no longer in preview and it has been GA since 3.5.0 GA,
2026-01-21 12:15:22.026+02:00 INFO  c.m.applicationinsights.agent - Application Insights Java Agent 3.7.5 started successfully (PID 22464, JVM running for 12.873 s)
2026-01-21 12:15:22.031+02:00 INFO  c.m.applicationinsights.agent - Java version: 24.0.2, vendor: Oracle Corporation, home: C:\Users\SuperD\.jdks\openjdk-24.0.2
2026-01-21 12:16:20.450+02:00 ERROR c.a.c.h.netty.NettyAsyncHttpClient - io.netty.channel.AbstractChannel$AnnotatedSocketException: Network is unreachable: getsockopt: /169.254.169.254:80
2026-01-21 12:33:37.390+02:00 WARN  c.m.a.a.i.c.ConfigurationBuilder - "Sampling overrides" is no longer in preview and it has been GA since 3.5.0 GA,
2026-01-21 12:33:42.913+02:00 INFO  c.m.applicationinsights.agent - Application Insights Java Agent 3.7.5 started successfully (PID 13260, JVM running for 21.206 s)
2026-01-21 12:33:42.918+02:00 INFO  c.m.applicationinsights.agent - Java version: 24.0.2, vendor: Oracle Corporation, home: C:\Users\SuperD\.jdks\openjdk-24.0.2
2026-01-21 12:34:40.511+02:00 ERROR c.a.c.h.netty.NettyAsyncHttpClient - io.netty.channel.AbstractChannel$AnnotatedSocketException: Network is unreachable: getsockopt: /169.254.169.254:80
2026-01-21 12:42:48.494+02:00 WARN  c.m.a.a.i.c.ConfigurationBuilder - "Sampling overrides" is no longer in preview and it has been GA since 3.5.0 GA,
2026-01-21 12:42:50.853+02:00 INFO  c.m.applicationinsights.agent - Application Insights Java Agent 3.7.5 started successfully (PID 36480, JVM running for 6.61 s)
2026-01-21 12:42:50.857+02:00 INFO  c.m.applicationinsights.agent - Java version: 24.0.2, vendor: Oracle Corporation, home: C:\Users\SuperD\.jdks\openjdk-24.0.2
2026-01-21 12:43:49.438+02:00 ERROR c.a.c.h.netty.NettyAsyncHttpClient - io.netty.channel.AbstractChannel$AnnotatedSocketException: Network is unreachable: getsockopt: /169.254.169.254:80
2026-01-21 14:00:36.626+02:00 WARN  c.a.m.o.a.i.q.QuickPulsePingSender - Pinging live metrics endpoint: Connection reset (future warnings will be aggregated and logged once every 5 minutes)
java.net.SocketException: Connection reset
	at java.base/sun.nio.ch.SocketChannelImpl.throwConnectionReset(SocketChannelImpl.java:399)
	at java.base/sun.nio.ch.SocketChannelImpl.implRead(SocketChannelImpl.java:431)
	at java.base/sun.nio.ch.SocketChannelImpl.read(SocketChannelImpl.java:489)
	at io.netty.buffer.AdaptivePoolingAllocator$AdaptiveByteBuf.setBytes(AdaptivePoolingAllocator.java:1816)
	at io.netty.buffer.AbstractByteBuf.writeBytes(AbstractByteBuf.java:1139)
	at io.netty.channel.socket.nio.NioSocketChannel.doReadBytes(NioSocketChannel.java:350)
	at io.netty.channel.nio.AbstractNioByteChannel$NioByteUnsafe.read(AbstractNioByteChannel.java:152)
	at io.netty.channel.nio.AbstractNioChannel$AbstractNioUnsafe.handle(AbstractNioChannel.java:445)
	at io.netty.channel.nio.NioIoHandler$DefaultNioRegistration.handle(NioIoHandler.java:381)
	at io.netty.channel.nio.NioIoHandler.processSelectedKey(NioIoHandler.java:575)
	at io.netty.channel.nio.NioIoHandler.processSelectedKeysOptimized(NioIoHandler.java:550)
	at io.netty.channel.nio.NioIoHandler.processSelectedKeys(NioIoHandler.java:491)
	at io.netty.channel.nio.NioIoHandler.run(NioIoHandler.java:468)
	at io.netty.channel.SingleThreadIoEventLoop.runIo(SingleThreadIoEventLoop.java:207)
	at io.netty.channel.SingleThreadIoEventLoop.run(SingleThreadIoEventLoop.java:178)
	at io.netty.util.concurrent.SingleThreadEventExecutor$5.run(SingleThreadEventExecutor.java:1073)
	at io.netty.util.internal.ThreadExecutorMap$2.run(ThreadExecutorMap.java:74)
	at io.netty.util.concurrent.FastThreadLocalRunnable.run(FastThreadLocalRunnable.java:30)
	at java.base/java.lang.Thread.run(Thread.java:1447)
2026-01-21 14:00:40.353+02:00 ERROR c.a.m.o.a.i.p.TelemetryPipeline - 
*************************
Failed to connect to https://westeurope-5.in.applicationinsights.azure.com/v2.1/track
*************************

Description:
Unable to resolve host in url

Action:
Please update your network configuration so that the host in this url can be resolved: https://westeurope-5.in.applicationinsights.azure.com/v2.1/track
Learn more about troubleshooting unknown host exception here: https://go.microsoft.com/fwlink/?linkid=2185830

Note:
This message is only logged the first time it occurs after startup.

2026-01-22 17:41:54.671+02:00 WARN  c.m.a.a.i.c.ConfigurationBuilder - "Sampling overrides" is no longer in preview and it has been GA since 3.5.0 GA,
2026-01-22 17:41:56.020+02:00 INFO  c.m.applicationinsights.agent - Application Insights Java Agent 3.7.5 started successfully (PID 3232, JVM running for 12.251 s)
2026-01-22 17:41:56.025+02:00 INFO  c.m.applicationinsights.agent - Java version: 24.0.2, vendor: Oracle Corporation, home: C:\Users\SuperD\.jdks\openjdk-24.0.2
2026-01-22 17:42:55.246+02:00 ERROR c.a.c.h.netty.NettyAsyncHttpClient - io.netty.channel.AbstractChannel$AnnotatedNoRouteToHostException: No route to host: getsockopt: /169.254.169.254:80
2026-01-22 21:42:56.860+02:00 WARN  c.m.a.a.i.c.ConfigurationBuilder - "Sampling overrides" is no longer in preview and it has been GA since 3.5.0 GA,
2026-01-22 21:42:59.220+02:00 INFO  c.m.applicationinsights.agent - Application Insights Java Agent 3.7.5 started successfully (PID 5540, JVM running for 16.367 s)
2026-01-22 21:42:59.226+02:00 INFO  c.m.applicationinsights.agent - Java version: 24.0.2, vendor: Oracle Corporation, home: C:\Users\SuperD\.jdks\openjdk-24.0.2
2026-01-22 21:43:57.772+02:00 ERROR c.a.c.h.netty.NettyAsyncHttpClient - io.netty.channel.AbstractChannel$AnnotatedNoRouteToHostException: No route to host: getsockopt: /169.254.169.254:80
2026-01-22 22:22:47.457+02:00 WARN  c.a.m.o.a.i.q.QuickPulsePingSender - Pinging live metrics endpoint: Connection prematurely closed BEFORE response (future warnings will be aggregated and logged once every 5 minutes)
reactor.netty.http.client.PrematureCloseException: Connection prematurely closed BEFORE response
Caused by: java.io.IOException: An established connection was aborted by the software in your host machine
2026-01-23 09:06:55.167+02:00 ERROR c.a.m.o.a.i.q.QuickPulsePingSender - 
*************************
Failed to connect to https://westeurope.livediagnostics.monitor.azure.com/
*************************

Description:
Unable to resolve host in url

Action:
Please update your network configuration so that the host in this url can be resolved: https://westeurope.livediagnostics.monitor.azure.com/
Learn more about troubleshooting unknown host exception here: https://go.microsoft.com/fwlink/?linkid=2185830

Note:
This message is only logged the first time it occurs after startup.

2026-01-24 17:12:00.523+02:00 WARN  c.m.a.a.i.c.ConfigurationBuilder - "Sampling overrides" is no longer in preview and it has been GA since 3.5.0 GA,
2026-01-24 17:12:02.976+02:00 INFO  c.m.applicationinsights.agent - Application Insights Java Agent 3.7.5 started successfully (PID 47468, JVM running for 4.928 s)
2026-01-24 17:12:02.981+02:00 INFO  c.m.applicationinsights.agent - Java version: 24.0.2, vendor: Oracle Corporation, home: C:\Users\SuperD\.jdks\openjdk-24.0.2
2026-01-24 17:13:01.388+02:00 ERROR c.a.c.h.netty.NettyAsyncHttpClient - io.netty.channel.AbstractChannel$AnnotatedSocketException: Network is unreachable: getsockopt: /169.254.169.254:80
2026-01-24 17:39:12.622+02:00 WARN  c.m.a.a.i.c.ConfigurationBuilder - "Sampling overrides" is no longer in preview and it has been GA since 3.5.0 GA,
2026-01-24 17:39:13.954+02:00 INFO  c.m.applicationinsights.agent - Application Insights Java Agent 3.7.5 started successfully (PID 60740, JVM running for 3.861 s)
2026-01-24 17:39:13.959+02:00 INFO  c.m.applicationinsights.agent - Java version: 24.0.2, vendor: Oracle Corporation, home: C:\Users\SuperD\.jdks\openjdk-24.0.2
2026-01-24 17:40:13.155+02:00 ERROR c.a.c.h.netty.NettyAsyncHttpClient - io.netty.channel.AbstractChannel$AnnotatedSocketException: Network is unreachable: getsockopt: /169.254.169.254:80
2026-01-24 17:50:04.495+02:00 WARN  c.m.a.a.i.c.ConfigurationBuilder - "Sampling overrides" is no longer in preview and it has been GA since 3.5.0 GA,
2026-01-24 17:50:05.744+02:00 INFO  c.m.applicationinsights.agent - Application Insights Java Agent 3.7.5 started successfully (PID 3272, JVM running for 3.386 s)
2026-01-24 17:50:05.749+02:00 INFO  c.m.applicationinsights.agent - Java version: 24.0.2, vendor: Oracle Corporation, home: C:\Users\SuperD\.jdks\openjdk-24.0.2
2026-01-24 17:51:04.998+02:00 ERROR c.a.c.h.netty.NettyAsyncHttpClient - io.netty.channel.AbstractChannel$AnnotatedSocketException: Network is unreachable: getsockopt: /169.254.169.254:80
2026-01-24 17:59:10.155+02:00 WARN  c.m.a.a.i.c.ConfigurationBuilder - "Sampling overrides" is no longer in preview and it has been GA since 3.5.0 GA,
2026-01-24 17:59:11.384+02:00 INFO  c.m.applicationinsights.agent - Application Insights Java Agent 3.7.5 started successfully (PID 28356, JVM running for 3.475 s)
2026-01-24 17:59:11.390+02:00 INFO  c.m.applicationinsights.agent - Java version: 24.0.2, vendor: Oracle Corporation, home: C:\Users\SuperD\.jdks\openjdk-24.0.2
2026-01-24 18:00:10.635+02:00 ERROR c.a.c.h.netty.NettyAsyncHttpClient - io.netty.channel.AbstractChannel$AnnotatedSocketException: Network is unreachable: getsockopt: /169.254.169.254:80
2026-01-24 18:23:58.622+02:00 WARN  c.m.a.a.i.c.ConfigurationBuilder - "Sampling overrides" is no longer in preview and it has been GA since 3.5.0 GA,
2026-01-24 18:23:59.947+02:00 INFO  c.m.applicationinsights.agent - Application Insights Java Agent 3.7.5 started successfully (PID 48776, JVM running for 3.202 s)
2026-01-24 18:23:59.952+02:00 INFO  c.m.applicationinsights.agent - Java version: 24.0.2, vendor: Oracle Corporation, home: C:\Users\SuperD\.jdks\openjdk-24.0.2
2026-01-24 18:24:59.147+02:00 ERROR c.a.c.h.netty.NettyAsyncHttpClient - io.netty.channel.AbstractChannel$AnnotatedSocketException: Network is unreachable: getsockopt: /169.254.169.254:80
2026-01-24 18:32:37.805+02:00 WARN  c.m.a.a.i.c.ConfigurationBuilder - "Sampling overrides" is no longer in preview and it has been GA since 3.5.0 GA,
2026-01-24 18:32:39.175+02:00 INFO  c.m.applicationinsights.agent - Application Insights Java Agent 3.7.5 started successfully (PID 63628, JVM running for 4.123 s)
2026-01-24 18:32:39.182+02:00 INFO  c.m.applicationinsights.agent - Java version: 24.0.2, vendor: Oracle Corporation, home: C:\Users\SuperD\.jdks\openjdk-24.0.2
2026-01-24 18:33:38.384+02:00 ERROR c.a.c.h.netty.NettyAsyncHttpClient - io.netty.channel.AbstractChannel$AnnotatedSocketException: Network is unreachable: getsockopt: /169.254.169.254:80
2026-01-24 19:19:21.058+02:00 WARN  c.m.a.a.i.c.ConfigurationBuilder - "Sampling overrides" is no longer in preview and it has been GA since 3.5.0 GA,
2026-01-24 19:19:22.890+02:00 INFO  c.m.applicationinsights.agent - Application Insights Java Agent 3.7.5 started successfully (PID 29348, JVM running for 3.989 s)
2026-01-24 19:19:22.896+02:00 INFO  c.m.applicationinsights.agent - Java version: 24.0.2, vendor: Oracle Corporation, home: C:\Users\SuperD\.jdks\openjdk-24.0.2
2026-01-24 19:20:21.668+02:00 ERROR c.a.c.h.netty.NettyAsyncHttpClient - io.netty.channel.AbstractChannel$AnnotatedSocketException: Network is unreachable: getsockopt: /169.254.169.254:80
2026-01-24 19:59:32.789+02:00 WARN  c.m.a.a.i.c.ConfigurationBuilder - "Sampling overrides" is no longer in preview and it has been GA since 3.5.0 GA,
2026-01-24 19:59:34.207+02:00 INFO  c.m.applicationinsights.agent - Application Insights Java Agent 3.7.5 started successfully (PID 25384, JVM running for 3.2 s)
2026-01-24 19:59:34.213+02:00 INFO  c.m.applicationinsights.agent - Java version: 24.0.2, vendor: Oracle Corporation, home: C:\Users\SuperD\.jdks\openjdk-24.0.2
2026-01-24 20:00:33.356+02:00 ERROR c.a.c.h.netty.NettyAsyncHttpClient - io.netty.channel.AbstractChannel$AnnotatedSocketException: Network is unreachable: getsockopt: /169.254.169.254:80
2026-01-24 20:12:57.368+02:00 WARN  c.m.a.a.i.c.ConfigurationBuilder - "Sampling overrides" is no longer in preview and it has been GA since 3.5.0 GA,
2026-01-24 20:12:59.332+02:00 INFO  c.m.applicationinsights.agent - Application Insights Java Agent 3.7.5 started successfully (PID 18968, JVM running for 5.357 s)
2026-01-24 20:12:59.337+02:00 INFO  c.m.applicationinsights.agent - Java version: 24.0.2, vendor: Oracle Corporation, home: C:\Users\SuperD\.jdks\openjdk-24.0.2
2026-01-24 20:13:58.242+02:00 ERROR c.a.c.h.netty.NettyAsyncHttpClient - io.netty.channel.AbstractChannel$AnnotatedSocketException: Network is unreachable: getsockopt: /169.254.169.254:80
2026-01-24 20:32:30.474+02:00 WARN  c.m.a.a.i.c.ConfigurationBuilder - "Sampling overrides" is no longer in preview and it has been GA since 3.5.0 GA,
2026-01-24 20:32:32.274+02:00 INFO  c.m.applicationinsights.agent - Application Insights Java Agent 3.7.5 started successfully (PID 8424, JVM running for 4.044 s)
2026-01-24 20:32:32.279+02:00 INFO  c.m.applicationinsights.agent - Java version: 24.0.2, vendor: Oracle Corporation, home: C:\Users\SuperD\.jdks\openjdk-24.0.2
2026-01-24 20:33:31.165+02:00 ERROR c.a.c.h.netty.NettyAsyncHttpClient - io.netty.channel.AbstractChannel$AnnotatedSocketException: Network is unreachable: getsockopt: /169.254.169.254:80
2026-01-24 20:34:49.362+02:00 WARN  c.m.a.a.i.c.ConfigurationBuilder - "Sampling overrides" is no longer in preview and it has been GA since 3.5.0 GA,
2026-01-24 20:34:51.533+02:00 INFO  c.m.applicationinsights.agent - Application Insights Java Agent 3.7.5 started successfully (PID 60136, JVM running for 5.036 s)
2026-01-24 20:34:51.538+02:00 INFO  c.m.applicationinsights.agent - Java version: 24.0.2, vendor: Oracle Corporation, home: C:\Users\SuperD\.jdks\openjdk-24.0.2
2026-01-24 20:35:50.169+02:00 ERROR c.a.c.h.netty.NettyAsyncHttpClient - io.netty.channel.AbstractChannel$AnnotatedSocketException: Network is unreachable: getsockopt: /169.254.169.254:80
2026-01-24 20:47:57.369+02:00 WARN  c.m.a.a.i.c.ConfigurationBuilder - "Sampling overrides" is no longer in preview and it has been GA since 3.5.0 GA,
2026-01-24 20:47:58.688+02:00 INFO  c.m.applicationinsights.agent - Application Insights Java Agent 3.7.5 started successfully (PID 57160, JVM running for 4.549 s)
2026-01-24 20:47:58.693+02:00 INFO  c.m.applicationinsights.agent - Java version: 24.0.2, vendor: Oracle Corporation, home: C:\Users\SuperD\.jdks\openjdk-24.0.2
2026-01-24 20:48:57.907+02:00 ERROR c.a.c.h.netty.NettyAsyncHttpClient - io.netty.channel.AbstractChannel$AnnotatedSocketException: Network is unreachable: getsockopt: /169.254.169.254:80
2026-01-24 20:50:37.540+02:00 WARN  c.m.a.a.i.c.ConfigurationBuilder - "Sampling overrides" is no longer in preview and it has been GA since 3.5.0 GA,
2026-01-24 20:50:38.834+02:00 INFO  c.m.applicationinsights.agent - Application Insights Java Agent 3.7.5 started successfully (PID 16376, JVM running for 3.052 s)
2026-01-24 20:50:38.840+02:00 INFO  c.m.applicationinsights.agent - Java version: 24.0.2, vendor: Oracle Corporation, home: C:\Users\SuperD\.jdks\openjdk-24.0.2
2026-01-24 20:51:38.049+02:00 ERROR c.a.c.h.netty.NettyAsyncHttpClient - io.netty.channel.AbstractChannel$AnnotatedSocketException: Network is unreachable: getsockopt: /169.254.169.254:80
2026-01-24 20:52:49.618+02:00 WARN  c.m.a.a.i.c.ConfigurationBuilder - "Sampling overrides" is no longer in preview and it has been GA since 3.5.0 GA,
2026-01-24 20:52:50.823+02:00 INFO  c.m.applicationinsights.agent - Application Insights Java Agent 3.7.5 started successfully (PID 38928, JVM running for 2.856 s)
2026-01-24 20:52:50.823+02:00 INFO  c.m.applicationinsights.agent - Java version: 24.0.2, vendor: Oracle Corporation, home: C:\Users\SuperD\.jdks\openjdk-24.0.2
2026-01-24 20:53:50.067+02:00 ERROR c.a.c.h.netty.NettyAsyncHttpClient - io.netty.channel.AbstractChannel$AnnotatedSocketException: Network is unreachable: getsockopt: /169.254.169.254:80
2026-01-24 21:19:31.956+02:00 WARN  c.m.a.a.i.c.ConfigurationBuilder - "Sampling overrides" is no longer in preview and it has been GA since 3.5.0 GA,
2026-01-24 21:19:33.494+02:00 INFO  c.m.applicationinsights.agent - Application Insights Java Agent 3.7.5 started successfully (PID 7156, JVM running for 3.593 s)
2026-01-24 21:19:33.501+02:00 INFO  c.m.applicationinsights.agent - Java version: 24.0.2, vendor: Oracle Corporation, home: C:\Users\SuperD\.jdks\openjdk-24.0.2
2026-01-24 21:20:32.543+02:00 ERROR c.a.c.h.netty.NettyAsyncHttpClient - io.netty.channel.AbstractChannel$AnnotatedSocketException: Network is unreachable: getsockopt: /169.254.169.254:80
2026-01-24 21:41:39.916+02:00 WARN  c.m.a.a.i.c.ConfigurationBuilder - "Sampling overrides" is no longer in preview and it has been GA since 3.5.0 GA,
2026-01-24 21:41:41.332+02:00 INFO  c.m.applicationinsights.agent - Application Insights Java Agent 3.7.5 started successfully (PID 63636, JVM running for 3.506 s)
2026-01-24 21:41:41.336+02:00 INFO  c.m.applicationinsights.agent - Java version: 24.0.2, vendor: Oracle Corporation, home: C:\Users\SuperD\.jdks\openjdk-24.0.2
2026-01-24 21:42:40.479+02:00 ERROR c.a.c.h.netty.NettyAsyncHttpClient - io.netty.channel.AbstractChannel$AnnotatedSocketException: Network is unreachable: getsockopt: /169.254.169.254:80
2026-01-24 22:14:06.750+02:00 WARN  c.m.a.a.i.c.ConfigurationBuilder - "Sampling overrides" is no longer in preview and it has been GA since 3.5.0 GA,
2026-01-24 22:14:08.029+02:00 INFO  c.m.applicationinsights.agent - Application Insights Java Agent 3.7.5 started successfully (PID 61956, JVM running for 2.941 s)
2026-01-24 22:14:08.035+02:00 INFO  c.m.applicationinsights.agent - Java version: 24.0.2, vendor: Oracle Corporation, home: C:\Users\SuperD\.jdks\openjdk-24.0.2
2026-01-24 22:15:07.269+02:00 ERROR c.a.c.h.netty.NettyAsyncHttpClient - io.netty.channel.AbstractChannel$AnnotatedSocketException: Network is unreachable: getsockopt: /169.254.169.254:80
2026-01-24 23:25:10.965+02:00 WARN  c.m.a.a.i.c.ConfigurationBuilder - "Sampling overrides" is no longer in preview and it has been GA since 3.5.0 GA,
2026-01-24 23:25:12.303+02:00 INFO  c.m.applicationinsights.agent - Application Insights Java Agent 3.7.5 started successfully (PID 21176, JVM running for 3.195 s)
2026-01-24 23:25:12.308+02:00 INFO  c.m.applicationinsights.agent - Java version: 24.0.2, vendor: Oracle Corporation, home: C:\Users\SuperD\.jdks\openjdk-24.0.2
2026-01-24 23:26:11.505+02:00 ERROR c.a.c.h.netty.NettyAsyncHttpClient - io.netty.channel.AbstractChannel$AnnotatedSocketException: Network is unreachable: getsockopt: /169.254.169.254:80
2026-01-25 14:30:13.002+02:00 WARN  c.m.a.a.i.c.ConfigurationBuilder - "Sampling overrides" is no longer in preview and it has been GA since 3.5.0 GA,
2026-01-25 14:30:27.877+02:00 INFO  c.m.applicationinsights.agent - Application Insights Java Agent 3.7.5 started successfully (PID 64916, JVM running for 43.362 s)
2026-01-25 14:30:27.882+02:00 INFO  c.m.applicationinsights.agent - Java version: 24.0.2, vendor: Oracle Corporation, home: C:\Users\SuperD\.jdks\openjdk-24.0.2
2026-01-25 14:31:14.103+02:00 ERROR c.a.c.h.netty.NettyAsyncHttpClient - io.netty.channel.AbstractChannel$AnnotatedSocketException: Network is unreachable: getsockopt: /169.254.169.254:80
2026-01-25 15:56:50.043+02:00 ERROR c.a.m.o.a.i.q.QuickPulsePingSender - 
*************************
Failed to connect to https://westeurope.livediagnostics.monitor.azure.com/
*************************

Description:
Unable to resolve host in url

Action:
Please update your network configuration so that the host in this url can be resolved: https://westeurope.livediagnostics.monitor.azure.com/
Learn more about troubleshooting unknown host exception here: https://go.microsoft.com/fwlink/?linkid=2185830

Note:
This message is only logged the first time it occurs after startup.

2026-01-25 16:10:39.807+02:00 WARN  c.m.a.a.i.c.ConfigurationBuilder - "Sampling overrides" is no longer in preview and it has been GA since 3.5.0 GA,
2026-01-25 16:10:42.498+02:00 INFO  c.m.applicationinsights.agent - Application Insights Java Agent 3.7.5 started successfully (PID 23068, JVM running for 8.745 s)
2026-01-25 16:10:42.500+02:00 INFO  c.m.applicationinsights.agent - Java version: 24.0.2, vendor: Oracle Corporation, home: C:\Users\SuperD\.jdks\openjdk-24.0.2
2026-01-25 16:11:40.851+02:00 ERROR c.a.c.h.netty.NettyAsyncHttpClient - io.netty.channel.AbstractChannel$AnnotatedSocketException: Network is unreachable: getsockopt: /169.254.169.254:80
2026-02-04 10:02:38.103+02:00 WARN  c.m.a.a.i.c.ConfigurationBuilder - "Sampling overrides" is no longer in preview and it has been GA since 3.5.0 GA,
2026-02-04 10:02:40.781+02:00 INFO  c.m.applicationinsights.agent - Application Insights Java Agent 3.7.5 started successfully (PID 29640, JVM running for 8.935 s)
2026-02-04 10:02:40.783+02:00 INFO  c.m.applicationinsights.agent - Java version: 24.0.2, vendor: Oracle Corporation, home: C:\Users\SuperD\.jdks\openjdk-24.0.2
2026-02-04 10:03:39.186+02:00 ERROR c.a.c.h.netty.NettyAsyncHttpClient - io.netty.channel.AbstractChannel$AnnotatedSocketException: Network is unreachable: getsockopt: /169.254.169.254:80
2026-02-04 10:29:02.178+02:00 WARN  c.m.a.a.i.c.ConfigurationBuilder - "Sampling overrides" is no longer in preview and it has been GA since 3.5.0 GA,
2026-02-04 10:29:04.608+02:00 INFO  c.m.applicationinsights.agent - Application Insights Java Agent 3.7.5 started successfully (PID 39316, JVM running for 21.119 s)
2026-02-04 10:29:04.610+02:00 INFO  c.m.applicationinsights.agent - Java version: 24.0.2, vendor: Oracle Corporation, home: C:\Users\SuperD\.jdks\openjdk-24.0.2
2026-02-04 10:30:03.098+02:00 ERROR c.a.c.h.netty.NettyAsyncHttpClient - io.netty.channel.AbstractChannel$AnnotatedSocketException: Network is unreachable: getsockopt: /169.254.169.254:80
2026-02-04 11:19:15.106+02:00 WARN  c.m.a.a.i.c.ConfigurationBuilder - "Sampling overrides" is no longer in preview and it has been GA since 3.5.0 GA,
2026-02-04 11:19:17.782+02:00 INFO  c.m.applicationinsights.agent - Application Insights Java Agent 3.7.5 started successfully (PID 27072, JVM running for 20.507 s)
2026-02-04 11:19:17.785+02:00 INFO  c.m.applicationinsights.agent - Java version: 24.0.2, vendor: Oracle Corporation, home: C:\Users\SuperD\.jdks\openjdk-24.0.2
2026-02-04 11:22:37.414+02:00 WARN  c.m.a.a.i.c.ConfigurationBuilder - "Sampling overrides" is no longer in preview and it has been GA since 3.5.0 GA,
2026-02-04 11:22:41.068+02:00 INFO  c.m.applicationinsights.agent - Application Insights Java Agent 3.7.5 started successfully (PID 39928, JVM running for 11.444 s)
2026-02-04 11:22:41.069+02:00 INFO  c.m.applicationinsights.agent - Java version: 24.0.2, vendor: Oracle Corporation, home: C:\Users\SuperD\.jdks\openjdk-24.0.2
2026-02-04 11:24:22.804+02:00 WARN  c.m.a.a.i.c.ConfigurationBuilder - "Sampling overrides" is no longer in preview and it has been GA since 3.5.0 GA,
2026-02-04 11:24:24.698+02:00 INFO  c.m.applicationinsights.agent - Application Insights Java Agent 3.7.5 started successfully (PID 42384, JVM running for 4.447 s)
2026-02-04 11:24:24.699+02:00 INFO  c.m.applicationinsights.agent - Java version: 24.0.2, vendor: Oracle Corporation, home: C:\Users\SuperD\.jdks\openjdk-24.0.2
2026-02-04 11:48:33.801+02:00 WARN  c.m.a.a.i.c.ConfigurationBuilder - "Sampling overrides" is no longer in preview and it has been GA since 3.5.0 GA,
2026-02-04 11:48:37.344+02:00 INFO  c.m.applicationinsights.agent - Application Insights Java Agent 3.7.5 started successfully (PID 24188, JVM running for 10.703 s)
2026-02-04 11:48:37.347+02:00 INFO  c.m.applicationinsights.agent - Java version: 24.0.2, vendor: Oracle Corporation, home: C:\Users\SuperD\.jdks\openjdk-24.0.2
2026-02-04 11:49:34.972+02:00 ERROR c.a.c.h.netty.NettyAsyncHttpClient - io.netty.channel.AbstractChannel$AnnotatedSocketException: Network is unreachable: getsockopt: /169.254.169.254:80
2026-02-04 13:19:28.149+02:00 WARN  c.m.a.a.i.c.ConfigurationBuilder - "Sampling overrides" is no longer in preview and it has been GA since 3.5.0 GA,
2026-02-04 13:19:29.891+02:00 INFO  c.m.applicationinsights.agent - Application Insights Java Agent 3.7.5 started successfully (PID 32752, JVM running for 3.461 s)
2026-02-04 13:19:29.894+02:00 INFO  c.m.applicationinsights.agent - Java version: 24.0.2, vendor: Oracle Corporation, home: C:\Users\SuperD\.jdks\openjdk-24.0.2
2026-02-04 13:20:33.646+02:00 WARN  c.m.a.a.i.c.ConfigurationBuilder - "Sampling overrides" is no longer in preview and it has been GA since 3.5.0 GA,
2026-02-04 13:20:35.139+02:00 INFO  c.m.applicationinsights.agent - Application Insights Java Agent 3.7.5 started successfully (PID 29156, JVM running for 2.854 s)
2026-02-04 13:20:35.140+02:00 INFO  c.m.applicationinsights.agent - Java version: 24.0.2, vendor: Oracle Corporation, home: C:\Users\SuperD\.jdks\openjdk-24.0.2
